split0_test_score,split1_test_score,split2_test_score,mean_test_score,std_test_score,rank_test_score,mean_fit_time,std_fit_time,mean_score_time,std_score_time,param_max_depth,param_min_child_weight,params,experiment_name,run_number,iter_num,param_reg_alpha,param_reg_lambda,param_colsample_bytree,param_subsample
0.6476975487808199,0.6322526501204273,0.6870907646063898,0.6556803211692124,0.023088210430831643,62,0.3846011161804199,0.013762811569131393,0.015705267588297527,0.0008301230120126803,5.0,10.0,"OrderedDict([('max_depth', 5), ('min_child_weight', 10)])",BO for 1 group,3,1,,,,
0.6318750131659945,0.6186681465824142,0.6869997428434822,0.6458476341972971,0.029594226528831574,143,0.5427079200744629,0.007499757713019914,0.015621582667032875,0.0008347773497280264,8.0,17.0,"OrderedDict([('max_depth', 8), ('min_child_weight', 17)])",BO for 1 group,3,2,,,,
0.6242301016446842,0.6218084628963418,0.6748484626983979,0.6402956757464746,0.024452503595959497,205,1.5079293251037598,0.028520444848560526,0.016028165817260742,0.0009267666190457319,14.0,14.0,"OrderedDict([('max_depth', 14), ('min_child_weight', 14)])",BO for 1 group,3,3,,,,
0.6118513834303871,0.6251625806746209,0.6526691777235875,0.6298943806095317,0.01699638257019262,230,4.6863315900166835,0.17993362021083262,0.019237438837687176,0.00017056116252763914,18.0,6.0,"OrderedDict([('max_depth', 18), ('min_child_weight', 6)])",BO for 1 group,3,4,,,,
0.6354982697996563,0.6133871044718697,0.6901391542680326,0.6463415095131863,0.032258344373634264,138,0.576167106628418,0.01788371279933215,0.01636536916097005,0.0002566869780868526,8.0,13.0,"OrderedDict([('max_depth', 8), ('min_child_weight', 13)])",BO for 1 group,3,5,,,,
0.6202515088179044,0.6178409190349543,0.6827842669415586,0.6402922315981391,0.0300625185959219,206,1.4561264514923096,0.023664733285923115,0.017208576202392578,0.0007706838435819768,14.0,15.0,"OrderedDict([('max_depth', 14), ('min_child_weight', 15)])",BO for 1 group,3,6,,,,
0.6270330068404459,0.6266579342263765,0.6788870846942412,0.6441926752536878,0.02453313004473777,171,0.6089536348978678,0.006012070558534781,0.01623709996541341,8.255512749199088e-05,9.0,19.0,"OrderedDict([('max_depth', 9), ('min_child_weight', 19)])",BO for 1 group,3,7,,,,
0.6344499549221071,0.6250045541988856,0.6805971407836359,0.6466838833015428,0.024288346636341385,134,0.6302388509114584,0.005459694290140271,0.016623417536417644,0.00014266974325342877,9.0,17.0,"OrderedDict([('max_depth', 9), ('min_child_weight', 17)])",BO for 1 group,3,8,,,,
0.6239370642803129,0.6268839829863568,0.687784996141676,0.6462020144694486,0.029428210456743775,140,1.5260643164316814,0.03584511807403837,0.017373005549112957,0.00033486720980132755,13.0,10.0,"OrderedDict([('max_depth', 13), ('min_child_weight', 10)])",BO for 1 group,3,9,,,,
0.3776982897807648,0.3707773501472197,0.40113506526967213,0.3832035683992189,0.012990478214551408,242,0.2704032262166341,0.011973844413669069,0.014930963516235353,3.912825888788055e-05,1.0,1.0,"OrderedDict([('max_depth', 1), ('min_child_weight', 1)])",BO for 1 group,3,10,,,,
0.3776982897807648,0.3707773501472197,0.40167337287196136,0.3833830042666486,0.013238278819178157,241,0.2714216709136963,0.012103180478428344,0.014942646026611328,0.0001939265124511676,1.0,8.0,"OrderedDict([('max_depth', 1), ('min_child_weight', 8)])",BO for 1 group,3,11,,,,
0.6299162772205187,0.6327456283608033,0.6770086984705073,0.6465568680172764,0.021563654458880508,135,3.0951240857442217,0.07215613893412344,0.016618887583414715,0.00036809158832321097,20.0,20.0,"OrderedDict([('max_depth', 20), ('min_child_weight', 20)])",BO for 1 group,3,12,,,,
0.6322918416955171,0.6616333693194419,0.6897358938360614,0.6612203682836735,0.023453254343808447,21,0.5462042490641276,0.005806497328692159,0.01422882080078125,0.0002982813670819677,6.0,1.0,"OrderedDict([('max_depth', 6), ('min_child_weight', 1)])",BO for 1 group,3,13,,,,
0.5487086595253725,0.5701707381525922,0.6524847177804542,0.5904547051528063,0.044728417921867526,235,3.0077109336853027,0.055139647157511816,0.015118201573689781,0.00010040438926852183,11.0,1.0,"OrderedDict([('max_depth', 11), ('min_child_weight', 1)])",BO for 1 group,3,14,,,,
0.523146610511956,0.5214888982816738,0.6408322690213385,0.5618225926049895,0.05587237676480061,238,14.013310352961224,0.4369125607334399,0.018085718154907227,0.0001788757005614096,16.0,1.0,"OrderedDict([('max_depth', 16), ('min_child_weight', 1)])",BO for 1 group,3,15,,,,
0.5137993504668332,0.5102066107623247,0.6349086412249857,0.5529715341513812,0.05795684648276155,239,26.65128072102864,0.2605104967010705,0.02160930633544922,0.00014736094150751323,19.0,1.0,"OrderedDict([('max_depth', 19), ('min_child_weight', 1)])",BO for 1 group,3,16,,,,
0.599499003149647,0.6557801968888907,0.6955456166041938,0.6502749388809105,0.03940362832974145,93,0.7245239416758219,0.01396128788187008,0.013927539189656576,0.00047208975147057167,7.0,1.0,"OrderedDict([('max_depth', 7), ('min_child_weight', 1)])",BO for 1 group,3,17,,,,
0.6254648153975877,0.6298894690085138,0.6909413736516188,0.6487652193525734,0.029877699414857132,108,0.3541297912597656,0.010771985188331478,0.013287782669067385,0.00045170965459107374,4.0,1.0,"OrderedDict([('max_depth', 4), ('min_child_weight', 1)])",BO for 1 group,3,18,,,,
0.6249624708004873,0.6316244524987435,0.6787042460028518,0.6450970564340276,0.023919000718719337,153,1.8103953202565508,0.051217695520945634,0.015073696772257488,0.00015799872098361668,17.0,20.0,"OrderedDict([('max_depth', 17), ('min_child_weight', 20)])",BO for 1 group,3,19,,,,
0.5565879569965235,0.5852029778239931,0.6705918655337932,0.6041276001181033,0.048427463194449134,234,2.0743367671966557,0.028919189828317426,0.014879624048868816,0.00014360589616071382,10.0,1.0,"OrderedDict([('max_depth', 10), ('min_child_weight', 1)])",BO for 1 group,3,20,,,,
0.6276590639597188,0.5822667626755634,0.6770088362663919,0.6289782209672247,0.03868953569533004,231,0.313631534576416,0.01118496408853233,0.013137340545654295,0.0003046600135842981,3.0,20.0,"OrderedDict([('max_depth', 3), ('min_child_weight', 20)])",BO for 1 group,3,21,,,,
0.6260627457571579,0.6405331998749071,0.6780498120916731,0.6482152525745793,0.02190774926485646,118,0.9621600310007732,0.022494984187220797,0.014552752176920572,0.00022885553663652764,12.0,20.0,"OrderedDict([('max_depth', 12), ('min_child_weight', 20)])",BO for 1 group,3,22,,,,
0.6321391407160495,0.6324729142191813,0.680474173554607,0.6483620761632792,0.02270709067436041,113,1.425760269165039,0.02989914234322435,0.015240192413330078,0.00030906889895587503,15.0,20.0,"OrderedDict([('max_depth', 15), ('min_child_weight', 20)])",BO for 1 group,3,23,,,,
0.642672171807812,0.6175659010452879,0.6845512747877552,0.6482631158802851,0.027630949622607984,116,0.4094927310943604,0.014006474789779046,0.01372051239013672,0.00019792935490097976,6.0,20.0,"OrderedDict([('max_depth', 6), ('min_child_weight', 20)])",BO for 1 group,3,24,,,,
0.6356803112307212,0.6196574739322207,0.6877270302723619,0.6476882718117679,0.029057522985426614,126,0.3692082564036052,0.013654086838038721,0.013318856557210287,0.00025703073410383165,5.0,20.0,"OrderedDict([('max_depth', 5), ('min_child_weight', 20)])",BO for 1 group,3,25,,,,
0.5298606777445607,0.5470503846983648,0.6439807981472858,0.573630620196737,0.05023764962352982,236,4.168149709701538,0.21516778460471472,0.015837033589680992,0.00016823921998558697,12.0,1.0,"OrderedDict([('max_depth', 12), ('min_child_weight', 1)])",BO for 1 group,3,26,,,,
0.6247118042017905,0.6329468474609472,0.6757298068813038,0.6444628195146805,0.02236324899783096,164,2.0575203895568848,0.06350800287499682,0.015563408533732098,0.00014883970304989323,18.0,20.0,"OrderedDict([('max_depth', 18), ('min_child_weight', 20)])",BO for 1 group,3,27,,,,
0.6137257085212422,0.6262767552008631,0.6778145558425941,0.6392723398548997,0.0277309574677839,210,3.824866930643717,0.0920729331659875,0.016334136327107746,0.00031997137313828416,20.0,13.0,"OrderedDict([('max_depth', 20), ('min_child_weight', 13)])",BO for 1 group,3,28,,,,
0.6353644147524011,0.6304591545492735,0.6770451257352129,0.6476228983456291,0.020900813267085656,129,1.1129311720530193,0.03615241589602483,0.014785051345825197,0.0002471728848245844,13.0,20.0,"OrderedDict([('max_depth', 13), ('min_child_weight', 20)])",BO for 1 group,3,29,,,,
0.6408402338133067,0.6492630867002924,0.6881411087397704,0.6594148097511231,0.02060155824005905,42,0.4152156511942546,0.009972956908631191,0.01321697235107422,0.00011732342246795801,5.0,4.0,"OrderedDict([('max_depth', 5), ('min_child_weight', 4)])",BO for 1 group,3,30,,,,
0.6225455724867397,0.6120129752850281,0.6877873324345917,0.6407819600687864,0.03351479946122685,199,0.9901143709818522,0.02312698168077234,0.014345804850260416,0.0001378664696294844,11.0,12.0,"OrderedDict([('max_depth', 11), ('min_child_weight', 12)])",BO for 1 group,3,31,,,,
0.61418254978994,0.6232542972421684,0.6697876542729436,0.6357415004350173,0.024357471048613397,223,2.448683182398478,0.073285229920381,0.015273014704386391,9.0671462971114e-05,17.0,12.0,"OrderedDict([('max_depth', 17), ('min_child_weight', 12)])",BO for 1 group,3,32,,,,
0.630758323293388,0.6565366094556929,0.698999897887402,0.6620982768788276,0.028135709625098183,7,0.4217696984608968,0.013618012820077364,0.013576825459798178,0.00034250820261867937,5.0,1.0,"OrderedDict([('max_depth', 5), ('min_child_weight', 1)])",BO for 1 group,3,33,,,,
0.6420151796315281,0.6274755656639202,0.6890061858543655,0.6528323103832713,0.026258484895749275,73,0.4687530994415283,0.014723531912169975,0.013586680094401041,0.00016208867222738214,6.0,7.0,"OrderedDict([('max_depth', 6), ('min_child_weight', 7)])",BO for 1 group,3,34,,,,
0.6414044088864619,0.6104328707624394,0.6927874093244766,0.6482082296577926,0.033963573509058334,121,0.4201184908548991,0.02023538322780546,0.01338505744934082,0.0002717022841692596,6.0,15.0,"OrderedDict([('max_depth', 6), ('min_child_weight', 15)])",BO for 1 group,3,35,,,,
0.6183149842181914,0.6229215208722787,0.680911004567391,0.6407158365526203,0.028484424911263236,201,2.8686624368031817,0.0617791948845724,0.016103823979695637,0.0002512788808727371,19.0,15.0,"OrderedDict([('max_depth', 19), ('min_child_weight', 15)])",BO for 1 group,3,36,,,,
0.6294677855046763,0.6420033315618601,0.6927098632139539,0.6547269934268302,0.027341162821981384,67,0.8170928160349528,0.04747148419001795,0.014206806818644203,0.00030711430864556764,9.0,7.0,"OrderedDict([('max_depth', 9), ('min_child_weight', 7)])",BO for 1 group,3,37,,,,
0.6344916427437061,0.6124411896933134,0.6808230007678573,0.6425852777349589,0.02849734744366428,183,0.3373733361562093,0.01158678505311673,0.013947804768880207,9.845702676544965e-05,4.0,15.0,"OrderedDict([('max_depth', 4), ('min_child_weight', 15)])",BO for 1 group,3,38,,,,
0.6122350604535032,0.6377716193229859,0.6812040122935377,0.6437368973566756,0.02847065724557672,173,2.260057051976522,0.06716007406994867,0.015331506729125975,0.00011923996212859498,15.0,9.0,"OrderedDict([('max_depth', 15), ('min_child_weight', 9)])",BO for 1 group,3,39,,,,
0.6315102461961098,0.645023676402485,0.6865883684773484,0.6543740970253145,0.023437472316422996,69,0.6954305171966553,0.04106135773932198,0.01510500907897949,0.001425955670436066,8.0,6.0,"OrderedDict([('max_depth', 8), ('min_child_weight', 6)])",BO for 1 group,3,40,,,,
0.6182018527052106,0.6320626704810884,0.6750164632739466,0.6417603288200818,0.024186889375088727,190,5.228068272272746,0.207349842650414,0.01694663365681966,0.0001980715907031436,20.0,8.0,"OrderedDict([('max_depth', 20), ('min_child_weight', 8)])",BO for 1 group,3,41,,,,
0.6391667190801685,0.6527272344978459,0.6544562738202793,0.6487834091327646,0.006836565410613954,106,0.5152827103932699,0.008576186479020495,0.013682047526041666,0.00010805041857220798,6.0,3.0,"OrderedDict([('max_depth', 6), ('min_child_weight', 3)])",BO for 1 group,3,42,,,,
0.6176685397468821,0.6263699184128888,0.6750141354080192,0.63968419785593,0.02523333593018306,208,1.263720194498698,0.06294713647054374,0.014537811279296875,0.0003303109081714491,11.0,7.0,"OrderedDict([('max_depth', 11), ('min_child_weight', 7)])",BO for 1 group,3,43,,,,
0.6329420839223552,0.6324979886873374,0.6871145370779661,0.6508515365625529,0.02564245450979144,85,0.7205682595570883,0.010671395702693955,0.014189799626668297,0.0002795660468644922,10.0,20.0,"OrderedDict([('max_depth', 10), ('min_child_weight', 20)])",BO for 1 group,3,44,,,,
0.6314204401030901,0.6250525493494204,0.6792627625771318,0.6452452506765475,0.02419408805324787,150,0.5251514116923014,0.0072215782029665205,0.013824780782063804,0.00024220459351886474,8.0,20.0,"OrderedDict([('max_depth', 8), ('min_child_weight', 20)])",BO for 1 group,3,45,,,,
0.6381803098000601,0.6223126109938582,0.69487582527178,0.6517895820218994,0.0311476508947518,81,0.7410871982574463,0.025146993110084788,0.014099438985188803,0.0004146349901589749,9.0,10.0,"OrderedDict([('max_depth', 9), ('min_child_weight', 10)])",BO for 1 group,3,46,,,,
0.6392792879013539,0.629230607886094,0.7043380157589654,0.657615970515471,0.03329120130318337,54,0.345379908879598,0.00820783704177755,0.01329620679219564,0.0001843325997115866,4.0,7.0,"OrderedDict([('max_depth', 4), ('min_child_weight', 7)])",BO for 1 group,3,47,,,,
0.6458175303053308,0.6408861255097209,0.6960834431138765,0.6609290329763094,0.02493931437716696,33,0.3996249039967855,0.005808994339945806,0.014589309692382812,0.0013406855811914226,5.0,7.0,"OrderedDict([('max_depth', 5), ('min_child_weight', 7)])",BO for 1 group,3,48,,,,
0.608809176104343,0.6320795100321658,0.6773611528824413,0.6394166130063167,0.02846305429952075,209,3.6713381608327236,0.1606646728029204,0.016264041264851887,0.0002179304347171429,19.0,10.0,"OrderedDict([('max_depth', 19), ('min_child_weight', 10)])",BO for 1 group,3,49,,,,
0.3748992046936837,0.36946683903536814,0.3987291227963602,0.3810317221751373,0.012708950670622023,243,0.2630600134531657,0.009756685804394436,0.013289928436279295,0.0009677405916156528,1.0,20.0,"OrderedDict([('max_depth', 1), ('min_child_weight', 20)])",BO for 1 group,3,50,,,,
0.6331149598428774,0.6101220158999939,0.6811939358699738,0.6414769705376151,0.02961133644624398,193,0.33485913276672363,0.009743867893190207,0.013152122497558594,0.0003221426461652253,4.0,20.0,"OrderedDict([('max_depth', 4), ('min_child_weight', 20)])",BO for 1 group,3,51,,,,
0.640237871666802,0.6309024269412961,0.6850196385255584,0.6520533123778854,0.02362021206243786,79,0.5291558901468912,0.028285377555031774,0.01385013262430827,0.00035895173204520217,7.0,9.0,"OrderedDict([('max_depth', 7), ('min_child_weight', 9)])",BO for 1 group,3,52,,,,
0.6381234805925138,0.618013506743518,0.6938954253504865,0.6500108042288394,0.0320987823267977,100,0.3424837589263916,0.009620225073959193,0.013786236445109049,0.0005765999861803183,4.0,10.0,"OrderedDict([('max_depth', 4), ('min_child_weight', 10)])",BO for 1 group,3,53,,,,
0.6320745363000428,0.6352597314447037,0.6790944624845592,0.6488095767431019,0.02145409199985299,103,0.8274676005045573,0.00824030078076987,0.01467593510945638,0.00023989272031520328,11.0,20.0,"OrderedDict([('max_depth', 11), ('min_child_weight', 20)])",BO for 1 group,3,54,,,,
0.6552708867428935,0.6292616447245607,0.7004648169466036,0.6616657828046858,0.029418179813978075,20,0.3474485079447429,0.009580656992463452,0.013322909673055014,0.0003132464678860292,4.0,5.0,"OrderedDict([('max_depth', 4), ('min_child_weight', 5)])",BO for 1 group,3,55,,,,
0.6255919010300123,0.6280000913890798,0.6808433328484205,0.6448117750891708,0.02549712024418945,156,2.476135730743408,0.0649275708348369,0.016221125920613606,0.0003803350706846916,19.0,20.0,"OrderedDict([('max_depth', 19), ('min_child_weight', 20)])",BO for 1 group,3,56,,,,
0.6214001408484914,0.6331162444404357,0.6742584822633589,0.642924955850762,0.02266655655263908,178,2.249794324239095,0.10344024359755642,0.015024344126383463,8.472962327495305e-05,14.0,7.0,"OrderedDict([('max_depth', 14), ('min_child_weight', 7)])",BO for 1 group,3,57,,,,
0.5920094044046746,0.6284695067696588,0.6855497874233132,0.6353428995325489,0.03849574400608559,224,1.0066812038421629,0.0175348486215001,0.014242808024088541,0.00016040737900648082,8.0,1.0,"OrderedDict([('max_depth', 8), ('min_child_weight', 1)])",BO for 1 group,3,58,,,,
0.6398733262010496,0.6189634642573336,0.6753021401213702,0.6447129768599179,0.02325336195625854,158,1.8098189830780032,0.042643669396191235,0.014964342117309569,0.00014448493748166986,16.0,16.0,"OrderedDict([('max_depth', 16), ('min_child_weight', 16)])",BO for 1 group,3,59,,,,
0.6289123411527378,0.6279189161616827,0.6748148544965533,0.6438820372703246,0.02187656446926204,172,1.0408318837483723,0.023958676597985017,0.014660437901814781,0.0003975258975453313,12.0,16.0,"OrderedDict([('max_depth', 12), ('min_child_weight', 16)])",BO for 1 group,3,60,,,,
0.6332510969942892,0.6358504919641212,0.6741888892799481,0.6477634927461196,0.018715686825581338,122,1.6009360949198406,0.04173140722775489,0.015026728312174482,0.0002599606926051656,16.0,20.0,"OrderedDict([('max_depth', 16), ('min_child_weight', 20)])",BO for 1 group,3,61,,,,
0.6249095061869823,0.6217557006324679,0.6823626996010379,0.6430093021401627,0.027856824910652646,177,0.7651677926381429,0.010979538917972024,0.014175732930501303,0.0003219469186172949,10.0,15.0,"OrderedDict([('max_depth', 10), ('min_child_weight', 15)])",BO for 1 group,3,62,,,,
0.6500638337671687,0.6311182941830902,0.6949139143553811,0.6586986807685467,0.026750585356146345,46,0.34399573008219403,0.009616547765999576,0.013074080149332682,8.672983543227215e-05,4.0,4.0,"OrderedDict([('max_depth', 4), ('min_child_weight', 4)])",BO for 1 group,3,63,,,,
0.6315325169023571,0.6168904513516493,0.6841636703159282,0.6441955461899782,0.028886972040561974,169,0.4543032646179199,0.007467979397547388,0.013725757598876951,0.00016708952822595997,7.0,20.0,"OrderedDict([('max_depth', 7), ('min_child_weight', 20)])",BO for 1 group,3,64,,,,
0.6548456981503876,0.6403059106598581,0.6946529977705134,0.6632682021935864,0.022972525621149605,1,0.3974090417226155,0.006685185946004098,0.013646443684895834,0.0005308826169423613,5.0,6.0,"OrderedDict([('max_depth', 5), ('min_child_weight', 6)])",BO for 1 group,3,65,,,,
0.6214569676127777,0.6375273654452687,0.6749779646649898,0.6446540992410121,0.02242345546241358,159,2.8306287129720054,0.1315900172394841,0.015186627705891928,5.661335496964172e-05,16.0,8.0,"OrderedDict([('max_depth', 16), ('min_child_weight', 8)])",BO for 1 group,3,66,,,,
0.6329639878538544,0.6370923111799254,0.6803293737395936,0.6501285575911244,0.021421604910251548,97,1.2584416071573894,0.026502996412428224,0.014822800954182943,0.0002631697880395467,14.0,20.0,"OrderedDict([('max_depth', 14), ('min_child_weight', 20)])",BO for 1 group,3,67,,,,
0.6186603151344411,0.628437874274119,0.6755314751366495,0.6408765548484031,0.024827710202124355,197,0.5937155882517496,0.010080224769940709,0.01369770367940267,0.00035158629658475933,7.0,5.0,"OrderedDict([('max_depth', 7), ('min_child_weight', 5)])",BO for 1 group,3,68,,,,
0.6505976117533961,0.6306770914377351,0.6840390715902709,0.6551045915938007,0.02201680997043344,64,0.4288443724314372,0.017100191698050004,0.013525009155273438,0.00014842062421907285,6.0,11.0,"OrderedDict([('max_depth', 6), ('min_child_weight', 11)])",BO for 1 group,3,69,,,,
0.661203851422018,0.6193846101124603,0.6897454200553628,0.6567779605299471,0.02889466244362673,58,0.3701786200205485,0.010614925356807458,0.01314107577006022,0.00013125187596012668,5.0,13.0,"OrderedDict([('max_depth', 5), ('min_child_weight', 13)])",BO for 1 group,3,70,,,,
0.6466836698822764,0.6307429535016048,0.6905809442286058,0.6560025225374956,0.025301871402044956,59,0.3908824920654297,0.00989106533448546,0.013213713963826498,0.00013427268329333059,5.0,8.0,"OrderedDict([('max_depth', 5), ('min_child_weight', 8)])",BO for 1 group,3,71,,,,
0.6300579574366858,0.6319224973000067,0.6843499336143708,0.6487767961170211,0.025165521529525118,107,0.9646903673807778,0.04273916672304304,0.014416138331095375,0.000193264236870292,10.0,8.0,"OrderedDict([('max_depth', 10), ('min_child_weight', 8)])",BO for 1 group,3,72,,,,
0.6239794294551689,0.631474185474099,0.6781175174957542,0.6445237108083407,0.023950653822102663,162,3.3311065038045253,0.04481752170260274,0.016359647115071613,0.0003149672362125232,20.0,17.0,"OrderedDict([('max_depth', 20), ('min_child_weight', 17)])",BO for 1 group,3,73,,,,
0.6254976712602421,0.6289508125032429,0.6886537773701661,0.647700753711217,0.02899245483706475,124,0.6307295163472494,0.024512574622740445,0.013871113459269205,0.0003322097100385848,8.0,9.0,"OrderedDict([('max_depth', 8), ('min_child_weight', 9)])",BO for 1 group,3,74,,,,
0.6236966862815905,0.6529270355105268,0.6839913378714801,0.6535383532211991,0.024618983658877044,70,0.41095821062723803,0.01140688390978668,0.01331345240275065,7.595975852733398e-05,5.0,3.0,"OrderedDict([('max_depth', 5), ('min_child_weight', 3)])",BO for 1 group,3,75,,,,
0.6241628239337351,0.6266457501090581,0.6664707400289935,0.6390931046905955,0.019385431267487933,211,0.9386533101399741,0.0432725808151029,0.014199018478393556,0.0002793934138414066,9.0,5.0,"OrderedDict([('max_depth', 9), ('min_child_weight', 5)])",BO for 1 group,3,76,,,,
0.6379727857176856,0.6220997185668821,0.6924643912847854,0.6508456318564511,0.030133916854143638,88,0.3649191061655681,0.00915014252610682,0.013098557790120443,0.00010555461844912383,5.0,17.0,"OrderedDict([('max_depth', 5), ('min_child_weight', 17)])",BO for 1 group,3,77,,,,
0.6220886667552457,0.6306435341416259,0.6751744363139953,0.6426355457369556,0.0232720288327434,182,1.4401463667551675,0.05388039113522758,0.014882802963256838,0.0001566612665050141,12.0,8.0,"OrderedDict([('max_depth', 12), ('min_child_weight', 8)])",BO for 1 group,3,78,,,,
0.6458344098339754,0.6352800848266801,0.7015152789173248,0.6608765911926601,0.029057135085632207,36,0.34596888224283856,0.011461843772936058,0.0133363405863444,0.00013459066082294755,4.0,6.0,"OrderedDict([('max_depth', 4), ('min_child_weight', 6)])",BO for 1 group,3,79,,,,
0.6173985012975411,0.6211634673765684,0.6742486666056358,0.6376035450932485,0.02595756075324081,218,2.220062017440796,0.06479149743725071,0.015549977620442709,6.237105775140514e-05,18.0,17.0,"OrderedDict([('max_depth', 18), ('min_child_weight', 17)])",BO for 1 group,3,80,,,,
0.6397243849320604,0.6232287943119375,0.6881863420306854,0.6503798404248945,0.027568397368825284,92,0.4739445845286052,0.010335196929368694,0.013725598653157551,0.000414457645709844,7.0,15.0,"OrderedDict([('max_depth', 7), ('min_child_weight', 15)])",BO for 1 group,3,81,,,,
0.6275584478412188,0.6207443359241993,0.6774605423268316,0.6419211086974166,0.025283677703597813,188,1.858359813690185,0.04979792832841833,0.015047788619995115,6.237855082857091e-05,15.0,12.0,"OrderedDict([('max_depth', 15), ('min_child_weight', 12)])",BO for 1 group,3,82,,,,
0.5839005600922784,0.6182149803092379,0.6463584081172119,0.6161579828395761,0.025539761470030328,233,7.601101557413738,0.20544084448024386,0.01729313532511393,0.00022571624125547265,20.0,5.0,"OrderedDict([('max_depth', 20), ('min_child_weight', 5)])",BO for 1 group,3,83,,,,
0.6501905579293316,0.6188700394333055,0.6871698112982196,0.6520768028869522,0.027915147014120487,78,0.3784604072570801,0.013042128878551905,0.013289133707682293,0.00035924067463568925,5.0,11.0,"OrderedDict([('max_depth', 5), ('min_child_weight', 11)])",BO for 1 group,3,84,,,,
0.6339903310427164,0.624550498004796,0.6746947314091718,0.6444118534855614,0.021757253709175868,168,0.8711163202921549,0.0097365038605193,0.01414767901102702,0.00030959821207803933,11.0,17.0,"OrderedDict([('max_depth', 11), ('min_child_weight', 17)])",BO for 1 group,3,85,,,,
0.6360789470907859,0.6269325757526747,0.6788137298243877,0.6472750842226161,0.02261162904288065,132,0.8456406593322754,0.01358527559654587,0.014069000879923502,0.00015347223678001314,10.0,11.0,"OrderedDict([('max_depth', 10), ('min_child_weight', 11)])",BO for 1 group,3,86,,,,
0.6232658809481473,0.5957039306003037,0.6768043259338179,0.6319247124940897,0.033670462363114134,228,0.3063019911448161,0.0115861151222605,0.012934366861979166,5.5913209372898425e-05,3.0,15.0,"OrderedDict([('max_depth', 3), ('min_child_weight', 15)])",BO for 1 group,3,87,,,,
0.6341858211107523,0.6057486310947182,0.6817312175762186,0.640555223260563,0.03134501900796128,203,0.3104384740193685,0.012287739234235616,0.01897176106770833,0.008133090162791864,3.0,6.0,"OrderedDict([('max_depth', 3), ('min_child_weight', 6)])",BO for 1 group,3,88,,,,
0.6202783463033904,0.6106857907160069,0.6809201924873403,0.6372947765022459,0.031095411993611512,219,1.2811106046040852,0.01947889186868117,0.014764785766601562,0.0002984972680461896,13.0,14.0,"OrderedDict([('max_depth', 13), ('min_child_weight', 14)])",BO for 1 group,3,89,,,,
0.6468893924237775,0.6459529269275646,0.7047504671820963,0.6658642621778128,0.02749935692136301,94,0.5675481160481771,0.009088823666976328,0.01294255256652832,8.828207841221365e-05,,,"OrderedDict([('reg_alpha', 0.9645057683643521), ('reg_lambda', 0.9179126576830893)])",random search for 2 group,3,90,0.964505768364352,0.9179126576830892,,
0.659535816377365,0.6517483093158114,0.6904162599644873,0.6672334618858878,0.01669816180748189,34,0.5662554899851481,0.006084658749223103,0.013037363688151041,0.00013807082283961178,,,"OrderedDict([('reg_alpha', 0.9034342808641792), ('reg_lambda', 0.07405106130946205)])",random search for 2 group,3,91,0.9034342808641792,0.07405106130946205,,
0.6647586276147044,0.6503645322795417,0.7013650550642778,0.6721627383195079,0.021469031534993792,1,0.576988935470581,0.007222959915847125,0.01341867446899414,0.00017190304716494187,,,"OrderedDict([('reg_alpha', 0.5755212669552443), ('reg_lambda', 0.8197825120680087)])",random search for 2 group,3,92,0.5755212669552443,0.8197825120680087,,
0.6436377646106888,0.6390525224547039,0.6820320314921677,0.6549074395191868,0.01927111359319576,318,0.5769732793172201,0.009954381527751844,0.013258377710978191,0.00037568899593048657,,,"OrderedDict([('reg_alpha', 0.8976625834563875), ('reg_lambda', 0.5875112236380298)])",random search for 2 group,3,93,0.8976625834563875,0.5875112236380298,,
0.6519937335490571,0.6444648249656997,0.6948995597722916,0.6637860394290162,0.02221425184016933,170,0.5726598103841146,0.002650351223206732,0.0129546324412028,0.000100099529276132,,,"OrderedDict([('reg_alpha', 0.7775418801960672), ('reg_lambda', 0.7889186196009089)])",random search for 2 group,3,94,0.7775418801960672,0.7889186196009089,,
0.6495193362878229,0.6512241389103552,0.6920316566769908,0.664258377291723,0.01965100292359242,152,0.5773362318674723,0.009399361836392091,0.013111114501953123,0.0002224732806652736,,,"OrderedDict([('reg_alpha', 0.11106836602985662), ('reg_lambda', 0.1383368563998433)])",random search for 2 group,3,95,0.11106836602985662,0.1383368563998433,,
0.6563422388507276,0.6486427502399963,0.6958968627057212,0.6669606172654817,0.020701050800221547,55,0.5712896188100179,0.005241902676162825,0.0129545529683431,0.00014047425390916832,,,"OrderedDict([('reg_alpha', 0.5081432224683426), ('reg_lambda', 0.30616908094478995)])",random search for 2 group,3,96,0.5081432224683426,0.30616908094478995,,
0.6468288882038291,0.6331025371445267,0.6869029230888473,0.6556114494790677,0.02282499242576657,315,0.5718955198923746,0.00920926564953633,0.013015031814575195,0.00014846198123443308,,,"OrderedDict([('reg_alpha', 0.5612567994484918), ('reg_lambda', 0.6731191022640833)])",random search for 2 group,3,97,0.5612567994484918,0.6731191022640833,,
0.6458389123024019,0.6330810133132682,0.6976363202837006,0.6588520819664568,0.027914797187642282,297,0.5724318027496338,0.004138068470971441,0.013067086537679035,6.147851123076364e-05,,,"OrderedDict([('reg_alpha', 0.011722145101212281), ('reg_lambda', 0.5462905618833257)])",random search for 2 group,3,98,0.01172214510121228,0.5462905618833257,,
0.6509220164693916,0.6446240213928238,0.6958001183653733,0.6637820520758629,0.02278572085299223,173,0.5863039493560791,0.011366131004476695,0.013091564178466795,0.0001992558461705265,,,"OrderedDict([('reg_alpha', 0.08955416651774241), ('reg_lambda', 0.4770260151433666)])",random search for 2 group,3,99,0.08955416651774241,0.4770260151433666,,
0.6538953589727801,0.6492803735234687,0.6867367056793869,0.6633041460585453,0.016676093876416127,197,0.5820098718007406,0.016186147631336713,0.01362331708272298,0.00045546878374106835,,,"OrderedDict([('reg_alpha', 0.0012307421674417898), ('reg_lambda', 0.00023709697801332924)])",random search for 2 group,3,100,0.0012307421674417898,0.00023709697801332924,,
0.6517625296431078,0.636353517401168,0.6895754843734123,0.6592305104725626,0.022360269756132145,291,0.5847829977671305,0.014422099586044769,0.013103485107421877,0.0001511059762896877,,,"OrderedDict([('reg_alpha', 0.9963105887612208), ('reg_lambda', 0.002203636536582399)])",random search for 2 group,3,101,0.9963105887612208,0.002203636536582399,,
0.6563090090511274,0.6414206137565026,0.7025272188474085,0.6667522805516795,0.02601667076010643,60,0.5750488440195719,0.015274528673568875,0.012865622838338215,9.938639560674737e-05,,,"OrderedDict([('reg_alpha', 0.00044554659794671114), ('reg_lambda', 0.995477061229238)])",random search for 2 group,3,102,0.00044554659794671125,0.995477061229238,,
0.6548451728602399,0.6403054548074827,0.6946526848885926,0.6632677708521051,0.022972599215466842,201,0.5713315804799398,0.010156247000986642,0.012310028076171877,0.0009373228056345184,,,"OrderedDict([('reg_alpha', 0.01819477793983793), ('reg_lambda', 0.9997602176802787)])",random search for 2 group,3,103,0.018194777939837932,0.9997602176802788,,
0.6522415263459727,0.6379763596954555,0.6961704035535619,0.6621294298649967,0.02476509185851389,236,0.577413002649943,0.007608773572756906,0.012254158655802408,0.00011659380880832863,,,"OrderedDict([('reg_alpha', 0.99990759485083), ('reg_lambda', 0.006008654187201536)])",random search for 2 group,3,104,0.99990759485083,0.006008654187201536,,
0.6605864032799897,0.6431207498478746,0.6972446638359533,0.6669839389879392,0.02255431760141284,45,0.5833934942881266,0.010957912269135842,0.012040376663208008,8.81871618095434e-05,,,"OrderedDict([('reg_alpha', 0.9887210070343034), ('reg_lambda', 0.9989609843976083)])",random search for 2 group,3,105,0.9887210070343034,0.9989609843976084,,
0.654692203352903,0.6403037614716456,0.694648974235204,0.6632149796865842,0.02299027076692189,210,0.5841881434122721,0.012924840864104996,0.012137571970621744,8.486123718236424e-06,,,"OrderedDict([('reg_alpha', 0.0014145284046347408), ('reg_lambda', 0.9988741515966549)])",random search for 2 group,3,106,0.0014145284046347408,0.9988741515966548,,
0.6539765407068262,0.6368895768196242,0.6850858497245568,0.6586506557503357,0.01995170325330072,298,0.5861090024312338,0.010991746564201,0.012096246083577476,9.633336707826672e-05,,,"OrderedDict([('reg_alpha', 0.005238823289080653), ('reg_lambda', 0.005201988018245674)])",random search for 2 group,3,107,0.005238823289080653,0.005201988018245674,,
0.6583862242764182,0.6528425423548019,0.6978795415372993,0.6697027693895065,0.020052114914450428,8,0.567422072092692,0.009211982856465094,0.01173694928487142,0.00012457567854259544,,,"OrderedDict([('reg_alpha', 0.9980364016567799), ('reg_lambda', 0.9900962623963215)])",random search for 2 group,3,108,0.99803640165678,0.9900962623963216,,
0.6605862929170978,0.6431204940213344,0.6972440337551333,0.6669836068978552,0.022554136471392896,49,0.5745567480723063,0.007543947343158014,0.011806567509969076,4.181798141595019e-05,,,"OrderedDict([('reg_alpha', 0.9816857489986262), ('reg_lambda', 0.9988513104461746)])",random search for 2 group,3,109,0.9816857489986262,0.9988513104461746,,
0.6561418039019427,0.6403033517982213,0.6946483216804447,0.6636978257935362,0.02282051763939083,183,0.5678947766621908,0.012004258945934685,0.011708577473958334,0.00016647426358733244,,,"OrderedDict([('reg_alpha', 0.0030359107883223277), ('reg_lambda', 0.9986766452992561)])",random search for 2 group,3,110,0.003035910788322328,0.998676645299256,,
0.6522486092108184,0.6438194450772632,0.6961767242006158,0.6640815928295658,0.02295409615284852,163,0.5695725282033285,0.009639972081396149,0.011854807535807293,0.0002138120956214517,,,"OrderedDict([('reg_alpha', 0.9847013087063816), ('reg_lambda', 0.007399432700152643)])",random search for 2 group,3,111,0.9847013087063816,0.007399432700152643,,
0.6594004591583367,0.6431825708130214,0.6972756567474221,0.6666195622395934,0.022665716746516403,63,0.5687805016835531,0.008382351244052769,0.012280861536661785,0.0007091800968394401,,,"OrderedDict([('reg_alpha', 0.9789665596220953), ('reg_lambda', 0.9982638190454203)])",random search for 2 group,3,112,0.9789665596220952,0.9982638190454204,,
0.6489506193739288,0.6368652265098167,0.6830966126075482,0.6563041528304313,0.019577046182562962,311,0.5750671227773031,0.01340599872495698,0.011801640192667644,0.00010529185196565363,,,"OrderedDict([('reg_alpha', 0.997099882773564), ('reg_lambda', 0.000548661037373055)])",random search for 2 group,3,113,0.9970998827735642,0.0005486610373730549,,
0.6556569348833097,0.6403014566549599,0.6946448006940358,0.6635343974107685,0.022874156774855183,189,0.5671958923339844,0.010574020151994185,0.01175204912821452,1.9430098412817445e-05,,,"OrderedDict([('reg_alpha', 0.0032910033956070625), ('reg_lambda', 0.9976981285318975)])",random search for 2 group,3,114,0.0032910033956070625,0.9976981285318977,,
0.6590182832881454,0.6431813151825999,0.6972739687476323,0.6664911890727926,0.022706636813588348,68,0.5677026112874349,0.009387105910496456,0.01178288459777832,0.0001320020993920803,,,"OrderedDict([('reg_alpha', 0.995294237577973), ('reg_lambda', 0.9977266625719919)])",random search for 2 group,3,115,0.995294237577973,0.997726662571992,,
0.6605860491546882,0.6431203294524543,0.6972440227049892,0.6669834671040439,0.02255421261668096,52,0.5736555258433024,0.0147624611876881,0.01171422004699707,4.1353540460535214e-05,,,"OrderedDict([('reg_alpha', 0.994219837918245), ('reg_lambda', 0.9987576227141992)])",random search for 2 group,3,116,0.9942198379182451,0.9987576227141992,,
0.6605074280035015,0.6351576885239112,0.6911837324909946,0.6622829496728024,0.022906967768912725,127,0.5801202456156412,0.035194524665617066,0.012162049611409506,0.00010654337987845103,,,"OrderedDict([('colsample_bytree', 0.7068008846657636), ('subsample', 0.7754733361149817)])",random search for 3 group,3,117,,,0.7068008846657636,0.7754733361149817
0.6641347417185868,0.6370609298095675,0.7001200684143462,0.6671052466475001,0.025829333002663137,13,0.5566122531890869,0.010930399112102177,0.011873642603556316,0.00024186671465451724,,,"OrderedDict([('colsample_bytree', 0.8603168034177501), ('subsample', 0.7428059744899946)])",random search for 3 group,3,118,,,0.8603168034177501,0.7428059744899946
0.6618752546807221,0.617548916787473,0.6930941786002054,0.6575061166894668,0.03099557678850905,346,0.5442116260528564,0.008844598603294486,0.011847893397013346,0.0001167576675234656,,,"OrderedDict([('colsample_bytree', 0.6233644099153564), ('subsample', 0.5128177896256617)])",random search for 3 group,3,119,,,0.6233644099153564,0.5128177896256617
0.6711283234113918,0.6339755844229671,0.6836088030050984,0.6629042369464858,0.02108065140268195,101,0.5529690583546957,0.014882705811125562,0.012172619501749674,0.00024918048229548013,,,"OrderedDict([('colsample_bytree', 0.6604000089531118), ('subsample', 0.7219833414372908)])",random search for 3 group,3,120,,,0.6604000089531118,0.7219833414372908
0.6486979336326248,0.6293702481649275,0.6826841811352036,0.6535841209775853,0.02203784596653844,490,0.5440920988718668,0.013884041027590359,0.011931896209716795,0.00010235925390523668,,,"OrderedDict([('colsample_bytree', 0.6808105858071598), ('subsample', 0.6024645066948842)])",random search for 3 group,3,121,,,0.6808105858071598,0.6024645066948842
0.6565323419054039,0.623462294930309,0.6842471100702627,0.6547472489686585,0.02484737887577145,458,0.5537370840708414,0.013714483360003948,0.012073119481404623,0.0005655703579431879,,,"OrderedDict([('colsample_bytree', 0.6878573578532599), ('subsample', 0.646738861738464)])",random search for 3 group,3,122,,,0.6878573578532599,0.6467388617384641
0.6593599250156381,0.6426807979263134,0.6993397744588972,0.6671268324669496,0.02377398499688119,11,0.5681455135345459,0.0098497577291353,0.01235524813334147,0.0005457279351078252,,,"OrderedDict([('colsample_bytree', 0.8280156583439087), ('subsample', 0.881160457720749)])",random search for 3 group,3,123,,,0.8280156583439087,0.8811604577207491
0.6532001161003871,0.6281582925126948,0.6881347471419381,0.6564977185850066,0.024596062206287503,391,0.543730894724528,0.012430295085291865,0.011814117431640623,0.0002372528026431185,,,"OrderedDict([('colsample_bytree', 0.8911857003381729), ('subsample', 0.5218841788473689)])",random search for 3 group,3,124,,,0.8911857003381729,0.5218841788473689
0.6574718706063304,0.6375069174648436,0.6810520356795132,0.6586769412502291,0.01779763048882217,291,0.5594778855641683,0.007205546464304831,0.012097199757893879,0.00013656443796661893,,,"OrderedDict([('colsample_bytree', 0.5596361918518385), ('subsample', 0.6968993786328351)])",random search for 3 group,3,125,,,0.5596361918518385,0.6968993786328351
0.638248519600094,0.6368241382885234,0.6751450412734286,0.6500725663873487,0.01773845095106521,580,0.5605168342590332,0.01456455885966837,0.012117703755696615,0.0003978601699555254,,,"OrderedDict([('colsample_bytree', 0.7359206377438866), ('subsample', 0.5531272405664136)])",random search for 3 group,3,126,,,0.7359206377438866,0.5531272405664136
0.6702485886195755,0.6304572331165292,0.684274028944764,0.6616599502269562,0.02279452288575563,160,0.574474573135376,0.0037351006511045187,0.012339194615681968,0.00030658035686083785,,,"OrderedDict([('colsample_bytree', 0.894299864670022), ('subsample', 0.89986066677739)])",random search for 3 group,3,127,,,0.894299864670022,0.89986066677739
0.6491734374310629,0.6318865052132778,0.6717766928312985,0.6509455451585464,0.01633323893983426,562,0.568824847539266,0.015555212110717337,0.012132883071899414,0.0003235257247710557,,,"OrderedDict([('colsample_bytree', 0.5166418828615328), ('subsample', 0.8985691516586884)])",random search for 3 group,3,128,,,0.5166418828615328,0.8985691516586884
0.6522135249590251,0.6319569259468916,0.6906514679346356,0.6582739729468507,0.02434213202313521,309,0.5786934693654379,0.01275840670864832,0.012374162673950195,8.525745268901446e-05,,,"OrderedDict([('colsample_bytree', 0.8988301698858083), ('subsample', 0.8967969473262789)])",random search for 3 group,3,129,,,0.8988301698858083,0.8967969473262789
0.6490600449206747,0.6424308424661531,0.6762270297953574,0.6559059723940618,0.01462180134196477,406,0.5766541957855225,0.01196309159100285,0.012213150660196941,0.0003619961628566202,,,"OrderedDict([('colsample_bytree', 0.5014841980202641), ('subsample', 0.8980006180299747)])",random search for 3 group,3,130,,,0.5014841980202641,0.8980006180299747
0.6569087462503612,0.6338011000550369,0.6842652885529341,0.6583250449527774,0.0206262455251988,306,0.5719344615936279,0.018033443694570897,0.012249787648518879,0.00011555840247198396,,,"OrderedDict([('colsample_bytree', 0.8974185656308493), ('subsample', 0.8998849847759768)])",random search for 3 group,3,131,,,0.8974185656308493,0.8998849847759768
0.6439866509605938,0.6201218312027852,0.6950182420572932,0.6530422414068907,0.031239620980096368,504,0.5623625914255778,0.01641353540245426,0.012335936228434244,0.00013616829779978306,,,"OrderedDict([('colsample_bytree', 0.8995911995459256), ('subsample', 0.5101124456769707)])",random search for 3 group,3,132,,,0.8995911995459256,0.5101124456769707
0.6480144249163968,0.6351123650371047,0.6785239813380441,0.6538835904305152,0.018202150703311337,480,0.5713688532511393,0.01866302908266595,0.01260995864868164,0.00024946476226468553,,,"OrderedDict([('colsample_bytree', 0.5072322609918096), ('subsample', 0.8991020192249359)])",random search for 3 group,3,133,,,0.5072322609918096,0.8991020192249359
0.6562515878926372,0.6349176315296444,0.6914646434565006,0.6608779542929274,0.02331585424864813,200,0.580385684967041,0.012865346359290007,0.012427488962809244,0.00035356852746811835,,,"OrderedDict([('colsample_bytree', 0.8981810603133589), ('subsample', 0.8954126822166526)])",random search for 3 group,3,134,,,0.8981810603133589,0.8954126822166526
0.6602769894789315,0.6337409375295296,0.6940028510603391,0.6626735926896001,0.02466012078654832,110,0.5568792025248209,0.01859891160559643,0.012153863906860352,8.096010645753021e-05,,,"OrderedDict([('colsample_bytree', 0.8998261876883547), ('subsample', 0.5033204938707173)])",random search for 3 group,3,135,,,0.8998261876883547,0.5033204938707173
0.6479478557656168,0.6212115331796919,0.6840489676497741,0.6510694521983609,0.025748062268996195,558,0.5499184926350912,0.015979956340031142,0.012088537216186523,3.822190157926918e-05,,,"OrderedDict([('colsample_bytree', 0.5014956828776349), ('subsample', 0.5042848281635746)])",random search for 3 group,3,136,,,0.5014956828776349,0.5042848281635746
0.6620042204772663,0.6391525394759754,0.6863205475764703,0.6624924358432374,0.019259352926561283,117,0.5658506552378336,0.015024278791185166,0.012377500534057615,0.00015561277046025748,,,"OrderedDict([('colsample_bytree', 0.8979215724721499), ('subsample', 0.899733843821242)])",random search for 3 group,3,137,,,0.8979215724721499,0.899733843821242
0.6563142364258461,0.6272237769178661,0.6877677039256479,0.6571019057564534,0.024723229179750363,365,0.57400115331014,0.015136586333042485,0.011650562286376951,0.00022090970615512389,,,"OrderedDict([('colsample_bytree', 0.8996450141930961), ('subsample', 0.8962684373624572)])",random search for 3 group,3,138,,,0.8996450141930961,0.8962684373624572
0.6582746479153919,0.6132379350549628,0.6828767333291669,0.6514631054331739,0.028835029501275245,547,0.5506065686543783,0.012750191555035194,0.013383229573567707,0.001329932719230915,,,"OrderedDict([('colsample_bytree', 0.8971803858849852), ('subsample', 0.5011590693456195)])",random search for 3 group,3,139,,,0.8971803858849852,0.5011590693456195
0.6439762933342862,0.6329064484723879,0.6807796288372079,0.6525541235479606,0.020463703280713345,519,0.5746332804361979,0.009465695168799184,0.012650648752848308,0.00011645998524508235,,,"OrderedDict([('colsample_bytree', 0.5044635822748628), ('subsample', 0.8993723032389072)])",random search for 3 group,3,140,,,0.5044635822748628,0.8993723032389072
0.6609731854774361,0.6296126040158382,0.6890117014517354,0.6598658303150032,0.02426221851138965,236,0.5746979713439941,0.018526115547413784,0.01213510831197103,6.210039972054078e-05,,,"OrderedDict([('colsample_bytree', 0.8989478263797293), ('subsample', 0.8895602327115428)])",random search for 3 group,3,141,,,0.8989478263797293,0.8895602327115428
0.660137634108035,0.6105416572000231,0.69545909455571,0.6553794619545893,0.03483028321681792,428,0.5559163888295492,0.01901329236959233,0.012508789698282877,0.00014851651063263322,,,"OrderedDict([('colsample_bytree', 0.899770223332566), ('subsample', 0.5021347105931359)])",random search for 3 group,3,142,,,0.8997702233325658,0.5021347105931359
0.6629323302618699,0.6355388660766612,0.6942740737279107,0.6642484233554806,0.023996600179082832,56,0.5738023916880289,0.013092935454673708,0.012421528498331705,0.00042212687034797787,,,"OrderedDict([('colsample_bytree', 0.8987627740242055), ('subsample', 0.8979124423993856)])",random search for 3 group,3,143,,,0.8987627740242055,0.8979124423993856
0.6497172286056765,0.6373434958463161,0.6826051804306358,0.6565553016275428,0.019100165005254,389,0.5712761878967285,0.0181495578083271,0.013310988744099935,0.001221153403680248,,,"OrderedDict([('colsample_bytree', 0.5010579112423195), ('subsample', 0.8974971245175545)])",random search for 3 group,3,144,,,0.5010579112423195,0.8974971245175545
0.6612341432961651,0.6293743693876037,0.6872891792481253,0.6592992306439648,0.0236831756812556,265,0.5694660345713297,0.017143285786793666,0.012272278467814129,3.630718269506732e-05,,,"OrderedDict([('colsample_bytree', 0.8971280682561527), ('subsample', 0.8981668779897849)])",random search for 3 group,3,145,,,0.8971280682561527,0.8981668779897849
0.6454493538567208,0.622937114285097,0.6769549454273261,0.6484471378563813,0.02215433068287188,598,0.5582537651062012,0.013411975316881077,0.0122832457224528,0.00022568543124598038,,,"OrderedDict([('colsample_bytree', 0.500414360635434), ('subsample', 0.5027922849097667)])",random search for 3 group,3,146,,,0.500414360635434,0.5027922849097667
0.6585940216411427,0.6298391542931381,0.6932464537423871,0.6605598765588893,0.025923217971924997,211,0.5730648835500082,0.009378831933636023,0.012546380360921223,0.0002791539374922743,,,"OrderedDict([('colsample_bytree', 0.8988049292086391), ('subsample', 0.8958232686463827)])",random search for 3 group,3,147,,,0.8988049292086391,0.8958232686463827
0.6511108428803429,0.6180278274092947,0.6962320984571354,0.6551235895822577,0.03205259848646001,442,0.559463898340861,0.021784972284832352,0.012190977732340494,0.0001795261117390666,,,"OrderedDict([('colsample_bytree', 0.8985335918877073), ('subsample', 0.5000710063302453)])",random search for 3 group,3,148,,,0.8985335918877073,0.5000710063302453
0.6657912293288033,0.6320298225421884,0.685852834856107,0.6612246289090329,0.02220915041420907,182,0.5670488675435384,0.012760086884269082,0.012174447377522787,0.00029769780087860153,,,"OrderedDict([('colsample_bytree', 0.8961136629694957), ('subsample', 0.8994698311671314)])",random search for 3 group,3,149,,,0.8961136629694957,0.8994698311671314
0.6483096678005074,0.6392153901042201,0.6801655510409563,0.6558968696485613,0.017557584194083257,407,0.5682663917541504,0.012724199221096836,0.012171188990275065,0.0004591348568374049,,,"OrderedDict([('colsample_bytree', 0.5003009784437644), ('subsample', 0.8992473723295862)])",random search for 3 group,3,150,,,0.5003009784437644,0.8992473723295862
0.658278239249046,0.6269301534450094,0.6792082057866433,0.6548055328268996,0.021483225341018482,456,0.5668765703837076,0.01126278355539052,0.012525320053100586,0.0004063740063875471,,,"OrderedDict([('colsample_bytree', 0.8981413465348416), ('subsample', 0.8972261197016147)])",random search for 3 group,3,151,,,0.8981413465348416,0.8972261197016147
0.6539742343929218,0.6190958074820885,0.6901629060761664,0.6544109826503922,0.029014665112955088,464,0.5549999872843424,0.014835428622722453,0.01233053207397461,0.00027156835538525326,,,"OrderedDict([('colsample_bytree', 0.899100512983287), ('subsample', 0.5027897840380859)])",random search for 3 group,3,152,,,0.899100512983287,0.5027897840380859
0.6503004596572171,0.6348734147338833,0.6799819868484978,0.6550519537465327,0.01871947901011929,443,0.5656945705413818,0.007502411909194727,0.012015819549560549,0.0003891245885848193,,,"OrderedDict([('colsample_bytree', 0.5062796231141606), ('subsample', 0.8980375690018527)])",random search for 3 group,3,153,,,0.5062796231141606,0.8980375690018527
0.6568885455690939,0.6387248907916732,0.6939169553400976,0.6631767972336217,0.02296660733944955,88,0.5672028859456381,0.01398729197393165,0.012299060821533205,0.00019439795764312242,,,"OrderedDict([('colsample_bytree', 0.8936026984992365), ('subsample', 0.8983315922550443)])",random search for 3 group,3,154,,,0.8936026984992365,0.8983315922550443
0.6567274839718568,0.6375243001264768,0.6941046219825681,0.6627854686936338,0.023492659697611662,104,0.5712811152140299,0.014362823322060616,0.012107928593953451,0.0001841296805863296,,,"OrderedDict([('colsample_bytree', 0.8980789085379641), ('subsample', 0.8965152541569608)])",random search for 3 group,3,155,,,0.8980789085379641,0.8965152541569608
0.6522904426190143,0.614835435073678,0.6845431420949922,0.6505563399292282,0.028484457032404983,574,0.5549674034118652,0.015929123567277038,0.012137730916341145,0.0005150577606342973,,,"OrderedDict([('colsample_bytree', 0.8972825008035415), ('subsample', 0.5006372383310679)])",random search for 3 group,3,156,,,0.8972825008035415,0.5006372383310679
0.6430282748247627,0.6329054379509971,0.6807797254642267,0.6522378127466621,0.020600947272330663,525,0.5800975958506266,0.013748446575637622,0.012468655904134115,0.00014999103796740183,,,"OrderedDict([('colsample_bytree', 0.5024466887091343), ('subsample', 0.8993643976905452)])",random search for 3 group,3,157,,,0.5024466887091343,0.8993643976905452
0.6628069856030412,0.6296202670080631,0.6908603841985705,0.6610958789365583,0.025030433514621545,186,0.5711673100789388,0.013861494809640076,0.012439807256062826,0.00019842216647994397,,,"OrderedDict([('colsample_bytree', 0.8992991139365653), ('subsample', 0.8973133965974545)])",random search for 3 group,3,158,,,0.8992991139365653,0.8973133965974545
0.6641760484938206,0.6292392255683699,0.6938638496303179,0.6624263745641694,0.026411885303553567,119,0.5746660232543945,0.010327813424515869,0.012092113494873049,0.00012593512187900004,,,"OrderedDict([('colsample_bytree', 0.897990664477315), ('subsample', 0.8982280490465275)])",random search for 3 group,3,159,,,0.8979906644773149,0.8982280490465275
0.6466524659900906,0.6259756178985547,0.6798979534616272,0.6508420124500909,0.022212140716276804,566,0.5451261202494303,0.012615352044076128,0.012097676595052084,0.00046342097121463164,,,"OrderedDict([('colsample_bytree', 0.5046008264707135), ('subsample', 0.5033827752719461)])",random search for 3 group,3,160,,,0.5046008264707135,0.5033827752719461
0.6561069586068269,0.6291904416666569,0.6864976366325489,0.6572650123020108,0.02340989057336501,356,0.5647801558176676,0.011354735279777723,0.012146711349487305,0.00021082898984878509,,,"OrderedDict([('colsample_bytree', 0.8990210169867077), ('subsample', 0.8995451728244634)])",random search for 3 group,3,161,,,0.8990210169867077,0.8995451728244634
0.6489434312908644,0.6353334221126734,0.6818677791807259,0.6553815441947546,0.01953541348861397,427,0.5721357663472494,0.019207304392437955,0.011897563934326172,0.00027052514748209883,,,"OrderedDict([('colsample_bytree', 0.5022425675743528), ('subsample', 0.8999794625695101)])",random search for 3 group,3,162,,,0.5022425675743528,0.8999794625695101
0.6515594100398163,0.6163861937100329,0.6886906238653971,0.6522120758717488,0.029521767500598782,526,0.5528202851613363,0.012302126071823134,0.0124970277150472,0.0003524799890736535,,,"OrderedDict([('colsample_bytree', 0.8928924467105142), ('subsample', 0.5005873785273369)])",random search for 3 group,3,163,,,0.8928924467105142,0.5005873785273369
0.6449951492510998,0.6308875014533447,0.6784457552088753,0.6514428019711066,0.01994368812878263,549,0.5626188913981119,0.010997320967735563,0.01241119702657064,0.00010891221192349753,,,"OrderedDict([('colsample_bytree', 0.5003295743825167), ('subsample', 0.8998457891528655)])",random search for 3 group,3,164,,,0.5003295743825167,0.8998457891528655
0.6626819156016135,0.6227407581536382,0.6865615240164059,0.6573280659238859,0.026328315791258324,354,0.5717326800028483,0.01979248177792785,0.012720187505086264,0.00021511067371854787,,,"OrderedDict([('colsample_bytree', 0.899900656853218), ('subsample', 0.8946971306454988)])",random search for 3 group,3,165,,,0.8999006568532181,0.8946971306454988
0.6567483132150118,0.6201235824428137,0.6925330842932577,0.6564683266503611,0.029561718307237025,394,0.5503644148508707,0.014515171675141575,0.012282450993855795,0.00023996300622266569,,,"OrderedDict([('colsample_bytree', 0.8978554467356386), ('subsample', 0.5034424276798238)])",random search for 3 group,3,166,,,0.8978554467356386,0.5034424276798238
0.6546288246903478,0.6282231258687894,0.6964997277382499,0.6597838927657956,0.02811114412301144,241,0.5676342646280924,0.016059560914176037,0.012419541676839192,0.0001361849947652063,,,"OrderedDict([('colsample_bytree', 0.8984832344865383), ('subsample', 0.8959972765343241)])",random search for 3 group,3,167,,,0.8984832344865383,0.8959972765343241
0.6551887696650269,0.6318914017255782,0.6785042711564304,0.6551948141823453,0.01902962473875161,437,0.545920213063558,0.010574285444924782,0.012033621470133465,0.000194260314945523,,,"OrderedDict([('colsample_bytree', 0.5019575923296081), ('subsample', 0.5065784557338744)])",random search for 3 group,3,168,,,0.5019575923296081,0.5065784557338744
0.6568884835170896,0.6387248942487584,0.6939162659288691,0.6631765478982391,0.022966304190112103,89,0.5646591981252035,0.010034606135979802,0.012189547220865885,9.930590960861654e-05,,,"OrderedDict([('colsample_bytree', 0.8997457252154413), ('subsample', 0.8983355671592855)])",random search for 3 group,3,169,,,0.8997457252154413,0.8983355671592855
0.6476285040631715,0.6169939983636398,0.6945862864831336,0.653069596303315,0.0319097154220983,500,0.5529657204945883,0.009877163582269824,0.012350877126057943,0.0004010258773862131,,,"OrderedDict([('colsample_bytree', 0.8989322379910388), ('subsample', 0.5000069186711935)])",random search for 3 group,3,170,,,0.8989322379910388,0.5000069186711935
0.6512286820201764,0.6436026527458958,0.6902844180874693,0.6617052509511804,0.02044693418381665,158,0.5666798750559489,0.015978575038393998,0.012552340825398764,7.465112078551923e-05,,,"OrderedDict([('colsample_bytree', 0.7246200018360521), ('subsample', 0.8997478570312567)])",random search for 3 group,3,171,,,0.7246200018360521,0.8997478570312567
0.6600665365376116,0.6394924920380064,0.6955911547126858,0.6650500610961013,0.02317170150910618,36,0.5566784540812174,0.013631712622566598,0.012108484903971355,0.00025915213658175623,,,"OrderedDict([('colsample_bytree', 0.7260787009074234), ('subsample', 0.8994923688492193)])",random search for 3 group,3,172,,,0.7260787009074234,0.8994923688492193
0.6649269882502479,0.6400157019905679,0.6826452259418079,0.6625293053942078,0.017485817879755186,116,0.5582686265309652,0.014748477463130419,0.012032032012939451,0.00022247055524353605,,,"OrderedDict([('colsample_bytree', 0.8991949621410422), ('subsample', 0.7243591088559507)])",random search for 3 group,3,173,,,0.8991949621410422,0.7243591088559507
0.6534109085339204,0.633446445609545,0.6959289360174792,0.6609287633869815,0.026056400468831304,199,0.5723420778910319,0.016214145458995726,0.01241159439086914,0.00024268723862828846,,,"OrderedDict([('colsample_bytree', 0.7240076145293008), ('subsample', 0.8996201234309593)])",random search for 3 group,3,174,,,0.7240076145293008,0.8996201234309593
0.6562198567700601,0.6238153647009327,0.6993989907169454,0.659811404062646,0.030961218100480494,240,0.5584448178609213,0.010660788650387769,0.0124357541402181,0.0005004481257546416,,,"OrderedDict([('colsample_bytree', 0.8994917270176153), ('subsample', 0.7357699337560335)])",random search for 3 group,3,175,,,0.8994917270176153,0.7357699337560335
0.6575074227014899,0.6317276835598717,0.6971308055297106,0.6621219705970239,0.02689935104620605,137,0.5541602770487467,0.01084103617286577,0.012772321701049805,0.00032028357178046985,,,"OrderedDict([('colsample_bytree', 0.8986375736522716), ('subsample', 0.7153427500544489)])",random search for 3 group,3,176,,,0.8986375736522716,0.7153427500544489
0.6411188310855906,0.6397798409297537,0.6763996003469294,0.6524327574540912,0.016955930965237426,520,0.5624476273854574,0.016427279001773987,0.01249376932779948,0.0007173445277761769,,,"OrderedDict([('colsample_bytree', 0.5001582376760824), ('subsample', 0.6994899608300226)])",random search for 3 group,3,177,,,0.5001582376760824,0.6994899608300226
0.6451420692496879,0.6398698048848488,0.6879997745057059,0.6576705495467475,0.02155374070923684,336,0.5605537096659342,0.01435582436427458,0.012373765309651692,0.0003894576713200277,,,"OrderedDict([('colsample_bytree', 0.7226216042245995), ('subsample', 0.8978064132702568)])",random search for 3 group,3,178,,,0.7226216042245995,0.8978064132702568
0.6471091487437373,0.6172861346194269,0.688247849824426,0.6508810443958634,0.029092515117772638,565,0.5517525672912598,0.00987921911792127,0.0121308962504069,2.700300193320605e-05,,,"OrderedDict([('colsample_bytree', 0.8992028640401746), ('subsample', 0.7159563307014927)])",random search for 3 group,3,179,,,0.8992028640401746,0.7159563307014927
0.6477720555872601,0.6360190946479163,0.6806471774229761,0.6548127758860508,0.018887301726976072,453,0.5580458641052246,0.009352861362429871,0.012441317240397137,0.00020362922523946695,,,"OrderedDict([('colsample_bytree', 0.5030910917874505), ('subsample', 0.8964058742286055)])",random search for 3 group,3,180,,,0.5030910917874505,0.8964058742286055
0.6633784126808768,0.6472563499049528,0.696551121175105,0.6690619612536448,0.020521869017033425,1,0.5593624114990234,0.011755987952176876,0.012328227361043295,0.00016556785159529898,,,"OrderedDict([('colsample_bytree', 0.7177569496616206), ('subsample', 0.8999299462771113)])",random search for 3 group,3,181,,,0.7177569496616206,0.8999299462771113
0.657737087597013,0.6361551532197209,0.6921760786627408,0.6620227731598249,0.023070346730967115,140,0.5663782755533854,0.01644582608333487,0.012496312459309895,0.0002522661107211971,,,"OrderedDict([('colsample_bytree', 0.7241129039182744), ('subsample', 0.89955068520315)])",random search for 3 group,3,182,,,0.7241129039182744,0.8995506852031501
0.6560450477720955,0.6382388953799838,0.6883312644997133,0.6608717358839308,0.02073296971176595,201,0.5574102401733398,0.01127656436349364,0.01210316022237142,0.00034276004067093315,,,"OrderedDict([('colsample_bytree', 0.7252046333485596), ('subsample', 0.8992257413708218)])",random search for 3 group,3,183,,,0.7252046333485596,0.8992257413708218
0.6560450443927652,0.6382388970195223,0.6864867136499178,0.6602568850207351,0.019920971420534516,221,0.5598532358805338,0.009752461527340682,0.012163162231445312,0.00015440335209933396,,,"OrderedDict([('colsample_bytree', 0.7107112352047243), ('subsample', 0.899223214072546)])",random search for 3 group,3,184,,,0.7107112352047243,0.8992232140725459
0.662489473699589,0.6393688734156566,0.6916211041072106,0.6644931504074854,0.021378882779090957,51,0.5577910741170248,0.011512524375571213,0.012327988942464192,0.00046548524633735743,,,"OrderedDict([('colsample_bytree', 0.7269935187045042), ('subsample', 0.8996190378578403)])",random search for 3 group,3,185,,,0.7269935187045042,0.8996190378578403
0.6641051005273232,0.6333726099597929,0.6892057717544786,0.6622278274138649,0.02283241270292114,130,0.5479725201924642,0.0116990574769417,0.012180964152018229,0.0004323366371812416,,,"OrderedDict([('colsample_bytree', 0.7143260913082198), ('subsample', 0.5011525392927554)])",random search for 3 group,3,186,,,0.7143260913082198,0.5011525392927554
0.6542989011108906,0.6369937415870521,0.6899542879771836,0.6604156435583755,0.022049425874792663,214,0.5593122641245524,0.01513838478229903,0.011920928955078123,0.00029108972065864015,,,"OrderedDict([('colsample_bytree', 0.7556428726129016), ('subsample', 0.8981897272222383)])",random search for 3 group,3,187,,,0.7556428726129016,0.8981897272222383
0.6573006419417131,0.6408562761370821,0.6938973074783324,0.6640180751857092,0.0221687570464462,63,0.5607012907663981,0.016853903100825747,0.011887073516845705,0.00011124162260215457,,,"OrderedDict([('colsample_bytree', 0.6695353417362018), ('subsample', 0.8998487188017696)])",random search for 3 group,3,188,,,0.6695353417362018,0.8998487188017696
0.6655882293356814,0.6271746766661208,0.6868277095555138,0.6598635385191053,0.024687380675624437,237,0.5528640747070312,0.012563418585601885,0.012353261311848959,0.00029668560784563286,,,"OrderedDict([('colsample_bytree', 0.6868982042544188), ('subsample', 0.5000237096130425)])",random search for 3 group,3,189,,,0.6868982042544188,0.5000237096130425
0.6629152526583209,0.6360768117026712,0.6926023228282533,0.6638647957297484,0.023086209101762453,68,0.5550177097320557,0.011635343847609588,0.01174767812093099,4.86164785654335e-05,,,"OrderedDict([('colsample_bytree', 0.7656231334289307), ('subsample', 0.8986756148760254)])",random search for 3 group,3,190,,,0.7656231334289307,0.8986756148760254
0.654765612214617,0.6376500877522617,0.6845492584516626,0.6589883194728471,0.01937793410926316,279,0.555130402247111,0.008208465230323227,0.012278715769449871,6.628732088273985e-05,,,"OrderedDict([('colsample_bytree', 0.6326818380692849), ('subsample', 0.899622317188032)])",random search for 3 group,3,191,,,0.6326818380692849,0.899622317188032
0.6547747275316286,0.6242838781643565,0.698211496076022,0.6590900339240023,0.03033468393844848,275,0.5432852904001871,0.011320051696036131,0.011704762776692707,0.0007535502316844668,,,"OrderedDict([('colsample_bytree', 0.7505339898800614), ('subsample', 0.5005878249501564)])",random search for 3 group,3,192,,,0.7505339898800614,0.5005878249501564
0.6563174970683104,0.6416322805207069,0.7001784616325221,0.6660427464071798,0.02487098961603995,23,0.5547990798950195,0.007390585799327966,0.01204387346903483,0.00011709003726581158,,,"OrderedDict([('colsample_bytree', 0.7861418920385901), ('subsample', 0.8996696665255346)])",random search for 3 group,3,193,,,0.7861418920385901,0.8996696665255346
0.6527766121550351,0.6340599571021266,0.6864760372944849,0.6577708688505489,0.021688219776927253,331,0.5575493176778158,0.012491255982395784,0.01156036059061686,0.00045909581517762654,,,"OrderedDict([('colsample_bytree', 0.6511187054446373), ('subsample', 0.8998860626769276)])",random search for 3 group,3,194,,,0.6511187054446373,0.8998860626769276
0.6599687852271414,0.6380084558802692,0.6932212628851399,0.6637328346641835,0.02269713000157576,71,0.5573407808939616,0.013456644953821971,0.011681000391642252,0.000620477357799104,,,"OrderedDict([('colsample_bytree', 0.7843758476068096), ('subsample', 0.8995347493177794)])",random search for 3 group,3,195,,,0.7843758476068096,0.8995347493177794
0.6436003048509664,0.6276992101788976,0.6937945423853031,0.6550313524717224,0.028167947175821075,444,0.5422821044921875,0.01458624709301706,0.01146252950032552,0.0007752742721579449,,,"OrderedDict([('colsample_bytree', 0.6280482117669139), ('subsample', 0.5005224937830391)])",random search for 3 group,3,196,,,0.6280482117669139,0.5005224937830391
0.662648674045932,0.6325058134803434,0.6958801168857403,0.6636782014706719,0.02588269084502282,76,0.555737574895223,0.009424155362774666,0.01186045010884603,0.00015362759530270244,,,"OrderedDict([('colsample_bytree', 0.788997912509805), ('subsample', 0.8999790402502836)])",random search for 3 group,3,197,,,0.7889979125098051,0.8999790402502836
0.6618441690197554,0.6195121398048136,0.6890202492504625,0.6567921860250104,0.02860053867571344,373,0.540495236714681,0.012444320571045574,0.01157236099243164,0.0005197006966789988,,,"OrderedDict([('colsample_bytree', 0.7858438593029484), ('subsample', 0.5005307155624402)])",random search for 3 group,3,198,,,0.7858438593029484,0.5005307155624402
0.6579973395894154,0.6352252884443672,0.6912551103067812,0.6614925794468546,0.02300721279264737,168,0.5550621350606283,0.010551994174141762,0.01166391372680664,0.0005555692122651506,,,"OrderedDict([('colsample_bytree', 0.6348061578704218), ('subsample', 0.8997581428555548)])",random search for 3 group,3,199,,,0.6348061578704218,0.8997581428555548
0.6531352283130982,0.6232070760275028,0.6765465145101295,0.6509629396169102,0.02182984277001201,561,0.5404005845387777,0.00910903593245928,0.012129227320353191,0.0006019613618058133,,,"OrderedDict([('colsample_bytree', 0.5000114656160326), ('subsample', 0.5027276679635054)])",random search for 3 group,3,200,,,0.5000114656160326,0.5027276679635054
0.661517473099035,0.6331298093776999,0.6920094222569126,0.6622189015778824,0.024042617780858668,132,0.5552407105763754,0.010060711707893888,0.011345386505126951,0.00041721757226258796,,,"OrderedDict([('colsample_bytree', 0.7791371939623979), ('subsample', 0.8983299441798038)])",random search for 3 group,3,201,,,0.7791371939623979,0.8983299441798038
0.6553624370778013,0.6367494894993957,0.6903542022074115,0.6608220429282028,0.022221937781668696,202,0.5555418332417806,0.012334986229500236,0.012023448944091795,0.00031215709136322566,,,"OrderedDict([('colsample_bytree', 0.6313829658073996), ('subsample', 0.8998263110741286)])",random search for 3 group,3,202,,,0.6313829658073996,0.8998263110741286
0.6685570281071693,0.6265792348832794,0.6871365705409961,0.6607576111771483,0.02533009940533944,205,0.5387634436289469,0.008881884525311752,0.011768182118733723,0.0006544520173726216,,,"OrderedDict([('colsample_bytree', 0.7769738787702829), ('subsample', 0.5000260900249762)])",random search for 3 group,3,203,,,0.7769738787702829,0.5000260900249762
0.6564641188911126,0.6378124976701621,0.6969422371872571,0.6637396179161773,0.02468172317576529,70,0.5613142649332682,0.017183623378078928,0.01274561882019043,0.0002945339020424805,,,"OrderedDict([('colsample_bytree', 0.7836378902978254), ('subsample', 0.8991780234959741)])",random search for 3 group,3,204,,,0.7836378902978254,0.8991780234959741
0.6661144909249077,0.607777454587309,0.6861792685774284,0.6533570713632151,0.03325432227185025,495,0.5417585372924805,0.007991665700329833,0.012344042460123696,3.9289343522830214e-05,,,"OrderedDict([('colsample_bytree', 0.6268049548059145), ('subsample', 0.5003163519077821)])",random search for 3 group,3,205,,,0.6268049548059145,0.5003163519077821
