split0_test_score,split1_test_score,split2_test_score,mean_test_score,std_test_score,rank_test_score,mean_fit_time,std_fit_time,mean_score_time,std_score_time,param_reg_alpha,param_reg_lambda,params,iter_num,experiment_name,run_number
0.7950596202786523,0.6890677630348756,0.27101570466037816,0.5850476959913021,0.2262309102590321,279,0.6702796618143717,0.034822437610747284,0.4140970706939697,0.09755109335752504,0.4223033222382485,0.9814130907800054,"OrderedDict([('reg_alpha', 0.4223033222382485), ('reg_lambda', 0.9814130907800054)])",136,random search for 2 group,1
0.7984873812801847,0.677832617572026,0.29438784829268916,0.5902359490482999,0.21491698713983257,266,0.7571689287821451,0.12996791826111723,0.364972988764445,0.09459185374066005,0.22756387364676373,0.08974110777666046,"OrderedDict([('reg_alpha', 0.22756387364676373), ('reg_lambda', 0.08974110777666046)])",137,random search for 2 group,1
0.7827297441091747,0.7323392894971157,0.24002699969669128,0.5850320111009939,0.24482121762565803,280,0.7367749214172363,0.22093728897594697,0.3967107931772868,0.09652350794505565,0.5645216528381901,0.82617770600522,"OrderedDict([('reg_alpha', 0.5645216528381901), ('reg_lambda', 0.82617770600522)])",138,random search for 2 group,1
0.8116939173439486,0.7273361405956019,0.30556124443157995,0.6148637674570434,0.22140475256404507,141,0.7309960524241129,0.27154296324231003,0.37479742368062335,0.06673268884493123,0.19679961417848774,0.7868163082269679,"OrderedDict([('reg_alpha', 0.19679961417848774), ('reg_lambda', 0.7868163082269679)])",139,random search for 2 group,1
0.8312521749683688,0.7267287273284919,0.272563186520258,0.6101813629390396,0.2425157212263281,173,0.7705488999684652,0.050266021088704,0.5080932776133219,0.012915135984080511,0.8600261106066409,0.6047380903744043,"OrderedDict([('reg_alpha', 0.8600261106066409), ('reg_lambda', 0.6047380903744043)])",140,random search for 2 group,1
0.7853111612869953,0.7348183579772828,0.2455785533660867,0.588569357543455,0.24340555952182172,270,0.6271299521128336,0.06154596011989373,0.3988231023152669,0.10515543486774791,0.21835742423675114,0.8670624409782817,"OrderedDict([('reg_alpha', 0.21835742423675114), ('reg_lambda', 0.8670624409782817)])",141,random search for 2 group,1
0.7939919574522931,0.7187454460997182,0.2646685483350151,0.5924686506290088,0.23381643749695025,258,0.7188578446706136,0.19782382383533054,0.431018590927124,0.07784092716078884,0.08244082257427311,0.8523623856583116,"OrderedDict([('reg_alpha', 0.08244082257427311), ('reg_lambda', 0.8523623856583116)])",142,random search for 2 group,1
0.8326439964935036,0.7224904956256358,0.3284354482853207,0.6278566468014867,0.21644589628666222,51,0.6228775183359782,0.17666401551958272,0.40829038619995117,0.03774279521377512,0.93647263289115,0.5627666542311079,"OrderedDict([('reg_alpha', 0.93647263289115), ('reg_lambda', 0.5627666542311079)])",143,random search for 2 group,1
0.835992908958,0.6574534599356636,0.3057788975440615,0.5997417554792417,0.22027211216790332,232,0.6695041656494141,0.05310530385231959,0.3857339223225911,0.03237911164450074,0.43751870919785363,0.13226942961504964,"OrderedDict([('reg_alpha', 0.43751870919785363), ('reg_lambda', 0.13226942961504964)])",144,random search for 2 group,1
0.7914115933210575,0.6619541960356434,0.33904179404035284,0.5974691944656846,0.19022503409720543,246,0.7448449929555258,0.16355800285757002,0.42938415209452313,0.025644335644139128,0.4551443864991118,0.3614475046685209,"OrderedDict([('reg_alpha', 0.4551443864991118), ('reg_lambda', 0.3614475046685209)])",145,random search for 2 group,1
0.8126231891407163,0.6943173468520336,0.3638245580324435,0.6235883646750645,0.18992453678765397,75,0.9000819524129232,0.21317704648348892,0.3707803090413411,0.050145099466245104,0.999967245666683,0.011958508695831708,"OrderedDict([('reg_alpha', 0.999967245666683), ('reg_lambda', 0.011958508695831708)])",146,random search for 2 group,1
0.8359822661746992,0.6761174424999918,0.34844159878159553,0.6201804358187623,0.20292968754040594,106,0.6977144877115885,0.31688628808120095,0.43555275599161786,0.050866784042003683,1.0,0.5405729448216521,"OrderedDict([('reg_alpha', 1.0), ('reg_lambda', 0.5405729448216521)])",147,random search for 2 group,1
0.8484279122613705,0.6569485995167128,0.34219454802969507,0.6158570199359261,0.208701450561423,135,0.9269723892211914,0.25009486909771445,0.435088316599528,0.15068252135705684,0.999886218851494,0.2305831623926396,"OrderedDict([('reg_alpha', 0.999886218851494), ('reg_lambda', 0.2305831623926396)])",148,random search for 2 group,1
0.8150951704852729,0.7148510409923486,0.2271048389395819,0.5856836834724012,0.2568349822802148,276,0.9112631479899088,0.07750802653482784,0.4191145102183024,0.027495265629274526,0.9997941225010153,0.7042377154815265,"OrderedDict([('reg_alpha', 0.9997941225010153), ('reg_lambda', 0.7042377154815265)])",149,random search for 2 group,1
0.8169071947771824,0.6374875364116288,0.3244266107538961,0.5929404473142358,0.20350694299420122,257,0.9725778897603353,0.42310402402946623,0.36458619435628253,0.05015049518269659,0.7853310459694642,0.07733256064383044,"OrderedDict([('reg_alpha', 0.7853310459694642), ('reg_lambda', 0.07733256064383044)])",150,random search for 2 group,1
0.8204529475476636,0.6633429911430359,0.3459716664914999,0.6099225350607331,0.19735489245553806,174,0.6096719106038412,0.07440110818835075,0.36427585283915204,0.05057981123515491,0.00022689772997186447,0.12584753432972487,"OrderedDict([('reg_alpha', 0.00022689772997186447), ('reg_lambda', 0.12584753432972487)])",151,random search for 2 group,1
0.8326866257150243,0.7057677503095989,0.3922951714857572,0.6435831825034601,0.185087994558389,2,1.389131228129069,0.4514941843744774,0.43956192334493,0.05577752865533315,7.846425754276522e-05,0.4652530684345434,"OrderedDict([('reg_alpha', 7.846425754276522e-05), ('reg_lambda', 0.4652530684345434)])",152,random search for 2 group,1
0.8177512684910357,0.6828482315139064,0.2729795743985308,0.5911930248011577,0.23165283991247473,261,0.7538646856943766,0.06234267639608734,0.45539649327596027,0.022572619357650085,0.00021589991526194124,0.08878253929493742,"OrderedDict([('reg_alpha', 0.00021589991526194124), ('reg_lambda', 0.08878253929493742)])",153,random search for 2 group,1
0.7804697329675911,0.713932455369239,0.254996216734357,0.5831328016903957,0.23361223729007113,286,0.8395977814992269,0.2315286825208487,0.37842822074890137,0.09584575718365347,0.721598657465696,0.8833428268683364,"OrderedDict([('reg_alpha', 0.721598657465696), ('reg_lambda', 0.8833428268683364)])",154,random search for 2 group,1
0.846052263846889,0.6740731263204991,0.34985327167195446,0.6233262206131142,0.205726025396255,77,1.0389141241709392,0.21139312330835472,0.3511834939320882,0.037502020185395564,0.8666126524128794,0.460969675616674,"OrderedDict([('reg_alpha', 0.8666126524128794), ('reg_lambda', 0.460969675616674)])",155,random search for 2 group,1
0.812931136029507,0.6808328145416846,0.3012624045997149,0.5983421183903022,0.2168790121925094,240,0.7002159754435221,0.18695350242599845,0.29277976353963214,0.02904644643780233,0.0,0.4906295254715052,"OrderedDict([('reg_alpha', 0.0), ('reg_lambda', 0.4906295254715052)])",156,random search for 2 group,1
0.8287379987293452,0.6724206660315932,0.3268734588415816,0.6093440412008401,0.2096838883481813,182,0.9694828192392985,0.3231254311997134,0.37710126241048175,0.0967644004932732,0.0,0.4539474611215444,"OrderedDict([('reg_alpha', 0.0), ('reg_lambda', 0.4539474611215444)])",157,random search for 2 group,1
0.8296273805979384,0.6682514036302314,0.37868571164330245,0.6255214986238241,0.18655916092273173,68,0.6339193979899088,0.07133158663516168,0.46498966217041016,0.08648505546173885,0.0,0.4714107408330151,"OrderedDict([('reg_alpha', 0.0), ('reg_lambda', 0.4714107408330151)])",158,random search for 2 group,1
0.8460973327540245,0.7106321460796443,0.355203462888107,0.6373109805739253,0.20700433626910955,13,0.8788050810496012,0.08387662116062067,0.4065743287404378,0.05887461908680601,0.7295144334435452,0.5790164543364179,"OrderedDict([('reg_alpha', 0.7295144334435452), ('reg_lambda', 0.5790164543364179)])",159,random search for 2 group,1
0.8061023496891869,0.6792058241119807,0.35047731266967785,0.6119284954902818,0.19199517841100647,162,0.9769763946533203,0.061331244738764897,0.3133250077565511,0.053119417806285506,0.6249015292762525,0.03385299550993282,"OrderedDict([('reg_alpha', 0.6249015292762525), ('reg_lambda', 0.03385299550993282)])",160,random search for 2 group,1
0.8430871357932993,0.7053822356336544,0.32635553774009374,0.6249416363890158,0.21848860170389106,70,0.6158948739369711,0.05367580618570876,0.4151499271392822,0.04877442452553615,0.1631039084395949,0.2626483488343479,"OrderedDict([('reg_alpha', 0.1631039084395949), ('reg_lambda', 0.2626483488343479)])",161,random search for 2 group,1
0.8393826662977213,0.6861485084332997,0.3119483115568864,0.6124931620959692,0.22153341685213737,154,0.6625990867614746,0.13476127696198223,0.384077787399292,0.03963547108057138,0.3652931964059463,0.28776626977565106,"OrderedDict([('reg_alpha', 0.3652931964059463), ('reg_lambda', 0.28776626977565106)])",162,random search for 2 group,1
0.8419990252933719,0.6586235618040981,0.3599715896786836,0.6201980589253845,0.19865380544207997,105,0.8093346754709879,0.07296206041259959,0.3760991096496582,0.018579579216696344,0.8449399892478787,0.1946253628942119,"OrderedDict([('reg_alpha', 0.8449399892478787), ('reg_lambda', 0.1946253628942119)])",163,random search for 2 group,1
0.8131636067095689,0.6911161352339561,0.23895280523756957,0.5810775157270315,0.24699647024336366,291,0.8123992284138998,0.2306198476205979,0.43338902791341144,0.021584836207712968,0.04021841844587349,0.7567419694297999,"OrderedDict([('reg_alpha', 0.04021841844587349), ('reg_lambda', 0.7567419694297999)])",164,random search for 2 group,1
0.8459938945720257,0.6808180705503017,0.34257619603034806,0.6231293870508918,0.2095285707712613,78,0.6830124060312907,0.14555597175322058,0.3470339775085449,0.06964124268925856,0.4075896500603693,0.17058745608096762,"OrderedDict([('reg_alpha', 0.4075896500603693), ('reg_lambda', 0.17058745608096762)])",165,random search for 2 group,1
0.857343742698683,0.7084412473411952,0.2655904193982249,0.610458469812701,0.25132113245597804,171,0.7551890214284261,0.05577188664236995,0.3526582717895508,0.08923578884574379,0.3445943487330864,0.6474016712058274,"OrderedDict([('reg_alpha', 0.3445943487330864), ('reg_lambda', 0.6474016712058274)])",166,random search for 2 group,1
0.8293246758299202,0.6539400974678229,0.31033430037535104,0.5978663578910314,0.21555502105991878,244,0.7316808700561523,0.15564066600379267,0.3337106704711914,0.04303467224867305,0.31347688755692465,0.4077928771867484,"OrderedDict([('reg_alpha', 0.31347688755692465), ('reg_lambda', 0.4077928771867484)])",167,random search for 2 group,1
0.7878809000604812,0.6881861104395182,0.33159529165243606,0.6025541007174785,0.1958720159132005,224,0.8071230252583822,0.24393596919802366,0.36075639724731445,0.0315231580282485,0.37392092486412637,0.3202661377257037,"OrderedDict([('reg_alpha', 0.37392092486412637), ('reg_lambda', 0.3202661377257037)])",168,random search for 2 group,1
0.7936391292556858,0.7372482414214026,0.25459942448204775,0.5951622650530454,0.24191220079610803,251,0.4873658021291097,0.1471845349650355,0.32152867317199707,0.04336226226008741,0.37121711260114515,0.9324590503334745,"OrderedDict([('reg_alpha', 0.37121711260114515), ('reg_lambda', 0.9324590503334745)])",169,random search for 2 group,1
0.7611182102277562,0.6809622470913679,0.30656949675453704,0.5828833180245537,0.198104754234066,287,0.6606300671895345,0.17699060980861422,0.39417282740275067,0.04841414595672265,0.009756435988485355,0.0,"OrderedDict([('reg_alpha', 0.009756435988485355), ('reg_lambda', 0.0)])",170,random search for 2 group,1
0.8323351626607762,0.6822904815971089,0.31490785601543403,0.6098445000911065,0.21736155684763162,176,0.8127888838450114,0.19076356465086314,0.3851753870646159,0.04264002486813585,0.005623277083535939,0.5564834506101755,"OrderedDict([('reg_alpha', 0.005623277083535939), ('reg_lambda', 0.5564834506101755)])",171,random search for 2 group,1
0.8530087483720132,0.6900554927988289,0.343439474620462,0.6288345719304348,0.212487194989724,48,0.7896331946055094,0.259999603146534,0.4423605600992839,0.057827178145119854,0.997244928493436,0.5087031546196721,"OrderedDict([('reg_alpha', 0.997244928493436), ('reg_lambda', 0.5087031546196721)])",172,random search for 2 group,1
0.8115472926103511,0.6841549344691449,0.32395662277996284,0.6065529499531529,0.2064827939999309,202,1.0916832288106282,0.2015339718479205,0.3990019162495931,0.049526387499426845,0.006149868090342349,0.21918373840397226,"OrderedDict([('reg_alpha', 0.006149868090342349), ('reg_lambda', 0.21918373840397226)])",173,random search for 2 group,1
0.8415121779184203,0.6680657871897613,0.3187661812530306,0.6094480487870707,0.2173980584074715,179,0.7446730136871338,0.14125472319984061,0.5448555946350098,0.04270121126664978,0.9943144596699881,0.48644537629644713,"OrderedDict([('reg_alpha', 0.9943144596699881), ('reg_lambda', 0.48644537629644713)])",174,random search for 2 group,1
0.8466511582337368,0.6703593948514999,0.3343803098044381,0.6171302876298915,0.21249370018791222,123,0.7446503639221191,0.12426269355909504,0.2555476824442546,0.0065776463984633955,0.014580491503524255,0.5851138346086108,"OrderedDict([('reg_alpha', 0.014580491503524255), ('reg_lambda', 0.5851138346086108)])",175,random search for 2 group,1
0.8414827972549982,0.665056154695489,0.30650986931160884,0.6043496070873654,0.22258028079766895,211,0.7154997189839681,0.16082922277016062,0.3989236354827881,0.06995630452741064,0.0024764654758396847,0.5401996802363819,"OrderedDict([('reg_alpha', 0.0024764654758396847), ('reg_lambda', 0.5401996802363819)])",176,random search for 2 group,1
0.8404007456477289,0.6928083142056904,0.3440023725998824,0.6257371441511006,0.2081293549382307,66,0.6564587752024332,0.07323861040580587,0.4660183588663737,0.02253684615429733,0.9927368357110087,0.26838495854300354,"OrderedDict([('reg_alpha', 0.9927368357110087), ('reg_lambda', 0.26838495854300354)])",177,random search for 2 group,1
0.8438484527554257,0.6872913891927772,0.32873020239505324,0.6199566814477521,0.21561876095540145,107,0.7723442713419596,0.016637642704162153,0.44422181447347003,0.06380526345269848,0.9980640846594627,0.4090055738093258,"OrderedDict([('reg_alpha', 0.9980640846594627), ('reg_lambda', 0.4090055738093258)])",178,random search for 2 group,1
0.7770587553011986,0.6457360498996942,0.3728028642374742,0.5985325564794556,0.16837821258155172,239,0.950594981511434,0.2817338882883127,0.4722279707590739,0.1429902887097667,0.9976537989009905,0.32743626847810153,"OrderedDict([('reg_alpha', 0.9976537989009905), ('reg_lambda', 0.32743626847810153)])",179,random search for 2 group,1
0.824844280405427,0.6654633199895341,0.36258069310512964,0.6176294311666969,0.19172544036698516,121,0.8222939173380533,0.25399663873972145,0.3353455066680908,0.009199464871203223,0.9964499776154786,0.19115146105306519,"OrderedDict([('reg_alpha', 0.9964499776154786), ('reg_lambda', 0.19115146105306519)])",180,random search for 2 group,1
0.8393474184939637,0.7086510328462663,0.27173603188451867,0.6065781610749162,0.24270671590201492,201,0.7591665585835775,0.3411539185129926,0.3170039653778076,0.07375371724912148,0.9980409507857393,0.6204617510416472,"OrderedDict([('reg_alpha', 0.9980409507857393), ('reg_lambda', 0.6204617510416472)])",181,random search for 2 group,1
0.8014051657830954,0.733224964038755,0.23417365030950543,0.5896012600437853,0.2528619179164027,267,0.6559624671936035,0.16822642246412456,0.4514976342519124,0.06623665062007654,0.9445916103993208,0.9998807866535414,"OrderedDict([('reg_alpha', 0.9445916103993208), ('reg_lambda', 0.9998807866535414)])",182,random search for 2 group,1
0.8448306090870328,0.684417884872332,0.34153306409734663,0.6235938526855705,0.2099234413887651,74,0.8114725748697916,0.17391122944129936,0.46887771288553876,0.037013638519153964,0.9985131090995095,0.526807847008549,"OrderedDict([('reg_alpha', 0.9985131090995095), ('reg_lambda', 0.526807847008549)])",183,random search for 2 group,1
0.8262707317795693,0.6806355569803184,0.334526932637634,0.613811073799174,0.20623954464482366,144,0.9550158182779948,0.1498788021309643,0.5268561840057373,0.11855401280447761,0.0007779630099378212,0.22669683480552855,"OrderedDict([('reg_alpha', 0.0007779630099378212), ('reg_lambda', 0.22669683480552855)])",184,random search for 2 group,1
0.841050433906636,0.695826144148499,0.31098314511401914,0.6159532410563847,0.22364792740415396,134,0.9989234606424967,0.20784876802779617,0.3071962197621663,0.05413842255545238,0.9997538562213142,0.4573240359677523,"OrderedDict([('reg_alpha', 0.9997538562213142), ('reg_lambda', 0.4573240359677523)])",185,random search for 2 group,1
0.808241852600502,0.6941645858907863,0.34228825990647316,0.6148982327992538,0.19831045305352557,140,1.1232141653696697,0.28490551156344474,0.33910051981608075,0.06572679786165199,0.9950262687866835,0.002259838497135403,"OrderedDict([('reg_alpha', 0.9950262687866835), ('reg_lambda', 0.002259838497135403)])",186,random search for 2 group,1
0.8442577869835777,0.6896594870684865,0.33447146318702914,0.6227962457463644,0.2134221852925559,82,0.932458241780599,0.07441840553451474,0.4400218327840169,0.01941779285610235,0.0026116494131676053,0.6365757397364918,"OrderedDict([('reg_alpha', 0.0026116494131676053), ('reg_lambda', 0.6365757397364918)])",187,random search for 2 group,1
0.8138422074014775,0.6392717805234965,0.3281632925649668,0.5937590934966469,0.2008723567998604,254,0.9581027825673422,0.24395057863210065,0.4606163501739502,0.027354949020520918,0.9975903282911812,0.14682898313915063,"OrderedDict([('reg_alpha', 0.9975903282911812), ('reg_lambda', 0.14682898313915063)])",188,random search for 2 group,1
0.8272218161919056,0.7133428966618649,0.2793785243732867,0.6066477457423524,0.23603807534656815,200,1.1990930239359539,0.28991071754337117,0.4607417583465576,0.10746804340174926,0.0001482711650099278,0.6774580373638548,"OrderedDict([('reg_alpha', 0.0001482711650099278), ('reg_lambda', 0.6774580373638548)])",189,random search for 2 group,1
0.8463576671297193,0.6581633876659438,0.31352998866550896,0.6060170144870574,0.22062905053682866,205,0.98040239016215,0.18560307620525826,0.4124126434326172,0.07321669388914766,0.0003148260168892581,0.18201194707472237,"OrderedDict([('reg_alpha', 0.0003148260168892581), ('reg_lambda', 0.18201194707472237)])",190,random search for 2 group,1
0.8527800303622483,0.6944970244158171,0.3516778736081698,0.632984976128745,0.20914690521138574,25,0.8955899874369303,0.2756284517054814,0.3174537817637126,0.03826733077946758,0.989321897101311,0.2518279197227192,"OrderedDict([('reg_alpha', 0.989321897101311), ('reg_lambda', 0.2518279197227192)])",191,random search for 2 group,1
0.8556814577137041,0.7114264408365292,0.3368070751632347,0.634638324571156,0.21867779542281085,20,0.6725983619689941,0.20220851185694014,0.4291850725809733,0.07588666390167756,0.009151841876507307,0.6092668467782372,"OrderedDict([('reg_alpha', 0.009151841876507307), ('reg_lambda', 0.6092668467782372)])",192,random search for 2 group,1
0.7820166005787477,0.7190017010716906,0.251234916068258,0.584084405906232,0.23676191494695092,283,1.1002161502838135,0.24790534446643508,0.4638521671295166,0.04966981265900023,0.995556979716803,0.7816511309253693,"OrderedDict([('reg_alpha', 0.995556979716803), ('reg_lambda', 0.7816511309253693)])",193,random search for 2 group,1
0.8373435516327263,0.7067119187490942,0.2811048705394342,0.6083867803070849,0.23748858530229966,192,0.6719968318939209,0.13490882324691822,0.42383559544881183,0.03451074563610947,0.9958679070475801,0.5737987007661468,"OrderedDict([('reg_alpha', 0.9958679070475801), ('reg_lambda', 0.5737987007661468)])",194,random search for 2 group,1
0.8427859021764484,0.6944961957604388,0.3561727547121103,0.6311516175496659,0.20364591904056245,32,0.6007538636525472,0.11076142574451979,0.33857019742329914,0.03770123081620228,0.9964843060284891,0.2504945180420948,"OrderedDict([('reg_alpha', 0.9964843060284891), ('reg_lambda', 0.2504945180420948)])",195,random search for 2 group,1
0.8349369971748928,0.6753994486589523,0.33763391719819424,0.6159901210106797,0.20732372351356307,133,0.882971445719401,0.27975144798895674,0.45182085037231445,0.11335433996233182,0.0011580157415075345,0.28109217795690616,"OrderedDict([('reg_alpha', 0.0011580157415075345), ('reg_lambda', 0.28109217795690616)])",196,random search for 2 group,1
0.8571907892122024,0.6974580353003976,0.3367637482728012,0.6304708575951338,0.21767948566324563,36,0.9994964599609375,0.4897053329950219,0.4008067448933919,0.03373104067377266,0.009513951485520146,0.6054416079899179,"OrderedDict([('reg_alpha', 0.009513951485520146), ('reg_lambda', 0.6054416079899179)])",197,random search for 2 group,1
0.8422027310243877,0.662876718635236,0.34148327468943696,0.6155209081163535,0.20714233927506207,139,0.7799543539683024,0.10771428610565063,0.28039971987406415,0.03791095509129668,0.6075763799214122,0.23859095504367694,"OrderedDict([('reg_alpha', 0.6075763799214122), ('reg_lambda', 0.23859095504367694)])",198,random search for 2 group,1
0.8243595221985001,0.6987752588272549,0.3683211813713627,0.6304853207990392,0.19233716715361288,35,0.549789826075236,0.13673344011847507,0.3323936462402344,0.05233492694781935,0.9961401563418594,0.28600562888095643,"OrderedDict([('reg_alpha', 0.9961401563418594), ('reg_lambda', 0.28600562888095643)])",199,random search for 2 group,1
0.7988901228519473,0.7458185093494852,0.2150271759142397,0.5865786027052241,0.2636184061641003,272,0.7494692007700602,0.04400780051371101,0.41028857231140137,0.04704443872598282,0.004714188600172365,0.999257472330248,"OrderedDict([('reg_alpha', 0.004714188600172365), ('reg_lambda', 0.999257472330248)])",200,random search for 2 group,1
0.8276836110492469,0.6832135718258632,0.34421373150360934,0.6183703047929064,0.2026314685442496,118,0.5031555493672689,0.11407479331439763,0.29948147137959796,0.06913434615431836,0.0012932880751459488,0.4297956388612608,"OrderedDict([('reg_alpha', 0.0012932880751459488), ('reg_lambda', 0.4297956388612608)])",201,random search for 2 group,1
0.8521269529612387,0.6843274047720413,0.3443115965689424,0.6269219847674075,0.2112512654500797,57,0.8537048498789469,0.2154868246286366,0.3281412124633789,0.018772326768571376,0.9996016044952716,0.4339377219838406,"OrderedDict([('reg_alpha', 0.9996016044952716), ('reg_lambda', 0.4339377219838406)])",202,random search for 2 group,1
0.8565421685905821,0.698296798849888,0.3253330810846633,0.6267240161750445,0.2226922705994126,61,1.0023414293924968,0.25349859398345415,0.41275326410929364,0.09438455952458548,0.0007930645824338891,0.6232915321558234,"OrderedDict([('reg_alpha', 0.0007930645824338891), ('reg_lambda', 0.6232915321558234)])",203,random search for 2 group,1
0.8314345291835006,0.7048043298096134,0.38663073204619336,0.6409565303464357,0.18711851967698495,5,0.5578125317891439,0.15993589329056399,0.3390992482503255,0.024946284404564884,0.9966894947989726,0.28264219945398755,"OrderedDict([('reg_alpha', 0.9966894947989726), ('reg_lambda', 0.28264219945398755)])",204,random search for 2 group,1
0.8170268497528173,0.6889661838209407,0.3530030984706015,0.6196653773481198,0.19567228005322646,109,0.7346790631612142,0.13471137799565494,0.49910608927408856,0.04360321489737166,0.9982671496507058,0.2720474389479342,"OrderedDict([('reg_alpha', 0.9982671496507058), ('reg_lambda', 0.2720474389479342)])",205,random search for 2 group,1
0.8442371491744359,0.6483573745220188,0.36187062942364256,0.6181550510400324,0.1980799503599595,119,0.644269069035848,0.07824367785854353,0.3561681906382243,0.05239839152943475,0.9982679696848545,0.37285748425586557,"OrderedDict([('reg_alpha', 0.9982679696848545), ('reg_lambda', 0.37285748425586557)])",206,random search for 2 group,1
0.8366199075439655,0.6721826974181162,0.31878927169374305,0.6091972922186083,0.21604399676512048,186,0.7544268767038981,0.2181034322688886,0.37456440925598145,0.022624721407253866,0.5210628687338468,0.5107366799708017,"OrderedDict([('reg_alpha', 0.5210628687338468), ('reg_lambda', 0.5107366799708017)])",207,random search for 2 group,1
0.8466423979380155,0.719088595290648,0.33670967684496467,0.6341468900245427,0.21667051019228284,22,0.7704553604125977,0.06665734852102487,0.4821053345998128,0.06412922105424919,0.36623655184814047,0.5903760202023087,"OrderedDict([('reg_alpha', 0.36623655184814047), ('reg_lambda', 0.5903760202023087)])",208,random search for 2 group,1
0.8254897393929537,0.686133240931777,0.33497058847247707,0.6155311895990693,0.2063827295652845,138,0.7582265535990397,0.1276425620982519,0.4034021695454915,0.05979692239115144,0.002985355347017827,0.37112222269925627,"OrderedDict([('reg_alpha', 0.002985355347017827), ('reg_lambda', 0.37112222269925627)])",209,random search for 2 group,1
0.8561385105059592,0.6903266354713671,0.3448707771317212,0.6304453077030158,0.21297574800726846,37,0.8197872638702393,0.32676948232729175,0.3811272780100505,0.09166526552697235,0.3909214296121891,0.5990178642734544,"OrderedDict([('reg_alpha', 0.3909214296121891), ('reg_lambda', 0.5990178642734544)])",210,random search for 2 group,1
0.785084172283899,0.736157620008882,0.23339623402365395,0.5848793421054783,0.24933743311628195,281,0.7696999708811442,0.13003027659676225,0.5042030016581217,0.03958556539610112,0.9967165723606733,0.9398702769657741,"OrderedDict([('reg_alpha', 0.9967165723606733), ('reg_lambda', 0.9398702769657741)])",211,random search for 2 group,1
0.8257378637970205,0.691207171973651,0.3437152740588998,0.6202201032765238,0.2030858885564088,104,1.288301706314087,0.4042141383165294,0.5490568478902181,0.04134970882867285,0.002755110706142428,0.3202626576712921,"OrderedDict([('reg_alpha', 0.002755110706142428), ('reg_lambda', 0.3202626576712921)])",212,random search for 2 group,1
0.8504424523267676,0.6788534569890983,0.3385184933419989,0.6226048008859549,0.21274314470853822,83,0.9772943655649821,0.15146537080889352,0.4215537707010905,0.18785415202393935,0.5233780502705262,0.5614805454610814,"OrderedDict([('reg_alpha', 0.5233780502705262), ('reg_lambda', 0.5614805454610814)])",213,random search for 2 group,1
0.8401702281943982,0.6791068492484158,0.3292418060913299,0.616172961178048,0.21327989251829466,132,1.0142507553100586,0.26922072600066604,0.37702147165934247,0.08162454865613512,0.5102242901261334,0.4544835850403057,"OrderedDict([('reg_alpha', 0.5102242901261334), ('reg_lambda', 0.4544835850403057)])",214,random search for 2 group,1
0.8082567662705673,0.6991509694249183,0.34369054337315863,0.6170327596895481,0.19834816887130213,124,0.8357233206431071,0.1366558912540545,0.4007393519083659,0.07077909926508667,0.9970019962045156,0.003440569871367095,"OrderedDict([('reg_alpha', 0.9970019962045156), ('reg_lambda', 0.003440569871367095)])",215,random search for 2 group,1
0.8219332419377013,0.6913887218889565,0.36800014899571676,0.6271073709407916,0.19081034611494904,55,0.6865433057149252,0.10744878344165915,0.3501590887705485,0.04769321786394374,0.41715644047194556,0.6094494356670043,"OrderedDict([('reg_alpha', 0.41715644047194556), ('reg_lambda', 0.6094494356670043)])",216,random search for 2 group,1
0.8007912599965139,0.6817583225788835,0.310025915560859,0.5975251660454188,0.20902005377388255,245,0.9953385988871256,0.11117554373597623,0.3292734622955322,0.044368614803291816,0.9951420570197714,0.04788808856067196,"OrderedDict([('reg_alpha', 0.9951420570197714), ('reg_lambda', 0.04788808856067196)])",217,random search for 2 group,1
0.831625388501097,0.6975129799078613,0.2999997701010053,0.6097127128366545,0.22574043310574116,177,0.8224682807922363,0.2373626991429972,0.335065762201945,0.07062805140900758,0.5909169513715302,0.26092950666688514,"OrderedDict([('reg_alpha', 0.5909169513715302), ('reg_lambda', 0.26092950666688514)])",218,random search for 2 group,1
0.8326534413191321,0.6507160996598822,0.28897415761444034,0.5907812328644848,0.2259659739514605,263,0.9389337698618571,0.26363292878300976,0.4012513955434163,0.06414313477156593,0.9980332540269974,0.2192055637088191,"OrderedDict([('reg_alpha', 0.9980332540269974), ('reg_lambda', 0.2192055637088191)])",219,random search for 2 group,1
0.8478975857010537,0.658678495720347,0.342469604705926,0.6163485620424423,0.2084997657186288,131,0.6710697809855143,0.15243257282942277,0.43927502632141113,0.04398371993504988,0.0030253842777718818,0.5946930990348186,"OrderedDict([('reg_alpha', 0.0030253842777718818), ('reg_lambda', 0.5946930990348186)])",220,random search for 2 group,1
0.8374856356649795,0.7194524072697326,0.2553272298539878,0.6040884242628999,0.2512750668032935,212,1.1411503950754802,0.26365222555654205,0.4057060082753499,0.031377540833430216,0.9932264320232037,0.6505532890421533,"OrderedDict([('reg_alpha', 0.9932264320232037), ('reg_lambda', 0.6505532890421533)])",221,random search for 2 group,1
0.8334817964937745,0.6881929350051266,0.3288468351731243,0.6168405222240084,0.21210451221671964,127,0.7265477180480957,0.05797532338332472,0.49275628725687665,0.0598741330973701,0.9978928248186932,0.4146879113363042,"OrderedDict([('reg_alpha', 0.9978928248186932), ('reg_lambda', 0.4146879113363042)])",222,random search for 2 group,1
0.7789716580289571,0.6565902366248606,0.3628457918053243,0.599469228819714,0.1746182336500571,235,0.848134438196818,0.3319482625692967,0.4216420650482178,0.08685672003670462,0.9965664084182168,0.30335274793823613,"OrderedDict([('reg_alpha', 0.9965664084182168), ('reg_lambda', 0.30335274793823613)])",223,random search for 2 group,1
0.8212414371712947,0.6691614513333062,0.3147490129479168,0.6017173004841726,0.21220301452734527,227,0.9187906583150228,0.20470081861130873,0.38027437527974445,0.05509955493633479,0.0002896197896863351,0.4030601654047622,"OrderedDict([('reg_alpha', 0.0002896197896863351), ('reg_lambda', 0.4030601654047622)])",224,random search for 2 group,1
0.8294959194087793,0.6836368243412434,0.2851610106783279,0.5994312514761169,0.23006239311949753,236,0.6251213550567627,0.08309146327466056,0.34491713841756183,0.1284395981170304,0.003293122778774694,0.708154791007816,"OrderedDict([('reg_alpha', 0.003293122778774694), ('reg_lambda', 0.708154791007816)])",225,random search for 2 group,1
0.8341082212755918,0.6896826518098178,0.34115536799317603,0.6216487470261952,0.2069171944521109,92,0.7115990320841471,0.23036733623487446,0.3713672955830892,0.06115422876748416,8.10158894457569e-05,0.6396100343665106,"OrderedDict([('reg_alpha', 8.10158894457569e-05), ('reg_lambda', 0.6396100343665106)])",226,random search for 2 group,1
0.8313324866260658,0.6352738328975585,0.362186185399507,0.6095975016410438,0.19238679524807306,178,0.8942084312438965,0.11751988353647344,0.367038091023763,0.03789497630976126,3.042271439723799e-05,0.16256015086183553,"OrderedDict([('reg_alpha', 3.042271439723799e-05), ('reg_lambda', 0.16256015086183553)])",227,random search for 2 group,1
0.8285128401114044,0.7098727231150765,0.31596969832414357,0.6181184205168748,0.2190726775634832,120,0.5400652885437012,0.031213654404699337,0.32985766728719074,0.026190854205298427,0.0019929623843444326,0.2624956935086716,"OrderedDict([('reg_alpha', 0.0019929623843444326), ('reg_lambda', 0.2624956935086716)])",228,random search for 2 group,1
0.7718360530084686,0.7276753425482391,0.2484031653652582,0.5826381869739886,0.23702648141706226,288,1.1898693243662517,0.4019112387885067,0.4173769950866699,0.08134598934245126,0.0014637577112520674,0.9196850731465785,"OrderedDict([('reg_alpha', 0.0014637577112520674), ('reg_lambda', 0.9196850731465785)])",229,random search for 2 group,1
0.8415215262802547,0.6661356960245364,0.3154957218401504,0.6077176480483139,0.21868590562909915,195,0.6837004820505778,0.10492145966912735,0.3725370566050212,0.04785490251654419,0.9962290230416653,0.48763781373408066,"OrderedDict([('reg_alpha', 0.9962290230416653), ('reg_lambda', 0.48763781373408066)])",230,random search for 2 group,1
0.8331934305926884,0.7168248688756158,0.28582474549229875,0.6119476816535343,0.23544643786764471,161,0.9486130078633627,0.2719102431349462,0.4566795825958252,0.08251870556572156,0.9843714959501191,0.5822972988773986,"OrderedDict([('reg_alpha', 0.9843714959501191), ('reg_lambda', 0.5822972988773986)])",231,random search for 2 group,1
0.8062911657665246,0.667201952376758,0.3250412941505446,0.5995114707646091,0.202215826463151,234,0.9073328177134196,0.32372808789798047,0.5145650704701742,0.034297372017156,0.0006310933251107987,0.308614777144342,"OrderedDict([('reg_alpha', 0.0006310933251107987), ('reg_lambda', 0.308614777144342)])",232,random search for 2 group,1
0.8512495988753158,0.6657209792937226,0.3060569170289362,0.6076758317326583,0.22632674676412895,196,1.122391144434611,0.44280158485834487,0.4663214683532715,0.08478313616979942,0.005525173176603505,0.5802515843474008,"OrderedDict([('reg_alpha', 0.005525173176603505), ('reg_lambda', 0.5802515843474008)])",233,random search for 2 group,1
0.8359802106502294,0.6739844277661818,0.34844825233639765,0.6194709635842697,0.20273240314457944,110,0.6701796054840088,0.27978837837032194,0.3397064208984375,0.018290846287129615,0.9982808404127951,0.5416710628990762,"OrderedDict([('reg_alpha', 0.9982808404127951), ('reg_lambda', 0.5416710628990762)])",234,random search for 2 group,1
0.8214188379305768,0.6805199362332026,0.3221077792364484,0.6080155178000759,0.2101912642536273,194,0.7954350312550863,0.23039128498452405,0.36150391896565753,0.08412864658704024,0.9928677635359113,0.39064436648637246,"OrderedDict([('reg_alpha', 0.9928677635359113), ('reg_lambda', 0.39064436648637246)])",235,random search for 2 group,1
0.7838753567048069,0.6663378408874105,0.31486475102427725,0.5883593162054982,0.19925398330419064,271,0.641110340754191,0.1903515476354116,0.4355322519938151,0.012705681140134293,0.003310022061449481,0.03790852488133046,"OrderedDict([('reg_alpha', 0.003310022061449481), ('reg_lambda', 0.03790852488133046)])",236,random search for 2 group,1
0.815835051785016,0.717562739038238,0.2869489339253549,0.6067822415828696,0.229687280707937,198,0.6632599035898844,0.07819585723517228,0.37690027554829914,0.07892809428653916,0.005062083628987414,0.8092906590397063,"OrderedDict([('reg_alpha', 0.005062083628987414), ('reg_lambda', 0.8092906590397063)])",237,random search for 2 group,1
0.8419877343278652,0.7011026349734691,0.2837255368761581,0.6089386353924975,0.23704404990067876,189,0.9377810955047607,0.08200722814359601,0.4176628589630127,0.007183243760431293,0.45531613977531316,0.617855028720335,"OrderedDict([('reg_alpha', 0.45531613977531316), ('reg_lambda', 0.617855028720335)])",238,random search for 2 group,1
0.81386614619724,0.682187945910385,0.34093331977850605,0.6123291372953771,0.19929300779160034,156,0.7407181262969971,0.10836945723018662,0.41939536730448407,0.02177908762465667,0.9739095606245727,0.00021656136093006767,"OrderedDict([('reg_alpha', 0.9739095606245727), ('reg_lambda', 0.00021656136093006767)])",239,random search for 2 group,1
0.8417972525341302,0.7121182546266485,0.3289918879809778,0.6276357983805855,0.21770821380714883,53,0.7132712999979655,0.3620213072917764,0.41323399543762207,0.03620966813718156,0.0035132349069662014,0.5084561423217695,"OrderedDict([('reg_alpha', 0.0035132349069662014), ('reg_lambda', 0.5084561423217695)])",240,random search for 2 group,1
0.8197669091859453,0.6452228558589642,0.3356785794870406,0.60022278151065,0.20017347935592303,230,0.7526809374491373,0.2736801972380086,0.3368350664774577,0.024565732906478257,0.9952061473604483,0.11839398078777433,"OrderedDict([('reg_alpha', 0.9952061473604483), ('reg_lambda', 0.11839398078777433)])",241,random search for 2 group,1
0.8376291969736747,0.6548358258701237,0.31569255947246,0.6027191941054194,0.21624302820575422,222,0.7673195203145345,0.2668196446417887,0.39777175585428876,0.026428030380336615,0.0005300332524861285,0.5227004681006564,"OrderedDict([('reg_alpha', 0.0005300332524861285), ('reg_lambda', 0.5227004681006564)])",242,random search for 2 group,1
0.8205186090780086,0.6819535801319725,0.36621121312896,0.6228944674463137,0.19011362671994242,80,0.7510948181152344,0.18362755999333857,0.3915126323699951,0.03778948728041153,0.9953725564184559,0.4417829728289704,"OrderedDict([('reg_alpha', 0.9953725564184559), ('reg_lambda', 0.4417829728289704)])",243,random search for 2 group,1
0.8370137306710483,0.6728952685030527,0.31806990654890577,0.6093263019076689,0.21657398009938325,183,0.7950789928436279,0.17477349181765992,0.3984198570251465,0.06603996961982742,0.0014799115080272878,0.44368111710306835,"OrderedDict([('reg_alpha', 0.0014799115080272878), ('reg_lambda', 0.44368111710306835)])",244,random search for 2 group,1
0.8385760057385299,0.7055543806599216,0.33902183033735545,0.6277174055786023,0.21123847433259607,52,0.7743581930796305,0.19299609797024614,0.38156628608703613,0.09169716050482907,0.014164858513110449,0.6499011239786182,"OrderedDict([('reg_alpha', 0.014164858513110449), ('reg_lambda', 0.6499011239786182)])",245,random search for 2 group,1
0.7896656024751081,0.722935295914449,0.24511317364733898,0.5859046906789653,0.24251099908245793,274,0.7010073661804199,0.16847159838035924,0.35302066802978516,0.0651002888820543,0.9982383384566722,0.8436824901422086,"OrderedDict([('reg_alpha', 0.9982383384566722), ('reg_lambda', 0.8436824901422086)])",246,random search for 2 group,1
0.8183486875525448,0.6838912522237597,0.3555986605573821,0.6192795334445621,0.19436289516212968,113,0.9603079160054525,0.25242876870389575,0.38021310170491535,0.08540778811420449,0.0008386457821070172,0.23370653550003379,"OrderedDict([('reg_alpha', 0.0008386457821070172), ('reg_lambda', 0.23370653550003379)])",247,random search for 2 group,1
0.8485661277649234,0.6507553574419234,0.3127361260410727,0.6040192037493065,0.22123388639375957,214,0.7769819895426432,0.08029146443566107,0.31311583518981934,0.05276454626108915,0.47438767083734523,0.4786981766057232,"OrderedDict([('reg_alpha', 0.47438767083734523), ('reg_lambda', 0.4786981766057232)])",248,random search for 2 group,1
0.8392949724776546,0.6699159450383823,0.35303640358136523,0.6207491070324673,0.20153557572778025,98,0.7867693901062012,0.25700965077109594,0.3750874996185303,0.020623015001354238,0.5421339540321429,0.5502333791159596,"OrderedDict([('reg_alpha', 0.5421339540321429), ('reg_lambda', 0.5502333791159596)])",249,random search for 2 group,1
0.8188932802498206,0.6708265742598758,0.3275365728771876,0.6057521424622947,0.20580551454443963,206,0.6581599712371826,0.1333094838778756,0.5190254847208658,0.06232631975594992,0.46350969539838927,0.2087453997188657,"OrderedDict([('reg_alpha', 0.46350969539838927), ('reg_lambda', 0.2087453997188657)])",250,random search for 2 group,1
0.8539145833903542,0.7066643964255972,0.336862267741014,0.6324804158523218,0.21750589495437941,28,0.8096586863199869,0.07517331232774548,0.48830993970235187,0.028426604505217865,0.007779216756823472,0.6256375350005802,"OrderedDict([('reg_alpha', 0.007779216756823472), ('reg_lambda', 0.6256375350005802)])",251,random search for 2 group,1
0.8227347433947141,0.6757640375247871,0.35216973502689564,0.6168895053154656,0.1965663834979608,125,0.6265939076741537,0.190579665134746,0.3813871542612712,0.06376020918792376,0.0030307409572988284,0.34318804864050895,"OrderedDict([('reg_alpha', 0.0030307409572988284), ('reg_lambda', 0.34318804864050895)])",252,random search for 2 group,1
0.7855163792803017,0.716863140768154,0.3070098874767416,0.6031298025083992,0.21125587936326334,217,0.9327901204427084,0.2742021379660472,0.4231743812561035,0.07566771711086834,0.5644332295413985,3.5601925112094264e-05,"OrderedDict([('reg_alpha', 0.5644332295413985), ('reg_lambda', 3.5601925112094264e-05)])",253,random search for 2 group,1
0.8050622027117188,0.7259037394307064,0.23565474588696567,0.5888735626764636,0.25184540890247537,268,0.8322149912516276,0.3109974000491011,0.35355575879414874,0.04602695101738147,0.9955760281374403,0.7395468311759095,"OrderedDict([('reg_alpha', 0.9955760281374403), ('reg_lambda', 0.7395468311759095)])",254,random search for 2 group,1
0.8387316816273177,0.6664910494749403,0.3448846787824881,0.6167024699615821,0.20466296284733393,128,0.7657705942789713,0.2852645805579618,0.46819130579630536,0.09348333099348424,0.9995149874633998,0.2614625283742554,"OrderedDict([('reg_alpha', 0.9995149874633998), ('reg_lambda', 0.2614625283742554)])",255,random search for 2 group,1
0.8283587647531596,0.7015812314938392,0.26413529122212764,0.5980250958230422,0.2417022092674609,243,0.8080834547678629,0.21407232375856686,0.43793495496114093,0.12018385845921556,0.0045659288933660456,0.6628348480808514,"OrderedDict([('reg_alpha', 0.0045659288933660456), ('reg_lambda', 0.6628348480808514)])",256,random search for 2 group,1
0.8359770927197383,0.6443281101566456,0.3760572387813329,0.6187874805525723,0.1886280481655373,114,0.5540947914123535,0.05179521789734633,0.4549441337585449,0.1407920225613988,0.9991477571566426,0.3484059709446928,"OrderedDict([('reg_alpha', 0.9991477571566426), ('reg_lambda', 0.3484059709446928)])",257,random search for 2 group,1
0.8455772993770232,0.7036134358716759,0.2784271484172731,0.6092059612219908,0.2409694335881836,185,0.5767951806386312,0.05037083643691194,0.3914966583251953,0.053794951713744425,0.9948165261720849,0.5979623087269733,"OrderedDict([('reg_alpha', 0.9948165261720849), ('reg_lambda', 0.5979623087269733)])",258,random search for 2 group,1
0.8363545861550259,0.6876297906053097,0.3415339181149595,0.6218394316250984,0.20729713276834166,87,0.9225958188374838,0.5172115019951543,0.5134341716766357,0.0705811205815642,0.9958639318727058,0.5277782531891012,"OrderedDict([('reg_alpha', 0.9958639318727058), ('reg_lambda', 0.5277782531891012)])",259,random search for 2 group,1
0.8385882031163729,0.6903972128103133,0.34905847935416,0.626014631760282,0.20496938823260902,64,0.8296329180399576,0.13949556323935378,0.3733359972635905,0.070789526819352,0.9988335758049707,0.42917505437585346,"OrderedDict([('reg_alpha', 0.9988335758049707), ('reg_lambda', 0.42917505437585346)])",260,random search for 2 group,1
0.8073069649349743,0.7154035921393598,0.22060994551893498,0.5811068341977564,0.2576561824643263,290,0.6708327929178873,0.21791741774292853,0.3525996208190918,0.05221326378479426,0.9860188027466149,0.9998893583793994,"OrderedDict([('reg_alpha', 0.9860188027466149), ('reg_lambda', 0.9998893583793994)])",261,random search for 2 group,1
0.8195722258472644,0.6784625618116998,0.35379377864106265,0.6172761887666757,0.1950131955454276,122,0.8415845235188802,0.3782289530369341,0.33951179186503094,0.06144280389934759,0.9861047349962032,0.1759680600815852,"OrderedDict([('reg_alpha', 0.9861047349962032), ('reg_lambda', 0.1759680600815852)])",262,random search for 2 group,1
0.8593663594177652,0.696142966406578,0.3412734849134691,0.6322609369126041,0.21628028407945216,29,1.0927644570668538,0.07278438322592046,0.5327677726745605,0.05077224900427988,0.0007360301162936402,0.6137045838210418,"OrderedDict([('reg_alpha', 0.0007360301162936402), ('reg_lambda', 0.6137045838210418)])",263,random search for 2 group,1
0.8470692130263594,0.6577373697888858,0.3376965302987649,0.6141677043713367,0.2102203118726075,143,1.061324675877889,0.22115816547606884,0.4721740086873372,0.0247273715977366,0.4576623379639164,0.5760645601441707,"OrderedDict([('reg_alpha', 0.4576623379639164), ('reg_lambda', 0.5760645601441707)])",264,random search for 2 group,1
0.8509295910877045,0.6570036983283114,0.33102649349504254,0.6129865943036862,0.2145195201788519,149,0.6674358050028483,0.12432565393301419,0.356420358022054,0.06783539671470988,0.000682652726750166,0.1914631316856284,"OrderedDict([('reg_alpha', 0.000682652726750166), ('reg_lambda', 0.1914631316856284)])",265,random search for 2 group,1
0.8285450523901035,0.6667894584977914,0.3342224325539288,0.6098523144806078,0.20578320614512405,175,0.7888519763946533,0.2571951042353015,0.328018585840861,0.041767516682308777,0.003256387565884534,0.2736907111589603,"OrderedDict([('reg_alpha', 0.003256387565884534), ('reg_lambda', 0.2736907111589603)])",266,random search for 2 group,1
0.7912108876141789,0.656514938296369,0.37228482735853086,0.6066702177563595,0.17461984063409183,199,0.8261623382568359,0.2024268840392009,0.4745696385701497,0.06264240562779007,0.9979125365249252,0.3000210077235949,"OrderedDict([('reg_alpha', 0.9979125365249252), ('reg_lambda', 0.3000210077235949)])",267,random search for 2 group,1
0.818009895511316,0.716028940214541,0.29080569964398273,0.6082815117899466,0.22831731907459435,193,0.7963213125864664,0.1676377722221765,0.35471192995707196,0.04769854920154469,0.997732156960321,0.6639065792514575,"OrderedDict([('reg_alpha', 0.997732156960321), ('reg_lambda', 0.6639065792514575)])",268,random search for 2 group,1
0.8633692743755513,0.7167435621348702,0.3362756891811344,0.6387961752305187,0.22213173003451284,9,0.7599747975667318,0.12841374285597718,0.32387344042460126,0.016257903125463043,0.0034436459610668333,0.6167085395804007,"OrderedDict([('reg_alpha', 0.0034436459610668333), ('reg_lambda', 0.6167085395804007)])",269,random search for 2 group,1
0.826172000350308,0.6363393192819018,0.331892721382934,0.5981346803383812,0.20358896045992664,242,0.9051388104756674,0.25969627578392823,0.4019564787546794,0.11502830290598993,0.0010212912641038854,0.14814715914490853,"OrderedDict([('reg_alpha', 0.0010212912641038854), ('reg_lambda', 0.14814715914490853)])",270,random search for 2 group,1
0.8633864429459561,0.698258131686737,0.33666009202471525,0.6327682222191361,0.21996493413005244,27,0.5962255795796713,0.07673028465719993,0.3358800411224365,0.09564740327974182,0.0022931766209102204,0.6194848393764707,"OrderedDict([('reg_alpha', 0.0022931766209102204), ('reg_lambda', 0.6194848393764707)])",271,random search for 2 group,1
0.8206389493022118,0.6725043142147145,0.34792609296363974,0.613689785493522,0.19741449242387593,146,0.7785216172536215,0.050935264663645875,0.4821225007375081,0.04647762677489181,0.0033366165237450627,0.367342544202141,"OrderedDict([('reg_alpha', 0.0033366165237450627), ('reg_lambda', 0.367342544202141)])",272,random search for 2 group,1
0.8495143730179356,0.6728819150117272,0.3491852758414027,0.6238605212903552,0.20717886660590404,72,1.1305732727050781,0.4757890626133383,0.3908638159434001,0.03465097275724121,0.5621265378334327,0.4343217861677612,"OrderedDict([('reg_alpha', 0.5621265378334327), ('reg_lambda', 0.4343217861677612)])",273,random search for 2 group,1
0.8526414819428391,0.7063159514175181,0.3364304477187957,0.6317959603597177,0.2172301080484396,30,0.692498524983724,0.026295344043237454,0.38041138648986816,0.047046402780543006,0.9998182437140993,0.5518044592579786,"OrderedDict([('reg_alpha', 0.9998182437140993), ('reg_lambda', 0.5518044592579786)])",274,random search for 2 group,1
0.8524354884007366,0.6725204156090734,0.36536696741675256,0.6301076238088542,0.20109379190583015,40,0.7060629526774088,0.032774193730019954,0.32857314745585126,0.0341427655203021,0.9929866937602546,0.44506230218194853,"OrderedDict([('reg_alpha', 0.9929866937602546), ('reg_lambda', 0.44506230218194853)])",275,random search for 2 group,1
0.7626192835397059,0.7301269518678,0.2631726011661899,0.5853062788578985,0.22816882292396057,277,0.8441316286722819,0.24424841633157185,0.5011181036631266,0.12467396358716598,0.00598214358550231,0.9613213792246977,"OrderedDict([('reg_alpha', 0.00598214358550231), ('reg_lambda', 0.9613213792246977)])",276,random search for 2 group,1
0.8571641694607441,0.700324924864753,0.3342344259338841,0.6305745067531271,0.2191083746860244,34,0.6432730356852213,0.21946851553294905,0.42203060785929364,0.03966062919560878,0.005937816938777598,0.60450829522732,"OrderedDict([('reg_alpha', 0.005937816938777598), ('reg_lambda', 0.60450829522732)])",277,random search for 2 group,1
0.8212190353338225,0.654646129327588,0.35137529682266866,0.6090801538280264,0.19450017694414293,187,0.7494610150655111,0.19775555995629926,0.3223183949788411,0.03841075933715309,0.9980294961371831,0.16975879708821942,"OrderedDict([('reg_alpha', 0.9980294961371831), ('reg_lambda', 0.16975879708821942)])",278,random search for 2 group,1
0.8008709144029007,0.6840632145406498,0.3340542568532734,0.6063294619322747,0.19834540606794426,204,0.6436358292897543,0.18290023708198924,0.3215169906616211,0.030420916660210837,0.9957258326319126,0.02882079717259068,"OrderedDict([('reg_alpha', 0.9957258326319126), ('reg_lambda', 0.02882079717259068)])",279,random search for 2 group,1
0.8405885786985321,0.6588606846650691,0.36190295605323675,0.6204507398056126,0.19730091101311617,101,0.7992832660675049,0.1602011199067674,0.3819133440653483,0.10976445188808034,0.9981879550060349,0.3747853316206183,"OrderedDict([('reg_alpha', 0.9981879550060349), ('reg_lambda', 0.3747853316206183)])",280,random search for 2 group,1
0.7999969855245981,0.7080914192101121,0.24711165850109773,0.5850666877452693,0.2418978567129361,278,0.9970089594523112,0.46194837184681725,0.5446757475535074,0.02129038794915119,0.9941449141408737,0.9053701611354731,"OrderedDict([('reg_alpha', 0.9941449141408737), ('reg_lambda', 0.9053701611354731)])",281,random search for 2 group,1
0.820531368854861,0.6971652986899011,0.3511157238958653,0.6229374638135424,0.19869589919588415,79,0.8331780433654785,0.22907256901446163,0.4347105026245117,0.04988172075250584,0.9959762787554581,0.5177046284864056,"OrderedDict([('reg_alpha', 0.9959762787554581), ('reg_lambda', 0.5177046284864056)])",282,random search for 2 group,1
0.8118624127354022,0.7153968699786395,0.24403842082190053,0.5904325678453141,0.2480834255566702,265,0.9192328453063965,0.23360339755442028,0.42749468485514325,0.07131469622969588,0.0007849851846176705,0.7977074477485951,"OrderedDict([('reg_alpha', 0.0007849851846176705), ('reg_lambda', 0.7977074477485951)])",283,random search for 2 group,1
0.8287752796326316,0.6862920636339462,0.3226256401796894,0.6125643278154225,0.21310982872888237,153,0.7231323719024658,0.11602520914362273,0.44550085067749023,0.13876477070294865,0.9985040828858756,0.4038989209801094,"OrderedDict([('reg_alpha', 0.9985040828858756), ('reg_lambda', 0.4038989209801094)])",284,random search for 2 group,1
0.8484247505358311,0.6535701404220723,0.30816507029286067,0.6033866537502547,0.22339638504231968,216,0.48770904541015625,0.02762390379118841,0.2787206172943115,0.04461906561013502,0.9939557185148514,0.46983439262118754,"OrderedDict([('reg_alpha', 0.9939557185148514), ('reg_lambda', 0.46983439262118754)])",285,random search for 2 group,1
0.8289378025991099,0.665986442991239,0.3632564896955084,0.6193935784286191,0.19294721656110767,112,0.7233266035715739,0.16507749016195467,0.3805669943491618,0.05012480529842093,0.004061094414339551,0.47553582296205876,"OrderedDict([('reg_alpha', 0.004061094414339551), ('reg_lambda', 0.47553582296205876)])",286,random search for 2 group,1
0.8523908376263474,0.6986525774392296,0.32740330394195716,0.6261489063358447,0.2203717531409225,62,0.8777765432993571,0.35494319527842905,0.45762793223063153,0.051870106285959915,0.9961484712557679,0.5551595302706708,"OrderedDict([('reg_alpha', 0.9961484712557679), ('reg_lambda', 0.5551595302706708)])",287,random search for 2 group,1
0.838629387124882,0.6529548153850726,0.33523715789255737,0.608940453467504,0.2078523228226078,188,0.5376967589060465,0.17504363414034838,0.45944682757059735,0.061414288502102746,0.00010126581755354194,0.2486153929388913,"OrderedDict([('reg_alpha', 0.00010126581755354194), ('reg_lambda', 0.2486153929388913)])",288,random search for 2 group,1
0.8360328376359535,0.6747272998005269,0.31980072370842183,0.6101869537149675,0.21563548110512,172,0.7200795809427897,0.133106554354147,0.304729700088501,0.09161036675910779,0.5303849277474699,0.5340202598453975,"OrderedDict([('reg_alpha', 0.5303849277474699), ('reg_lambda', 0.5340202598453975)])",289,random search for 2 group,1
0.8565517101738486,0.6983098766725946,0.3226864191723191,0.6258493353395874,0.22389124558103543,65,0.8322579065958658,0.12625573977192772,0.5505336920420328,0.108551748084995,0.0025664308019034414,0.6244867616347749,"OrderedDict([('reg_alpha', 0.0025664308019034414), ('reg_lambda', 0.6244867616347749)])",290,random search for 2 group,1
0.8448256697162494,0.6668791241833499,0.3522775286027514,0.6213274408341168,0.20364533666901086,95,0.956283171971639,0.10834047320871396,0.4348909854888916,0.12335644165002677,0.9946852620681462,0.2593453822435135,"OrderedDict([('reg_alpha', 0.9946852620681462), ('reg_lambda', 0.2593453822435135)])",291,random search for 2 group,1
0.806883977679938,0.7090640725435406,0.3495563001379349,0.6218347834538045,0.196628012276678,89,0.6290306250254313,0.05403388283320701,0.41595029830932617,0.0853870539598968,0.9917052777432933,0.09344944343637164,"OrderedDict([('reg_alpha', 0.9917052777432933), ('reg_lambda', 0.09344944343637164)])",292,random search for 2 group,1
0.8133255841134893,0.7008484063900862,0.3006166290360539,0.6049302065132098,0.22002703463417736,208,0.8402272860209147,0.07580009757513423,0.4703064759572347,0.05908309884913826,0.4529868881623593,0.6279976321480971,"OrderedDict([('reg_alpha', 0.4529868881623593), ('reg_lambda', 0.6279976321480971)])",293,random search for 2 group,1
0.8539266941777757,0.672877066831289,0.3387053541519949,0.6218363717203532,0.21341215479684053,88,0.6948564847310384,0.06698519821206743,0.34734876950581867,0.0972510502443042,0.49222546596363126,0.43766018627993364,"OrderedDict([('reg_alpha', 0.49222546596363126), ('reg_lambda', 0.43766018627993364)])",294,random search for 2 group,1
0.8441246561554965,0.6814917902799749,0.25333491013926146,0.5929837855249109,0.24917648521850758,256,1.066066026687622,0.6294900137592082,0.46775054931640625,0.058516369258743574,0.0024976937620666555,0.7282224219638899,"OrderedDict([('reg_alpha', 0.0024976937620666555), ('reg_lambda', 0.7282224219638899)])",295,random search for 2 group,1
0.8131251784751282,0.6735402229519828,0.35212920593265873,0.6129315357865899,0.19301879251345563,150,0.7597103913625082,0.1393622090184075,0.36327091852823895,0.06556486884111583,0.002934271131076361,0.33972805183734217,"OrderedDict([('reg_alpha', 0.002934271131076361), ('reg_lambda', 0.33972805183734217)])",296,random search for 2 group,1
0.830739920199654,0.684957196700966,0.3100499913331859,0.6085823694112688,0.2193237123346679,191,0.841595729192098,0.08018218051489741,0.4976468086242676,0.11537302444820599,0.5990301681473493,0.2745532270228895,"OrderedDict([('reg_alpha', 0.5990301681473493), ('reg_lambda', 0.2745532270228895)])",297,random search for 2 group,1
0.846390569209749,0.6622174626684305,0.3497080252572786,0.6194386857118194,0.2050136665122629,111,0.7228400707244873,0.15424601262939663,0.3309479554494222,0.03483644839222342,0.004156441197862294,0.5903660536467552,"OrderedDict([('reg_alpha', 0.004156441197862294), ('reg_lambda', 0.5903660536467552)])",298,random search for 2 group,1
0.8187889368325952,0.7183246832130998,0.25437473323491855,0.5971627844268711,0.24583328035318724,248,0.9891606171925863,0.0821169827288689,0.4443497657775879,0.05295964913199373,0.5012766193079221,0.6824758929236913,"OrderedDict([('reg_alpha', 0.5012766193079221), ('reg_lambda', 0.6824758929236913)])",299,random search for 2 group,1
0.8115685891643158,0.6560363522806615,0.3462734641270345,0.6046261351906707,0.19340311297355894,210,0.701234499613444,0.1604360992247596,0.4587576389312744,0.12080807946218593,0.9987452384110937,0.0605110090676544,"OrderedDict([('reg_alpha', 0.9987452384110937), ('reg_lambda', 0.0605110090676544)])",300,random search for 2 group,1
0.8296884053071658,0.700030408005827,0.3508330999121433,0.626850637741712,0.20222439674475737,59,0.7122381528218588,0.05483672922550612,0.4248035748799642,0.06288538795188664,0.006209270552733128,0.43717972756220547,"OrderedDict([('reg_alpha', 0.006209270552733128), ('reg_lambda', 0.43717972756220547)])",301,random search for 2 group,1
0.8436257486676828,0.6477320535783695,0.3902351417493577,0.62719764799847,0.18566458461399624,54,1.0256020228068035,0.20253385752691608,0.5483994483947754,0.04959194581955725,0.9999468175099928,0.3569101661220429,"OrderedDict([('reg_alpha', 0.9999468175099928), ('reg_lambda', 0.3569101661220429)])",302,random search for 2 group,1
0.8109936464594891,0.7158956258113178,0.21330264150014222,0.5800639712569831,0.26222930568054953,292,0.7829816341400146,0.318190280818908,0.530033270517985,0.07102464456043936,0.9999674804504093,0.8118752996737734,"OrderedDict([('reg_alpha', 0.9999674804504093), ('reg_lambda', 0.8118752996737734)])",303,random search for 2 group,1
0.824459320555893,0.6453977454180286,0.3699019575458625,0.6132530078399281,0.18695910815315,148,0.8879851500193278,0.0587303400674333,0.4528813362121582,0.14256232454334233,0.49723633784234555,0.18340281796548322,"OrderedDict([('reg_alpha', 0.49723633784234555), ('reg_lambda', 0.18340281796548322)])",304,random search for 2 group,1
0.82862805451027,0.6507869744510699,0.3590975808636441,0.612837536608328,0.1935541893030499,151,0.6950290203094482,0.08317443171674993,0.34029897054036456,0.05191360920757669,0.5376593456736385,0.38647840382935006,"OrderedDict([('reg_alpha', 0.5376593456736385), ('reg_lambda', 0.38647840382935006)])",305,random search for 2 group,1
0.7974562175261286,0.7319814815892272,0.22154523956673755,0.5836609795606978,0.2574459064541932,284,0.6055840651194254,0.0774368657550612,0.44697388013203937,0.03891828703650226,0.001417973307114351,0.8909180039528197,"OrderedDict([('reg_alpha', 0.001417973307114351), ('reg_lambda', 0.8909180039528197)])",306,random search for 2 group,1
0.8385787306504429,0.6784083141747765,0.3490410088713368,0.6220093512321854,0.20379307728988108,84,0.9252569675445557,0.46937119054325105,0.37225643793741864,0.04839275522444103,0.998005154085053,0.4282787357032617,"OrderedDict([('reg_alpha', 0.998005154085053), ('reg_lambda', 0.4282787357032617)])",307,random search for 2 group,1
0.8494629953198503,0.7134597052063982,0.32743372794050374,0.6301188094889174,0.22111523040321204,39,0.9085036913553873,0.10035826717272354,0.41896947224934894,0.06051566832701944,0.9975598814955489,0.5563057909315687,"OrderedDict([('reg_alpha', 0.9975598814955489), ('reg_lambda', 0.5563057909315687)])",308,random search for 2 group,1
0.8254537702416574,0.6694899456527108,0.3547331020964616,0.6165589393302766,0.19578177550101383,129,0.8677856127421061,0.3570643032265164,0.39341553052266437,0.08409102843252583,0.0004216475767506723,0.4610631638068494,"OrderedDict([('reg_alpha', 0.0004216475767506723), ('reg_lambda', 0.4610631638068494)])",309,random search for 2 group,1
0.8146373958323474,0.6662432453464804,0.3506145970432456,0.6104984127406912,0.1934940209596555,170,0.7282052040100098,0.015068600595402078,0.32918620109558105,0.054084941188925914,0.9988838304822502,0.10721065923928833,"OrderedDict([('reg_alpha', 0.9988838304822502), ('reg_lambda', 0.10721065923928833)])",310,random search for 2 group,1
0.833228808946902,0.6408351321031838,0.3755247109768398,0.6165295506756419,0.1876456435075525,130,0.7064003944396973,0.3255900327484027,0.4842495123545329,0.07074535942129206,0.9942737559291598,0.34617229987820114,"OrderedDict([('reg_alpha', 0.9942737559291598), ('reg_lambda', 0.34617229987820114)])",311,random search for 2 group,1
0.8671270445867875,0.6892252041738951,0.323866798392758,0.6267396823844802,0.22614339713062734,60,0.7363983790079752,0.04459936078912128,0.3858655293782552,0.025473290274364933,0.540124234545202,0.5838748860252533,"OrderedDict([('reg_alpha', 0.540124234545202), ('reg_lambda', 0.5838748860252533)])",312,random search for 2 group,1
0.8398127756618285,0.6634948515666562,0.3589081110187856,0.6207385794157568,0.19864272488572832,99,0.4844090938568115,0.10566424777041813,0.3276529312133789,0.05419612448225721,0.4981513171857469,0.24592128934120877,"OrderedDict([('reg_alpha', 0.4981513171857469), ('reg_lambda', 0.24592128934120877)])",313,random search for 2 group,1
0.7750366200601138,0.7103662427618944,0.27409020377279714,0.586497688864935,0.2224775523974937,273,0.5868492126464844,0.09770990709035836,0.3189144929250081,0.04306173571095994,0.002397282651878108,0.8327726564319395,"OrderedDict([('reg_alpha', 0.002397282651878108), ('reg_lambda', 0.8327726564319395)])",314,random search for 2 group,1
0.8576837253243884,0.7028639056682758,0.3506496909525657,0.6370657739817434,0.21216019671138503,14,0.6166586875915527,0.06407120450107948,0.3275143305460612,0.05296653600674229,0.9910738993686384,0.2419031587766844,"OrderedDict([('reg_alpha', 0.9910738993686384), ('reg_lambda', 0.2419031587766844)])",315,random search for 2 group,1
0.8326347991835722,0.6477484991291163,0.32460631457384204,0.6016632042955102,0.2099462250095486,228,0.7486670017242432,0.13836993535389921,0.42405859629313153,0.04914399963789509,0.9999913938513973,0.21331499562257722,"OrderedDict([('reg_alpha', 0.9999913938513973), ('reg_lambda', 0.21331499562257722)])",316,random search for 2 group,1
0.7870380962677868,0.731488215601726,0.2353847743754811,0.5846370287483313,0.24799771531056752,282,0.6011823813120524,0.07201736522538373,0.3131433327992757,0.010373212917153879,0.9976488345514939,0.9650978977074467,"OrderedDict([('reg_alpha', 0.9976488345514939), ('reg_lambda', 0.9650978977074467)])",317,random search for 2 group,1
0.8095144434245458,0.6734411682199892,0.34943376017687844,0.6107964572738045,0.19297984114333183,166,0.7610940138498942,0.19839421238996138,0.448145071665446,0.06657529872354084,0.0011745029770324769,0.06625504950122409,"OrderedDict([('reg_alpha', 0.0011745029770324769), ('reg_lambda', 0.06625504950122409)])",318,random search for 2 group,1
0.8571778194961991,0.6937554111835669,0.3363214999684617,0.6290849102160759,0.21750024010643423,44,0.6066688696543375,0.05135990453622617,0.3543064594268799,0.049131861962058314,0.003949163787200672,0.6071817235309936,"OrderedDict([('reg_alpha', 0.003949163787200672), ('reg_lambda', 0.6071817235309936)])",319,random search for 2 group,1
0.8530173198458464,0.678099030692094,0.35599714693304174,0.6290378324903273,0.20585191108709408,46,0.9757410685221354,0.6048145115963527,0.37347205479939777,0.03133821487325987,0.9997315326943996,0.5094377532376766,"OrderedDict([('reg_alpha', 0.9997315326943996), ('reg_lambda', 0.5094377532376766)])",320,random search for 2 group,1
0.8185414330960282,0.6506406896602523,0.31774990323245045,0.5956440086629103,0.20811297458562938,250,0.6883703072865804,0.17404362562098052,0.3826761245727539,0.03576429645690103,0.018289445096822402,0.11185003786233474,"OrderedDict([('reg_alpha', 0.018289445096822402), ('reg_lambda', 0.11185003786233474)])",321,random search for 2 group,1
0.8434636311008067,0.6798698863846642,0.3476814428892985,0.6236716534582565,0.20626629321500226,73,0.5113871892293295,0.05637930115393531,0.35040855407714844,0.047968029977323016,0.5674631736712991,0.42508900763078683,"OrderedDict([('reg_alpha', 0.5674631736712991), ('reg_lambda', 0.42508900763078683)])",322,random search for 2 group,1
0.8382081683732161,0.7102350998453262,0.3327609465286905,0.627068071582411,0.21456434848338726,56,1.0473171869913738,0.30567936733691337,0.3317423661549886,0.03596943512617706,0.5004609592170262,0.4487434352807679,"OrderedDict([('reg_alpha', 0.5004609592170262), ('reg_lambda', 0.4487434352807679)])",323,random search for 2 group,1
0.7958909864527021,0.6979249640480456,0.34226606847378804,0.6120273396581785,0.1948977389294381,160,0.7294981479644775,0.0957069303077934,0.2838779290517171,0.08852272508103456,0.49310371942631825,0.3436859233496998,"OrderedDict([('reg_alpha', 0.49310371942631825), ('reg_lambda', 0.3436859233496998)])",324,random search for 2 group,1
0.837009007927707,0.6814302141536357,0.3466182437663705,0.6216858219492377,0.20460990476773044,91,0.731208324432373,0.12890955944682914,0.35946186383565265,0.053519819195908626,0.008114789263622193,0.38517073733252505,"OrderedDict([('reg_alpha', 0.008114789263622193), ('reg_lambda', 0.38517073733252505)])",325,random search for 2 group,1
0.82102006139864,0.7197269593485169,0.21692859938223297,0.5858918733764633,0.2641533598728086,275,0.7707342306772867,0.12642242896714218,0.46495914459228516,0.09786390437501033,0.9958281036169896,0.680114218904381,"OrderedDict([('reg_alpha', 0.9958281036169896), ('reg_lambda', 0.680114218904381)])",326,random search for 2 group,1
0.8427917361324204,0.7012889398383235,0.3561813568457498,0.6334206776054979,0.2043721948981923,24,0.5460075537363688,0.05369733071444528,0.4186226526896159,0.04759335652082489,0.9970213337853003,0.25095853722633704,"OrderedDict([('reg_alpha', 0.9970213337853003), ('reg_lambda', 0.25095853722633704)])",327,random search for 2 group,1
0.8036169953219368,0.6738476443253093,0.3018246030974253,0.5930964142482238,0.21266479428562576,255,0.5912201404571533,0.14554712963103353,0.33292754491170246,0.042213817620879085,0.5262454718186886,0.018746683758533726,"OrderedDict([('reg_alpha', 0.5262454718186886), ('reg_lambda', 0.018746683758533726)])",328,random search for 2 group,1
0.7759977843435256,0.7054462553136476,0.2156113781123532,0.5656851392565089,0.24920956140475417,297,0.7663020292917887,0.19514796862655226,0.3921515146891276,0.07386848692479185,0.9843117081598419,0.865838985504113,"OrderedDict([('reg_alpha', 0.9843117081598419), ('reg_lambda', 0.865838985504113)])",329,random search for 2 group,1
0.8253634423570394,0.6837917303938897,0.3504472602318406,0.6198674776609233,0.19908302719668644,108,0.7093219757080078,0.24853074701381364,0.357802947362264,0.1267128429324226,0.009069440637194394,0.4236260415656802,"OrderedDict([('reg_alpha', 0.009069440637194394), ('reg_lambda', 0.4236260415656802)])",330,random search for 2 group,1
0.8025412519491716,0.6889896892701858,0.3529888995612799,0.614839946926879,0.19087162806723593,142,0.7797628243764242,0.181090654751423,0.4615054130554199,0.06830842828700684,0.9935751010895414,0.2739133487120841,"OrderedDict([('reg_alpha', 0.9935751010895414), ('reg_lambda', 0.2739133487120841)])",331,random search for 2 group,1
0.8520309125658725,0.7065477898903776,0.33418933290069863,0.6309226784523162,0.2180662644206191,33,0.8416978518168131,0.4434170322672291,0.3798561096191406,0.07223065677629302,0.9979382910828724,0.5716531719780445,"OrderedDict([('reg_alpha', 0.9979382910828724), ('reg_lambda', 0.5716531719780445)])",332,random search for 2 group,1
0.8129709476350251,0.7069480073169505,0.3442809463307491,0.6213999670942415,0.20067623961680203,94,0.6611817677815756,0.08399586130832168,0.48609304428100586,0.04035509715747253,0.0008851762143969879,0.4924236119107679,"OrderedDict([('reg_alpha', 0.0008851762143969879), ('reg_lambda', 0.4924236119107679)])",333,random search for 2 group,1
0.8369154092161619,0.676022531492301,0.3341485800071936,0.6156955069052188,0.20963958525663007,137,0.6373745600382487,0.06846297544669673,0.317086140314738,0.03740652044280415,0.9990877079075255,0.5348255689054173,"OrderedDict([('reg_alpha', 0.9990877079075255), ('reg_lambda', 0.5348255689054173)])",334,random search for 2 group,1
0.8328173478381088,0.6695965635265333,0.306065676020409,0.6028265291283504,0.22016737430242522,220,0.6866130828857422,0.30875464282759707,0.433668851852417,0.09203862249898018,0.004679683463248986,0.5703164007576457,"OrderedDict([('reg_alpha', 0.004679683463248986), ('reg_lambda', 0.5703164007576457)])",335,random search for 2 group,1
0.8507614011151299,0.6493651628639034,0.3265245500877385,0.6088837046889239,0.2159245706811498,190,0.6494863828023275,0.16155468277592933,0.43196876843770343,0.05198487605206327,0.010151045231303503,0.19740135341142112,"OrderedDict([('reg_alpha', 0.010151045231303503), ('reg_lambda', 0.19740135341142112)])",336,random search for 2 group,1
0.8239131895089297,0.6721754848599333,0.3594939385431887,0.6185275376373505,0.19335612540558894,117,0.975327730178833,0.4911188020719745,0.42057474454243976,0.05176693061674571,0.9987202861601963,0.44123325014998593,"OrderedDict([('reg_alpha', 0.9987202861601963), ('reg_lambda', 0.44123325014998593)])",337,random search for 2 group,1
0.8267176041539102,0.7396415653305819,0.24133343642606964,0.6025642019701872,0.25789055639422237,223,0.7567907174428304,0.11449641358135267,0.3937097390492757,0.088002377004301,0.9947706082420743,0.6354568815586965,"OrderedDict([('reg_alpha', 0.9947706082420743), ('reg_lambda', 0.6354568815586965)])",338,random search for 2 group,1
0.84273822211657,0.6745405361707468,0.29667237548747405,0.6046503779249303,0.22834251010037063,209,0.5935469468434652,0.09719878638026898,0.4890657265981038,0.028421170111640616,0.5149314820821562,0.5008915258782078,"OrderedDict([('reg_alpha', 0.5149314820821562), ('reg_lambda', 0.5008915258782078)])",339,random search for 2 group,1
0.856143674910645,0.698469664989035,0.3293829762214564,0.6279987720403788,0.2207469418219518,50,0.9126135508219401,0.380590094953117,0.4325391451517741,0.04418215143143107,0.455626669900386,0.5974251204735584,"OrderedDict([('reg_alpha', 0.455626669900386), ('reg_lambda', 0.5974251204735584)])",340,random search for 2 group,1
0.8300754768524947,0.7072073111500354,0.33314871758577835,0.6234771685294361,0.21133244522360134,76,0.801755428314209,0.11149482021745681,0.3683923880259196,0.055318990616240814,0.5521225286968569,0.1597716823593958,"OrderedDict([('reg_alpha', 0.5521225286968569), ('reg_lambda', 0.1597716823593958)])",341,random search for 2 group,1
0.8522767871850085,0.689422104376205,0.3388566108539973,0.6268518341384036,0.21422161173912913,58,0.6465291182200114,0.0369517163436953,0.33440446853637695,0.06459053598074532,0.6107375040592328,0.5640497958005851,"OrderedDict([('reg_alpha', 0.6107375040592328), ('reg_lambda', 0.5640497958005851)])",342,random search for 2 group,1
0.8325734993510441,0.7221384479980122,0.25737619126070843,0.6040293795365882,0.24923255518786883,213,0.752239465713501,0.08571970369245062,0.40239675839742023,0.01914512979481177,0.5767740082384821,0.7622025164132299,"OrderedDict([('reg_alpha', 0.5767740082384821), ('reg_lambda', 0.7622025164132299)])",343,random search for 2 group,1
0.8497778270015295,0.6878469239398206,0.3572150432595731,0.6316132647336411,0.20498161267569648,31,0.7923400402069092,0.13731405324341575,0.4413261413574219,0.1044646451590197,0.3891802540708982,0.4597282883312004,"OrderedDict([('reg_alpha', 0.3891802540708982), ('reg_lambda', 0.4597282883312004)])",344,random search for 2 group,1
0.8434112717695599,0.6628177559572387,0.3828032211856176,0.6296774163041386,0.1894969756133802,42,0.6868251164754232,0.3077160232933274,0.4315214157104492,0.11241475857147928,0.4501358171134129,0.2312413452625563,"OrderedDict([('reg_alpha', 0.4501358171134129), ('reg_lambda', 0.2312413452625563)])",345,random search for 2 group,1
0.8285735087991689,0.6877694316585989,0.2889688910611484,0.6017706105063055,0.22853173929928847,226,0.756312370300293,0.20056148010945557,0.46255215009053546,0.1348984407381022,0.5401288244478714,0.2527256711338108,"OrderedDict([('reg_alpha', 0.5401288244478714), ('reg_lambda', 0.2527256711338108)])",346,random search for 2 group,1
0.8483224421027377,0.6811930609379975,0.35452051454928957,0.6280120058633416,0.20507113298888166,49,1.0970174471537273,0.45022836813174416,0.3573020299275716,0.09248471310569074,0.5929590876392646,0.4174263156342475,"OrderedDict([('reg_alpha', 0.5929590876392646), ('reg_lambda', 0.4174263156342475)])",347,random search for 2 group,1
0.8443878929732583,0.6896552916445196,0.3344704999303293,0.622837894849369,0.21346718767027512,81,0.755983034769694,0.1808391747282434,0.2862766583760579,0.016459991801061603,0.0029510721523196013,0.6360622882764198,"OrderedDict([('reg_alpha', 0.0029510721523196013), ('reg_lambda', 0.6360622882764198)])",348,random search for 2 group,1
0.840629339614152,0.6797829681905729,0.32095328201213313,0.6137885299389527,0.21722837540447978,145,1.0242531299591064,0.21751256579404946,0.51485276222229,0.07591657264474479,0.6302074487710808,0.5491128964021719,"OrderedDict([('reg_alpha', 0.6302074487710808), ('reg_lambda', 0.5491128964021719)])",349,random search for 2 group,1
0.8446895735394242,0.6809822904781112,0.2906839724914603,0.6054519455029985,0.23239216317419656,207,0.7227656841278076,0.14145338594590476,0.3967331250508626,0.1042416006427,0.0014824679157237068,0.29425965184539,"OrderedDict([('reg_alpha', 0.0014824679157237068), ('reg_lambda', 0.29425965184539)])",350,random search for 2 group,1
0.8196244143290935,0.6491984441322755,0.32809038099929,0.5989710798202196,0.20378668189174037,238,0.7404280503590902,0.04480106781731288,0.4775136311848958,0.044528755085808364,0.9996176937633345,0.1441106740917372,"OrderedDict([('reg_alpha', 0.9996176937633345), ('reg_lambda', 0.1441106740917372)])",351,random search for 2 group,1
0.8561522575491409,0.6956627186469293,0.3603076896342374,0.6373742219434358,0.2065810906458514,12,0.66014297803243,0.024369229842566162,0.46905064582824707,0.0053525437683642485,0.2669053132727875,0.6064353045406323,"OrderedDict([('reg_alpha', 0.2669053132727875), ('reg_lambda', 0.6064353045406323)])",352,random search for 2 group,1
0.814971410462182,0.7164714227885529,0.2602049128826288,0.597215915377788,0.2416717798240972,247,0.6186869144439697,0.12268433849868131,0.44669214884440106,0.17062278665718722,0.5175121473463568,0.7211901189099491,"OrderedDict([('reg_alpha', 0.5175121473463568), ('reg_lambda', 0.7211901189099491)])",353,random search for 2 group,1
0.8449964251476259,0.7221339502694835,0.35775655729242406,0.6416289775698445,0.20690007278702738,4,1.0200487772623699,0.47947664132334467,0.32103419303894043,0.03095159169441429,0.5860592266641321,0.5893176961587323,"OrderedDict([('reg_alpha', 0.5860592266641321), ('reg_lambda', 0.5893176961587323)])",354,random search for 2 group,1
0.8404889729697147,0.7277268921023656,0.34021455635713016,0.6361434738097368,0.21425726725735958,17,0.6624562740325928,0.17208085041031637,0.3388528823852539,0.033189318189999546,0.6439965855091713,0.5848945966136992,"OrderedDict([('reg_alpha', 0.6439965855091713), ('reg_lambda', 0.5848945966136992)])",355,random search for 2 group,1
0.8501943483074982,0.7033480805406953,0.34771238945025607,0.6337516060994832,0.2109577867492886,23,0.8771772384643555,0.12363661908120384,0.4318508307139079,0.060182880780455465,0.29697141322488035,0.6008574292750749,"OrderedDict([('reg_alpha', 0.29697141322488035), ('reg_lambda', 0.6008574292750749)])",356,random search for 2 group,1
0.81146319501706,0.6833402449201352,0.33842554668592706,0.6110763288743741,0.19976270815872807,165,0.6276116371154785,0.02848642046560493,0.3829816182454427,0.026192306091207013,0.4249646755446742,0.058406436398497866,"OrderedDict([('reg_alpha', 0.4249646755446742), ('reg_lambda', 0.058406436398497866)])",357,random search for 2 group,1
0.829548798624288,0.7282901370216379,0.2704669040764246,0.6094352799074502,0.24322554552997724,180,0.7028443018595377,0.08838893513009155,0.30519382158915204,0.0821465385697397,0.4872430168670657,0.7949710191827273,"OrderedDict([('reg_alpha', 0.4872430168670657), ('reg_lambda', 0.7949710191827273)])",358,random search for 2 group,1
0.8195950558886963,0.6316311772940602,0.3213143599695424,0.5908468643840995,0.20545629399959536,262,0.9491368929545084,0.4134919882414335,0.41899339358011883,0.1149682761705313,0.5903846314913248,0.10684479059408594,"OrderedDict([('reg_alpha', 0.5903846314913248), ('reg_lambda', 0.10684479059408594)])",359,random search for 2 group,1
0.837244483168402,0.6851609805274335,0.3430008813710481,0.6218021150222945,0.20668808038197567,90,0.7720859050750732,0.1547945984990952,0.3584553400675456,0.07758865641170241,0.7342693923980868,0.4421294411304497,"OrderedDict([('reg_alpha', 0.7342693923980868), ('reg_lambda', 0.4421294411304497)])",360,random search for 2 group,1
0.8231137585540187,0.6989375182673929,0.3665435889322205,0.6295316219178774,0.19274674884102744,43,0.7315336863199869,0.23942773232331893,0.38852159182230633,0.04894780857815694,0.7011845975744199,0.2918370804654032,"OrderedDict([('reg_alpha', 0.7011845975744199), ('reg_lambda', 0.2918370804654032)])",361,random search for 2 group,1
0.8269871884852509,0.7145450661407476,0.3727898422749848,0.6381073656336612,0.19314217366182243,11,0.6508825620015463,0.08760520863322738,0.46236570676167804,0.02448476321461134,0.6603353642452628,0.5953918687362925,"OrderedDict([('reg_alpha', 0.6603353642452628), ('reg_lambda', 0.5953918687362925)])",362,random search for 2 group,1
0.8469107113186106,0.7077720821119894,0.23674861710287354,0.5971438035111579,0.26109181951192434,249,0.8408056894938151,0.3279795655512459,0.42247581481933594,0.09795315639741548,0.5239268504610461,0.6611405186412902,"OrderedDict([('reg_alpha', 0.5239268504610461), ('reg_lambda', 0.6611405186412902)])",363,random search for 2 group,1
0.8315545639743175,0.6755320527711612,0.3542603981890613,0.62044900497818,0.1987092294262881,102,0.7913665771484375,0.19779428701777876,0.4565877119700114,0.11460898824769408,0.26852919549991144,0.4659902917356987,"OrderedDict([('reg_alpha', 0.26852919549991144), ('reg_lambda', 0.4659902917356987)])",364,random search for 2 group,1
0.8341579571761054,0.6688899652201268,0.33272944952481354,0.6119257906403486,0.20863257169885532,163,0.8187024593353271,0.1998543852252314,0.38653143246968585,0.07220290159895365,0.6859399062257397,0.17189937437510763,"OrderedDict([('reg_alpha', 0.6859399062257397), ('reg_lambda', 0.17189937437510763)])",365,random search for 2 group,1
0.793220886536042,0.701133940196434,0.3461628616155824,0.6135058961160195,0.19274201236102256,147,0.7769366105397543,0.2870212059402812,0.323275883992513,0.05680444521173077,0.5298107958337485,0.30245465344687567,"OrderedDict([('reg_alpha', 0.5298107958337485), ('reg_lambda', 0.30245465344687567)])",366,random search for 2 group,1
0.8439797617477107,0.7024077693317203,0.3629333109190104,0.6364402806661471,0.20185011623207652,15,0.7906907399495443,0.0581420129919215,0.3587179978688558,0.048867792454622944,0.2992706497019892,0.4295999554042025,"OrderedDict([('reg_alpha', 0.2992706497019892), ('reg_lambda', 0.4295999554042025)])",367,random search for 2 group,1
0.8576246090697897,0.6981144357843595,0.34989404016976267,0.6352110283413039,0.2119987604521098,19,0.7535849412282308,0.053602238279216466,0.44846359888712567,0.03699456292598262,0.9933996815264883,0.24298898571599786,"OrderedDict([('reg_alpha', 0.9933996815264883), ('reg_lambda', 0.24298898571599786)])",368,random search for 2 group,1
0.8042057823206346,0.7334170259130528,0.2634606481076329,0.6003611521137734,0.23997114299866223,229,0.6838464736938477,0.1314627743333856,0.3829951286315918,0.1374642421413477,0.9951490780714797,0.7611456905146639,"OrderedDict([('reg_alpha', 0.9951490780714797), ('reg_lambda', 0.7611456905146639)])",369,random search for 2 group,1
0.8141269924609771,0.7398212701840128,0.2438788181374072,0.5992756935941324,0.2531278193641539,237,0.8555039564768473,0.4316699145239772,0.37222592035929364,0.053814943111468505,0.008972061844590875,0.7750375487887111,"OrderedDict([('reg_alpha', 0.008972061844590875), ('reg_lambda', 0.7750375487887111)])",370,random search for 2 group,1
0.8472422209059884,0.7281916325139159,0.34383285408938624,0.6397555691697635,0.21481922729670683,7,0.9046194553375244,0.016350580791763762,0.3234977722167969,0.0359561304406387,0.6046019650439143,0.5927113054779625,"OrderedDict([('reg_alpha', 0.6046019650439143), ('reg_lambda', 0.5927113054779625)])",371,random search for 2 group,1
0.8239497754615897,0.6407951176490299,0.31832235776192297,0.5943557502908475,0.20901711654452204,253,0.7329684098561605,0.07593222710447105,0.4737056891123454,0.10689452509266784,0.37962754141806343,0.1531738478861279,"OrderedDict([('reg_alpha', 0.37962754141806343), ('reg_lambda', 0.1531738478861279)])",372,random search for 2 group,1
0.831322424766186,0.7166837012978841,0.2888437256978946,0.6122832839206549,0.23344573972997265,157,0.8822567462921143,0.27251109205006674,0.4420970280965169,0.08096673198973596,0.04102306605964046,0.693164873819767,"OrderedDict([('reg_alpha', 0.04102306605964046), ('reg_lambda', 0.693164873819767)])",373,random search for 2 group,1
0.8247424180817604,0.6859417871359215,0.36604787357655666,0.6255773595980795,0.19206434576930656,67,0.7122834523518881,0.23074345686866257,0.4352297782897949,0.09860176183208401,0.8259051298798721,0.28507892811173524,"OrderedDict([('reg_alpha', 0.8259051298798721), ('reg_lambda', 0.28507892811173524)])",374,random search for 2 group,1
0.7738332751326051,0.7289617132099345,0.24776681699111514,0.5835206017778849,0.23811946198820097,285,0.7331933975219727,0.15356329138724673,0.45971981684366864,0.07057587219193391,0.008990080972977823,0.9438662637329563,"OrderedDict([('reg_alpha', 0.008990080972977823), ('reg_lambda', 0.9438662637329563)])",375,random search for 2 group,1
0.847059949932808,0.6729206684005485,0.31741623904781435,0.6124656191270569,0.2204113198197133,155,0.7120796839396158,0.09050566562142662,0.44083205858866376,0.0863497827585933,0.9980577344534143,0.5005885018234694,"OrderedDict([('reg_alpha', 0.9980577344534143), ('reg_lambda', 0.5005885018234694)])",376,random search for 2 group,1
0.8209826407397335,0.7161705408878276,0.37811582868519455,0.6384230034375852,0.18897312505489627,10,0.7834687232971191,0.24414047990742796,0.307114839553833,0.06291135254502768,0.6830463476962662,0.590679075227133,"OrderedDict([('reg_alpha', 0.6830463476962662), ('reg_lambda', 0.590679075227133)])",377,random search for 2 group,1
0.8325759391657024,0.7193014185511849,0.26906367100065254,0.6069803429058466,0.24337698757103027,197,0.9261593818664551,0.23672195076294533,0.5000397364298502,0.09655264201229853,0.4771400344106853,0.7764116585647587,"OrderedDict([('reg_alpha', 0.4771400344106853), ('reg_lambda', 0.7764116585647587)])",378,random search for 2 group,1
0.8412488804386287,0.6643179519658639,0.36734638328794034,0.624304405230811,0.19552784480844534,71,0.7465292612711588,0.21709228951821538,0.35688161849975586,0.02292291696534613,0.9988423052679254,0.3637633952811408,"OrderedDict([('reg_alpha', 0.9988423052679254), ('reg_lambda', 0.3637633952811408)])",379,random search for 2 group,1
0.8529867443171715,0.6975879714719971,0.3532674321530873,0.6346140493140853,0.2088127293236684,21,0.8164053757985433,0.2309766738174868,0.4322810173034668,0.049162098723197184,0.43273378043761523,0.590232225522153,"OrderedDict([('reg_alpha', 0.43273378043761523), ('reg_lambda', 0.590232225522153)])",380,random search for 2 group,1
0.8451579697884481,0.6513645293093985,0.35409557862939567,0.6168726925757474,0.20195351462429367,126,0.5490684509277344,0.04144462705817705,0.41492899258931476,0.09083644399452816,0.42008872290944654,0.224251516648371,"OrderedDict([('reg_alpha', 0.42008872290944654), ('reg_lambda', 0.224251516648371)])",381,random search for 2 group,1
0.8084689237461907,0.7485181588709254,0.2515458411221223,0.6028443079130795,0.24960833737349436,219,0.8000040849049886,0.1083851643912395,0.3175501028696696,0.013025628289747777,0.5270267056598075,0.911021270501006,"OrderedDict([('reg_alpha', 0.5270267056598075), ('reg_lambda', 0.911021270501006)])",382,random search for 2 group,1
0.8370452112518887,0.6726440272063962,0.35596599723495526,0.6218850785644134,0.1996524575192555,86,0.7755628426869711,0.22563421866961444,0.3143754005432129,0.03634659040466288,0.29019661999372043,0.43817666865176275,"OrderedDict([('reg_alpha', 0.29019661999372043), ('reg_lambda', 0.43817666865176275)])",383,random search for 2 group,1
0.7915188924907658,0.7203437711323325,0.2621419566981401,0.5913348734404128,0.23458112569721742,259,0.5303834279378256,0.00876013916281071,0.3753048578898112,0.030539488483391504,0.4328272201594797,0.7007050140197307,"OrderedDict([('reg_alpha', 0.4328272201594797), ('reg_lambda', 0.7007050140197307)])",384,random search for 2 group,1
0.8496111695799244,0.6849075381442156,0.35472768224594897,0.6297487966566964,0.205765694550581,41,0.9035438696543375,0.09439064961288131,0.3846987883249919,0.011400221359478597,0.5764697979018969,0.5999088974122347,"OrderedDict([('reg_alpha', 0.5764697979018969), ('reg_lambda', 0.5999088974122347)])",385,random search for 2 group,1
0.84739839935198,0.6753595980221989,0.309614159660885,0.610790719011688,0.22424663091863503,167,0.6182519594828287,0.07003281767565858,0.3542821407318115,0.129368319055646,0.7203267813928237,0.5203096537591422,"OrderedDict([('reg_alpha', 0.7203267813928237), ('reg_lambda', 0.5203096537591422)])",386,random search for 2 group,1
0.8508949619282917,0.7000306825695781,0.3671133192327364,0.6393463212435354,0.202110717569133,8,1.0161235332489014,0.3669385327219289,0.4260854721069336,0.10305116333801016,0.7366247323710897,0.5702206126035145,"OrderedDict([('reg_alpha', 0.7366247323710897), ('reg_lambda', 0.5702206126035145)])",387,random search for 2 group,1
0.838678511114416,0.7115658700254055,0.34058093931861755,0.6302751068194797,0.21131562317091637,38,0.5704641342163086,0.04077592730051209,0.3610998789469401,0.016765912972457463,0.18966150476570648,0.6130352509626636,"OrderedDict([('reg_alpha', 0.18966150476570648), ('reg_lambda', 0.6130352509626636)])",388,random search for 2 group,1
0.839296318053214,0.6460277755455575,0.3531763109188528,0.6128334681725415,0.199840873139203,152,0.7892878850301107,0.22720018325839264,0.41565537452697754,0.0854372295009712,0.2567027283000813,0.2390439901113413,"OrderedDict([('reg_alpha', 0.2567027283000813), ('reg_lambda', 0.2390439901113413)])",389,random search for 2 group,1
0.8366721800929963,0.7318582863064642,0.34062181612636044,0.6363840941752735,0.21346815831279628,16,0.7433114051818848,0.09565740552077334,0.36103542645772296,0.09976274779111007,0.7844532448198375,0.5640469729724179,"OrderedDict([('reg_alpha', 0.7844532448198375), ('reg_lambda', 0.5640469729724179)])",390,random search for 2 group,1
0.8545039817895008,0.6747543656505647,0.336517825323147,0.6219253909210708,0.21474106888828326,85,0.7709105809529623,0.06043390009267705,0.42319154739379883,0.018269156653131266,0.8151647678195759,0.24267200469782807,"OrderedDict([('reg_alpha', 0.8151647678195759), ('reg_lambda', 0.24267200469782807)])",391,random search for 2 group,1
0.8171134405975978,0.7134311530299324,0.26830400470149984,0.5996161994430099,0.23806628205486988,233,0.8612808386484782,0.09847431886425317,0.3848404089609782,0.08913118663457452,0.48377383049251,0.7426980720059339,"OrderedDict([('reg_alpha', 0.48377383049251), ('reg_lambda', 0.7426980720059339)])",392,random search for 2 group,1
0.8301002685794894,0.6722484965999878,0.3587608447076551,0.6203698699623774,0.19588901117777824,103,0.6936403115590414,0.20037901755655413,0.31728514035542804,0.03379812823030902,0.6989667986086316,0.4052124539426343,"OrderedDict([('reg_alpha', 0.6989667986086316), ('reg_lambda', 0.4052124539426343)])",393,random search for 2 group,1
0.8287502299118528,0.6693684897289942,0.3300821321755526,0.6094002839387999,0.20794968494687424,181,0.6965312957763672,0.1337205975399232,0.3423651059468587,0.07154793213072982,0.7641598019100454,0.4227949558568219,"OrderedDict([('reg_alpha', 0.7641598019100454), ('reg_lambda', 0.4227949558568219)])",394,random search for 2 group,1
0.8539972065012037,0.7251083842855841,0.3640546195349984,0.647720070107262,0.20736867010119348,1,0.5147351423899332,0.16630204074144755,0.35264984766642254,0.09630726910996305,0.6955851034906224,0.5769188097994289,"OrderedDict([('reg_alpha', 0.6955851034906224), ('reg_lambda', 0.5769188097994289)])",395,random search for 2 group,1
0.8265080663468586,0.6655864390465837,0.35511783850457734,0.6157374479660066,0.195645731123227,136,0.7529989878336588,0.3443468195833932,0.3801102638244629,0.09080942659086147,0.7602300140689905,0.36197291017293604,"OrderedDict([('reg_alpha', 0.7602300140689905), ('reg_lambda', 0.36197291017293604)])",396,random search for 2 group,1
0.7934943285257862,0.7355104928715726,0.25635926806784515,0.5951213631550679,0.24070777455967524,252,0.7699762980143229,0.3541797265420806,0.3739936351776123,0.024180698001286735,0.5329366720588216,0.9561477379439544,"OrderedDict([('reg_alpha', 0.5329366720588216), ('reg_lambda', 0.9561477379439544)])",397,random search for 2 group,1
0.7881482400507456,0.716425985339713,0.21168818166903236,0.5720874690198303,0.25651738758146697,296,0.9146614869435629,0.2010179601898394,0.4712899525960286,0.1100252711403443,0.5145844684094922,0.9998301773839122,"OrderedDict([('reg_alpha', 0.5145844684094922), ('reg_lambda', 0.9998301773839122)])",398,random search for 2 group,1
0.8447966873300061,0.7017739981103508,0.35184567981967774,0.6328054550866783,0.20707111322195262,26,0.653972864151001,0.17526008005180505,0.48159241676330566,0.08762429183544013,0.7479396752416296,0.5806424197755164,"OrderedDict([('reg_alpha', 0.7479396752416296), ('reg_lambda', 0.5806424197755164)])",399,random search for 2 group,1
0.8360004108441187,0.6642154528088131,0.3359579883082291,0.6120579506537203,0.2074462337686309,159,0.6852842171986898,0.049816353161812446,0.3680609067281087,0.08370234481954904,0.26227850625193033,0.3815588396842896,"OrderedDict([('reg_alpha', 0.26227850625193033), ('reg_lambda', 0.3815588396842896)])",400,random search for 2 group,1
0.7984807001508962,0.6545908945007345,0.3128281108361808,0.5886332351626038,0.20367853592699384,269,0.7026933034261068,0.1591135051931461,0.38406872749328613,0.07614192944439731,0.378167816185074,0.04530402685418101,"OrderedDict([('reg_alpha', 0.378167816185074), ('reg_lambda', 0.04530402685418101)])",401,random search for 2 group,1
0.8042400116591318,0.6526266126794863,0.35136018862107876,0.6027422709865656,0.18822215453792293,221,0.8377932707468668,0.08539672599344995,0.39692028363545734,0.06996648770441911,0.650676834020233,0.3310392740507571,"OrderedDict([('reg_alpha', 0.650676834020233), ('reg_lambda', 0.3310392740507571)])",402,random search for 2 group,1
0.8028855676671884,0.6608711432747565,0.30849190945519245,0.5907495401323791,0.20783655716372063,264,0.8041071891784668,0.15783677522298714,0.38664595286051434,0.07445230019586672,0.996789653529184,0.07899169557852383,"OrderedDict([('reg_alpha', 0.996789653529184), ('reg_lambda', 0.07899169557852383)])",403,random search for 2 group,1
0.8177296399091228,0.6707449945851269,0.3234707491097004,0.6039817945346501,0.20722927149143103,215,0.73237411181132,0.20804234947982977,0.4049430688222249,0.05782496625412451,0.410340998822599,0.19419688801731888,"OrderedDict([('reg_alpha', 0.410340998822599), ('reg_lambda', 0.19419688801731888)])",404,random search for 2 group,1
0.8289937153680894,0.6702311901544584,0.33263244114943313,0.6106191155573271,0.206976372587666,168,0.6741410891215006,0.058493997161264584,0.378193457921346,0.15832177699052483,2.080170322027453e-05,0.35451198360153363,"OrderedDict([('reg_alpha', 2.080170322027453e-05), ('reg_lambda', 0.35451198360153363)])",405,random search for 2 group,1
0.8371104060841295,0.6711323756924492,0.369852522652644,0.6260317681430743,0.19340463801437988,63,0.5125306447347006,0.04974749980517566,0.3053272565205892,0.06648890313703842,0.27934411725826397,0.42473893496040316,"OrderedDict([('reg_alpha', 0.27934411725826397), ('reg_lambda', 0.42473893496040316)])",406,random search for 2 group,1
0.8491265622625527,0.658775558934682,0.30139402258890624,0.6030987145953802,0.22705016626437838,218,0.9958402315775553,0.3050002853928825,0.39744893709818524,0.046634433942668245,0.24396092353908644,0.5151366145508465,"OrderedDict([('reg_alpha', 0.24396092353908644), ('reg_lambda', 0.5151366145508465)])",407,random search for 2 group,1
0.8505947333531941,0.6945948476150361,0.3161844380162535,0.6204580063281612,0.22438180907777927,100,0.8124679724375407,0.21212442262073142,0.40508373578389484,0.043726857373010186,0.6085574445668028,0.4659779331269859,"OrderedDict([('reg_alpha', 0.6085574445668028), ('reg_lambda', 0.4659779331269859)])",408,random search for 2 group,1
0.8508820639231788,0.7164499206636061,0.3529036460251699,0.6400785435373182,0.21034902203429306,6,0.5201924641927084,0.056563701972673,0.38532082239786786,0.018649744318360306,0.7316030357289183,0.5717638648081248,"OrderedDict([('reg_alpha', 0.7316030357289183), ('reg_lambda', 0.5717638648081248)])",409,random search for 2 group,1
0.8433537668404787,0.6804534107066544,0.35253640154886245,0.6254478596986651,0.2041153750524775,69,0.6497389475504557,0.1119385010518349,0.33759021759033203,0.02926956403423414,0.7871055935619934,0.558019010535444,"OrderedDict([('reg_alpha', 0.7871055935619934), ('reg_lambda', 0.558019010535444)])",410,random search for 2 group,1
0.7885532855650462,0.7188923998151593,0.2925489833018452,0.5999982228940169,0.21925166049575412,231,0.9089366594950358,0.30715911816308206,0.3654494285583496,0.054424881444451324,0.35857155154996917,0.8095564299674629,"OrderedDict([('reg_alpha', 0.35857155154996917), ('reg_lambda', 0.8095564299674629)])",411,random search for 2 group,1
0.7983229175423083,0.7028688965950001,0.36335505639804566,0.6215156235117847,0.18666016596677826,93,0.7235612074534098,0.11912392861500085,0.3395974636077881,0.05316131374714504,0.3643324745346364,0.07171635724563964,"OrderedDict([('reg_alpha', 0.3643324745346364), ('reg_lambda', 0.07171635724563964)])",412,random search for 2 group,1
0.7700002803326244,0.7329176798072157,0.244041761769908,0.5823199073032493,0.23967736317049093,289,0.6054407755533854,0.1409742001252484,0.3728228410085042,0.013697037835195486,0.5291953405997979,0.8498275548865996,"OrderedDict([('reg_alpha', 0.5291953405997979), ('reg_lambda', 0.8498275548865996)])",413,random search for 2 group,1
0.7855521143908208,0.7066530871623162,0.24550773409848958,0.5792376452172089,0.23817081308153928,294,0.9150400161743164,0.1915615674870881,0.4706277052561442,0.0676538623631246,0.7676113703496568,0.9242362521385795,"OrderedDict([('reg_alpha', 0.7676113703496568), ('reg_lambda', 0.9242362521385795)])",414,random search for 2 group,1
0.8235467333689445,0.6679919238415091,0.336316960727846,0.6092852059794331,0.20319624648530815,184,0.6351096630096436,0.25377303759246495,0.3607621192932129,0.006827188536896718,0.6938097903162251,0.37617608432520433,"OrderedDict([('reg_alpha', 0.6938097903162251), ('reg_lambda', 0.37617608432520433)])",415,random search for 2 group,1
0.8267781848120128,0.6778759235527088,0.3144575098899045,0.6063705394182087,0.21517881472289963,203,0.7297542095184326,0.2757624472865722,0.3445231119791667,0.09092552957110932,0.24489314912813437,0.3342912778617145,"OrderedDict([('reg_alpha', 0.24489314912813437), ('reg_lambda', 0.3342912778617145)])",416,random search for 2 group,1
0.8473475184843677,0.6686246989987994,0.31815163455910345,0.6113746173474235,0.21980332083884652,164,0.548039436340332,0.09764905429147608,0.35152562459309894,0.05804099907034347,0.25696226753560764,0.5506378878107567,"OrderedDict([('reg_alpha', 0.25696226753560764), ('reg_lambda', 0.5506378878107567)])",417,random search for 2 group,1
0.8011842720796083,0.7362342436671723,0.257516347519526,0.5983116210887688,0.24243307036932257,241,0.8406861623128256,0.13086905206376237,0.48818763097127277,0.17107338022686466,0.008448913424246142,0.9798925836631731,"OrderedDict([('reg_alpha', 0.008448913424246142), ('reg_lambda', 0.9798925836631731)])",418,random search for 2 group,1
0.7443297291712727,0.6672734895245591,0.3172459995527409,0.5762830727495243,0.18584863013554823,295,0.5530931949615479,0.015882674493105035,0.37427663803100586,0.09137107349061473,0.0064274245316504625,0.020381186589718107,"OrderedDict([('reg_alpha', 0.0064274245316504625), ('reg_lambda', 0.020381186589718107)])",419,random search for 2 group,1
0.8373537541509661,0.6633704787978822,0.38594913745649273,0.628891123468447,0.18589092043672853,47,0.6393857002258301,0.20594352766162058,0.3157704671223958,0.049026394075309794,0.6638688077879056,0.22702849156597532,"OrderedDict([('reg_alpha', 0.6638688077879056), ('reg_lambda', 0.22702849156597532)])",420,random search for 2 group,1
0.844615390997075,0.6600537775966411,0.30101366473333013,0.601894277775682,0.22570276141243667,225,0.8744777043660482,0.04939079646904503,0.35798072814941406,0.08029757335348188,0.30968828189313097,0.27346447426078196,"OrderedDict([('reg_alpha', 0.30968828189313097), ('reg_lambda', 0.27346447426078196)])",421,random search for 2 group,1
0.8346032891690527,0.6847220593408105,0.3678584552197922,0.6290612679098851,0.19457008639839513,45,0.7739161650339762,0.11491979130915858,0.41206200917561847,0.053634406149601466,0.24968697639359544,0.4509071333600838,"OrderedDict([('reg_alpha', 0.24968697639359544), ('reg_lambda', 0.4509071333600838)])",422,random search for 2 group,1
0.8338388855079248,0.7274376030740619,0.3444582074809063,0.635244898687631,0.21015547112096,18,0.7327791055043539,0.07698680117893097,0.40393773714701336,0.03545309734014322,0.7493185383033147,0.5874038519366861,"OrderedDict([('reg_alpha', 0.7493185383033147), ('reg_lambda', 0.5874038519366861)])",423,random search for 2 group,1
0.8063279722043053,0.695339673503692,0.3299025019185361,0.6105233825421778,0.20353649892767844,169,0.8276983896891276,0.08490649840301774,0.456082820892334,0.06511734389019737,0.01930769162153279,0.05611559515240373,"OrderedDict([('reg_alpha', 0.01930769162153279), ('reg_lambda', 0.05611559515240373)])",424,random search for 2 group,1
0.8545988564784988,0.723506923038048,0.2584807790290007,0.6121955195151825,0.25577576374785016,158,0.7232577006022135,0.12047114509719938,0.42025327682495117,0.038565761885552885,0.6554513853071031,0.6429848952199491,"OrderedDict([('reg_alpha', 0.6554513853071031), ('reg_lambda', 0.6429848952199491)])",425,random search for 2 group,1
0.8149759987349208,0.7192538561016164,0.23938198446352166,0.591203946433353,0.25182626529786195,260,0.5496991475423177,0.04385527695840504,0.417918602625529,0.0790057619063989,0.9998298180345409,0.7247986255990087,"OrderedDict([('reg_alpha', 0.9998298180345409), ('reg_lambda', 0.7247986255990087)])",426,random search for 2 group,1
0.821158955335253,0.6943693196197658,0.3401290550346844,0.618552443329901,0.20356586205870936,116,0.7999609311421713,0.2700441095629791,0.40903202692667645,0.05807082105436642,0.22692468693141338,0.5982076994254338,"OrderedDict([('reg_alpha', 0.22692468693141338), ('reg_lambda', 0.5982076994254338)])",427,random search for 2 group,1
0.8527448619141377,0.726900306918393,0.3473625844471553,0.6423359177598954,0.21481179907031933,3,0.756024440129598,0.11078229029290013,0.5137424468994141,0.06842225704036119,0.5940431440271359,0.5755367112310106,"OrderedDict([('reg_alpha', 0.5940431440271359), ('reg_lambda', 0.5755367112310106)])",428,random search for 2 group,1
0.8407074512149995,0.7082444613036065,0.31492089338796936,0.6212909353021918,0.22328391920147803,96,0.531578540802002,0.13722105536343987,0.4621073404947917,0.06708760586330924,0.24305181322685626,0.172552080844281,"OrderedDict([('reg_alpha', 0.24305181322685626), ('reg_lambda', 0.172552080844281)])",429,random search for 2 group,1
0.846995406754267,0.6864096943306075,0.32261162701997703,0.6186722427016171,0.21937161602631797,115,0.8254262606302897,0.30262056633805556,0.498696247736613,0.11265145465290352,0.7109813036469926,0.4522636079245662,"OrderedDict([('reg_alpha', 0.7109813036469926), ('reg_lambda', 0.4522636079245662)])",430,random search for 2 group,1
0.8058224118886401,0.7168005553025054,0.21702130188596314,0.5798814230257029,0.2591419474247921,293,0.590224822362264,0.1449713426971302,0.5102182229359945,0.07674614498765842,0.37952370759808585,0.8963826873863311,"OrderedDict([('reg_alpha', 0.37952370759808585), ('reg_lambda', 0.8963826873863311)])",431,random search for 2 group,1
0.8428823173963147,0.6751551789847301,0.3443396744671636,0.6207923902827361,0.2071274588287592,97,0.7036386330922445,0.20790854440996323,0.26541805267333984,0.046007503941788874,0.365510997823634,0.5697448885202525,"OrderedDict([('reg_alpha', 0.365510997823634), ('reg_lambda', 0.5697448885202525)])",432,random search for 2 group,1
