mean_fit_time,std_fit_time,mean_score_time,std_score_time,param_alpha,param_lambda,params,split0_test_score,split1_test_score,split2_test_score,split3_test_score,split4_test_score,mean_test_score,std_test_score,rank_test_score,iter_num,experiment_name,run_number,param_colsample_bytree,param_subsample
0.25357699394226074,0.006429741161916861,0.0011501789093017578,0.00018299804953947614,0.07609313294249154,0.8335562635152238,"{'alpha': 0.07609313294249154, 'lambda': 0.8335562635152238}",0.794567294319998,0.8630570358717669,0.7912142569546354,0.5107579983920101,0.5096272295489097,0.693844763017464,0.15212856599885777,1,244,random search for 2 group,6,,
0.2560227394104004,0.0019841985622554505,0.0010898590087890625,6.748238143465014e-05,0.4315720155616096,0.4370056294487562,"{'alpha': 0.4315720155616096, 'lambda': 0.4370056294487562}",0.794567294319998,0.8630570358717669,0.7912142569546354,0.5107579983920101,0.5096272295489097,0.693844763017464,0.15212856599885777,1,245,random search for 2 group,6,,
0.25667695999145507,0.002887733795987761,0.0010756969451904297,9.4921428137346e-05,0.45850067095589775,0.26893137245844745,"{'alpha': 0.45850067095589775, 'lambda': 0.26893137245844745}",0.794567294319998,0.8630570358717669,0.7912142569546354,0.5107579983920101,0.5096272295489097,0.693844763017464,0.15212856599885777,1,246,random search for 2 group,6,,
0.25528879165649415,0.0009826328923769208,0.0010907649993896484,2.3636409582074124e-05,0.9465804667359636,0.6371568697235803,"{'alpha': 0.9465804667359636, 'lambda': 0.6371568697235803}",0.794567294319998,0.8630570358717669,0.7912142569546354,0.5107579983920101,0.5096272295489097,0.693844763017464,0.15212856599885777,1,247,random search for 2 group,6,,
0.25707759857177737,0.0019521512958578053,0.0010853290557861328,4.1082613723990164e-05,0.15786854332490574,0.8947381669294774,"{'alpha': 0.15786854332490574, 'lambda': 0.8947381669294774}",0.794567294319998,0.8630570358717669,0.7912142569546354,0.5107579983920101,0.5096272295489097,0.693844763017464,0.15212856599885777,1,248,random search for 2 group,6,,
0.2551532745361328,0.0017205888077140713,0.0010725498199462891,3.657953318002922e-05,0.839544864973195,0.08883831788540686,"{'alpha': 0.839544864973195, 'lambda': 0.08883831788540686}",0.794567294319998,0.8630570358717669,0.7912142569546354,0.5107579983920101,0.5096272295489097,0.693844763017464,0.15212856599885777,1,249,random search for 2 group,6,,
0.2556141376495361,0.002074528167928689,0.0011149883270263673,3.272944396363436e-05,0.9219834594229976,0.939322578752413,"{'alpha': 0.9219834594229976, 'lambda': 0.939322578752413}",0.794567294319998,0.8630570358717669,0.7912142569546354,0.5107579983920101,0.5096272295489097,0.693844763017464,0.15212856599885777,1,250,random search for 2 group,6,,
0.2555256366729736,0.0013353708398153542,0.0011435985565185548,3.97321825936525e-05,0.7850726019560009,0.028305278403290224,"{'alpha': 0.7850726019560009, 'lambda': 0.028305278403290224}",0.794567294319998,0.8630570358717669,0.7912142569546354,0.5107579983920101,0.5096272295489097,0.693844763017464,0.15212856599885777,1,251,random search for 2 group,6,,
0.255428409576416,0.0024940830543396237,0.0010773181915283204,1.723263365099449e-05,0.6898764091361638,0.4894409350124733,"{'alpha': 0.6898764091361638, 'lambda': 0.4894409350124733}",0.794567294319998,0.8630570358717669,0.7912142569546354,0.5107579983920101,0.5096272295489097,0.693844763017464,0.15212856599885777,1,252,random search for 2 group,6,,
0.2558551788330078,0.002029689907640715,0.0011148452758789062,4.195598000182999e-05,0.17346254060136002,0.47394389001443304,"{'alpha': 0.17346254060136002, 'lambda': 0.47394389001443304}",0.794567294319998,0.8630570358717669,0.7912142569546354,0.5107579983920101,0.5096272295489097,0.693844763017464,0.15212856599885777,1,253,random search for 2 group,6,,
0.25577411651611326,0.0013127675070894755,0.0011285781860351563,0.00011468658305409092,0.5635279665295567,0.6700738071783678,"{'alpha': 0.5635279665295567, 'lambda': 0.6700738071783678}",0.794567294319998,0.8630570358717669,0.7912142569546354,0.5107579983920101,0.5096272295489097,0.693844763017464,0.15212856599885777,1,254,random search for 2 group,6,,
0.2550350666046143,0.0016767233333405804,0.0011430740356445312,6.434450577812569e-05,0.8111443553546319,0.7151522202386834,"{'alpha': 0.8111443553546319, 'lambda': 0.7151522202386834}",0.794567294319998,0.8630570358717669,0.7912142569546354,0.5107579983920101,0.5096272295489097,0.693844763017464,0.15212856599885777,1,255,random search for 2 group,6,,
0.2566831111907959,0.0020257272532574603,0.0010940074920654298,3.29030078155233e-05,0.47323393597994,0.7021619965728987,"{'alpha': 0.47323393597994, 'lambda': 0.7021619965728987}",0.794567294319998,0.8630570358717669,0.7912142569546354,0.5107579983920101,0.5096272295489097,0.693844763017464,0.15212856599885777,1,256,random search for 2 group,6,,
0.25632443428039553,0.0015487455131056613,0.0010934829711914062,2.8318507346632197e-05,0.43075021415507886,0.44506170576350546,"{'alpha': 0.43075021415507886, 'lambda': 0.44506170576350546}",0.794567294319998,0.8630570358717669,0.7912142569546354,0.5107579983920101,0.5096272295489097,0.693844763017464,0.15212856599885777,1,257,random search for 2 group,6,,
0.2550220489501953,0.001102661663510143,0.0011781692504882813,0.0001670127575257632,0.9762071647363605,0.37509409824687934,"{'alpha': 0.9762071647363605, 'lambda': 0.37509409824687934}",0.794567294319998,0.8630570358717669,0.7912142569546354,0.5107579983920101,0.5096272295489097,0.693844763017464,0.15212856599885777,1,258,random search for 2 group,6,,
0.2559535026550293,0.0015590124010513452,0.0010822296142578125,3.9034706431517436e-05,0.11730959742946967,0.6868852294179533,"{'alpha': 0.11730959742946967, 'lambda': 0.6868852294179533}",0.794567294319998,0.8630570358717669,0.7912142569546354,0.5107579983920101,0.5096272295489097,0.693844763017464,0.15212856599885777,1,259,random search for 2 group,6,,
0.2561854362487793,0.0025532870476928198,0.0011019706726074219,4.1854515675759306e-05,0.40658286874573757,0.9810652607160419,"{'alpha': 0.40658286874573757, 'lambda': 0.9810652607160419}",0.794567294319998,0.8630570358717669,0.7912142569546354,0.5107579983920101,0.5096272295489097,0.693844763017464,0.15212856599885777,1,260,random search for 2 group,6,,
0.2558150768280029,0.0010337447695170968,0.0010947227478027345,6.741145243820936e-05,0.010785174933388375,0.6353314479465665,"{'alpha': 0.010785174933388375, 'lambda': 0.6353314479465665}",0.794567294319998,0.8630570358717669,0.7912142569546354,0.5107579983920101,0.5096272295489097,0.693844763017464,0.15212856599885777,1,261,random search for 2 group,6,,
0.25579009056091306,0.0021511716314398027,0.001022005081176758,5.316886129906005e-05,0.22040487969307765,0.7337284375153171,"{'alpha': 0.22040487969307765, 'lambda': 0.7337284375153171}",0.794567294319998,0.8630570358717669,0.7912142569546354,0.5107579983920101,0.5096272295489097,0.693844763017464,0.15212856599885777,1,262,random search for 2 group,6,,
0.2553397655487061,0.001845816379565028,0.0011041641235351562,2.8451798787774606e-05,0.7702465265566728,0.7864200520550362,"{'alpha': 0.7702465265566728, 'lambda': 0.7864200520550362}",0.794567294319998,0.8630570358717669,0.7912142569546354,0.5107579983920101,0.5096272295489097,0.693844763017464,0.15212856599885777,1,263,random search for 2 group,6,,
0.25806894302368166,0.0024060664622618344,0.0010957717895507812,3.860143319424393e-05,0.22564636435787166,0.2324732054108859,"{'alpha': 0.22564636435787166, 'lambda': 0.2324732054108859}",0.794567294319998,0.8630570358717669,0.7912142569546354,0.5107579983920101,0.5096272295489097,0.693844763017464,0.15212856599885777,1,264,random search for 2 group,6,,
0.25545511245727537,0.001305080432085184,0.0012153148651123046,0.00024341126923258495,0.8998170001604023,0.9680076587709855,"{'alpha': 0.8998170001604023, 'lambda': 0.9680076587709855}",0.794567294319998,0.8630570358717669,0.7912142569546354,0.5107579983920101,0.5096272295489097,0.693844763017464,0.15212856599885777,1,265,random search for 2 group,6,,
0.2555863380432129,0.0023870828831942708,0.0010993480682373047,3.510149868394981e-05,0.4016753820266329,0.7989581612913711,"{'alpha': 0.4016753820266329, 'lambda': 0.7989581612913711}",0.794567294319998,0.8630570358717669,0.7912142569546354,0.5107579983920101,0.5096272295489097,0.693844763017464,0.15212856599885777,1,266,random search for 2 group,6,,
0.25613131523132326,0.001577856596157739,0.0011013507843017577,3.765582766610781e-05,0.9843548828730702,0.82387147167097,"{'alpha': 0.9843548828730702, 'lambda': 0.82387147167097}",0.794567294319998,0.8630570358717669,0.7912142569546354,0.5107579983920101,0.5096272295489097,0.693844763017464,0.15212856599885777,1,267,random search for 2 group,6,,
0.25545530319213866,0.002332733401228942,0.0011029243469238281,1.9481001044153213e-05,0.8607471975780768,0.9187402593694277,"{'alpha': 0.8607471975780768, 'lambda': 0.9187402593694277}",0.794567294319998,0.8630570358717669,0.7912142569546354,0.5107579983920101,0.5096272295489097,0.693844763017464,0.15212856599885777,1,268,random search for 2 group,6,,
0.2563894271850586,0.001847555085647313,0.0010737895965576172,5.193792105040381e-05,0.7919874456747781,0.053989930912684114,"{'alpha': 0.7919874456747781, 'lambda': 0.053989930912684114}",0.794567294319998,0.8630570358717669,0.7912142569546354,0.5107579983920101,0.5096272295489097,0.693844763017464,0.15212856599885777,1,269,random search for 2 group,6,,
0.2556161880493164,0.002217631529497106,0.0011204719543457032,0.0001406999807882925,0.49788459627898507,0.6936951233357167,"{'alpha': 0.49788459627898507, 'lambda': 0.6936951233357167}",0.794567294319998,0.8630570358717669,0.7912142569546354,0.5107579983920101,0.5096272295489097,0.693844763017464,0.15212856599885777,1,270,random search for 2 group,6,,
0.25496344566345214,0.0012957337253707213,0.0011033058166503907,3.8399338409695844e-05,0.12552374568469793,0.22183443626752075,"{'alpha': 0.12552374568469793, 'lambda': 0.22183443626752075}",0.794567294319998,0.8630570358717669,0.7912142569546354,0.5107579983920101,0.5096272295489097,0.693844763017464,0.15212856599885777,1,271,random search for 2 group,6,,
0.25652308464050294,0.002334257806475018,0.0011497020721435546,0.0001993628957672797,0.04095551393711583,0.48438149665128605,"{'alpha': 0.04095551393711583, 'lambda': 0.48438149665128605}",0.794567294319998,0.8630570358717669,0.7912142569546354,0.5107579983920101,0.5096272295489097,0.693844763017464,0.15212856599885777,1,272,random search for 2 group,6,,
0.2552626609802246,0.002020154504414171,0.001057910919189453,4.0151104483028575e-05,0.04902993345550466,0.7294006115041249,"{'alpha': 0.04902993345550466, 'lambda': 0.7294006115041249}",0.794567294319998,0.8630570358717669,0.7912142569546354,0.5107579983920101,0.5096272295489097,0.693844763017464,0.15212856599885777,1,273,random search for 2 group,6,,
0.2559369087219238,0.0019403278000702277,0.0011029720306396484,1.3364547018424399e-05,0.8369480922044551,0.7335716916746311,"{'alpha': 0.8369480922044551, 'lambda': 0.7335716916746311}",0.794567294319998,0.8630570358717669,0.7912142569546354,0.5107579983920101,0.5096272295489097,0.693844763017464,0.15212856599885777,1,274,random search for 2 group,6,,
0.2560966968536377,0.0016962442620905619,0.001055431365966797,5.6317557041052536e-05,0.6730358753884484,0.8345276339509925,"{'alpha': 0.6730358753884484, 'lambda': 0.8345276339509925}",0.794567294319998,0.8630570358717669,0.7912142569546354,0.5107579983920101,0.5096272295489097,0.693844763017464,0.15212856599885777,1,275,random search for 2 group,6,,
0.25519933700561526,0.0017224512359899037,0.0011471748352050782,0.00016416012394080448,0.7130590358735286,0.07437222540868704,"{'alpha': 0.7130590358735286, 'lambda': 0.07437222540868704}",0.794567294319998,0.8630570358717669,0.7912142569546354,0.5107579983920101,0.5096272295489097,0.693844763017464,0.15212856599885777,1,276,random search for 2 group,6,,
0.2557954788208008,0.002013566776853379,0.0010910511016845703,4.8632574778022735e-05,0.02441624602081227,0.6674213959069623,"{'alpha': 0.02441624602081227, 'lambda': 0.6674213959069623}",0.794567294319998,0.8630570358717669,0.7912142569546354,0.5107579983920101,0.5096272295489097,0.693844763017464,0.15212856599885777,1,277,random search for 2 group,6,,
0.2559298038482666,0.001747072019204788,0.0010939598083496093,4.1644730933171306e-05,0.8042902380298977,0.7996842423583143,"{'alpha': 0.8042902380298977, 'lambda': 0.7996842423583143}",0.794567294319998,0.8630570358717669,0.7912142569546354,0.5107579983920101,0.5096272295489097,0.693844763017464,0.15212856599885777,1,278,random search for 2 group,6,,
0.2554502487182617,0.0015114087020661434,0.0011419296264648438,4.5253981729817206e-05,0.839240173876478,0.38554096078816136,"{'alpha': 0.839240173876478, 'lambda': 0.38554096078816136}",0.794567294319998,0.8630570358717669,0.7912142569546354,0.5107579983920101,0.5096272295489097,0.693844763017464,0.15212856599885777,1,279,random search for 2 group,6,,
0.25559158325195314,0.0019037696722509787,0.0011794090270996094,0.0001326587540986456,0.40346110507902333,0.43040462955948133,"{'alpha': 0.40346110507902333, 'lambda': 0.43040462955948133}",0.794567294319998,0.8630570358717669,0.7912142569546354,0.5107579983920101,0.5096272295489097,0.693844763017464,0.15212856599885777,1,280,random search for 2 group,6,,
0.25612549781799315,0.001953938430521406,0.0011559486389160155,0.00011135567854294712,0.8233441096783359,0.4014628395779577,"{'alpha': 0.8233441096783359, 'lambda': 0.4014628395779577}",0.794567294319998,0.8630570358717669,0.7912142569546354,0.5107579983920101,0.5096272295489097,0.693844763017464,0.15212856599885777,1,281,random search for 2 group,6,,
0.25494680404663084,0.000705917749253697,0.0011237621307373046,2.2950484996722263e-05,0.2536718530593103,0.4597898473819382,"{'alpha': 0.2536718530593103, 'lambda': 0.4597898473819382}",0.794567294319998,0.8630570358717669,0.7912142569546354,0.5107579983920101,0.5096272295489097,0.693844763017464,0.15212856599885777,1,282,random search for 2 group,6,,
0.2557657241821289,0.002165508500208914,0.0010703086853027343,2.7807988560158493e-05,0.4551104202374223,0.9944689694278169,"{'alpha': 0.4551104202374223, 'lambda': 0.9944689694278169}",0.794567294319998,0.8630570358717669,0.7912142569546354,0.5107579983920101,0.5096272295489097,0.693844763017464,0.15212856599885777,1,283,random search for 2 group,6,,
0.25536346435546875,0.0025013170382223466,0.0010940074920654298,3.189416861463014e-05,0.5190138930022273,0.49142157670894604,"{'alpha': 0.5190138930022273, 'lambda': 0.49142157670894604}",0.794567294319998,0.8630570358717669,0.7912142569546354,0.5107579983920101,0.5096272295489097,0.693844763017464,0.15212856599885777,1,284,random search for 2 group,6,,
0.25583205223083494,0.0018222991444046307,0.0010941982269287109,4.086402638315475e-05,0.05721468073380409,0.6314635514147456,"{'alpha': 0.05721468073380409, 'lambda': 0.6314635514147456}",0.794567294319998,0.8630570358717669,0.7912142569546354,0.5107579983920101,0.5096272295489097,0.693844763017464,0.15212856599885777,1,285,random search for 2 group,6,,
0.2555800437927246,0.0016923440513392006,0.0010779857635498046,3.2007319077010385e-05,0.47983586488288466,0.5105314872166796,"{'alpha': 0.47983586488288466, 'lambda': 0.5105314872166796}",0.794567294319998,0.8630570358717669,0.7912142569546354,0.5107579983920101,0.5096272295489097,0.693844763017464,0.15212856599885777,1,286,random search for 2 group,6,,
0.2554169654846191,0.0024326300488296117,0.0013104915618896485,0.00018119627550089684,0.8414501147750454,0.9534434029596711,"{'alpha': 0.8414501147750454, 'lambda': 0.9534434029596711}",0.794567294319998,0.8630570358717669,0.7912142569546354,0.5107579983920101,0.5096272295489097,0.693844763017464,0.15212856599885777,1,287,random search for 2 group,6,,
0.25655364990234375,0.0025679009482002454,0.0010814666748046875,5.219265327625322e-05,0.3502762355789826,0.41053054943720335,"{'alpha': 0.3502762355789826, 'lambda': 0.41053054943720335}",0.794567294319998,0.8630570358717669,0.7912142569546354,0.5107579983920101,0.5096272295489097,0.693844763017464,0.15212856599885777,1,288,random search for 2 group,6,,
0.25537853240966796,0.001440148945310831,0.0010158061981201173,4.804536054870758e-05,0.32759348945734634,0.6209517492978005,"{'alpha': 0.32759348945734634, 'lambda': 0.6209517492978005}",0.794567294319998,0.8630570358717669,0.7912142569546354,0.5107579983920101,0.5096272295489097,0.693844763017464,0.15212856599885777,1,289,random search for 2 group,6,,
0.25474748611450193,0.0012190593104738098,0.0011025428771972655,3.5449114720859215e-05,0.18256257577358392,0.9216706469354904,"{'alpha': 0.18256257577358392, 'lambda': 0.9216706469354904}",0.794567294319998,0.8630570358717669,0.7912142569546354,0.5107579983920101,0.5096272295489097,0.693844763017464,0.15212856599885777,1,290,random search for 2 group,6,,
0.25661640167236327,0.002378324271894867,0.001048707962036133,5.3679369934617504e-05,0.2685054516018419,0.570249679802026,"{'alpha': 0.2685054516018419, 'lambda': 0.570249679802026}",0.794567294319998,0.8630570358717669,0.7912142569546354,0.5107579983920101,0.5096272295489097,0.693844763017464,0.15212856599885777,1,291,random search for 2 group,6,,
0.2554032802581787,0.0023243407247387775,0.0011117935180664062,4.853054540483394e-05,0.7069783939560266,0.3821346595262175,"{'alpha': 0.7069783939560266, 'lambda': 0.3821346595262175}",0.794567294319998,0.8630570358717669,0.7912142569546354,0.5107579983920101,0.5096272295489097,0.693844763017464,0.15212856599885777,1,292,random search for 2 group,6,,
0.255979061126709,0.002280508328766773,0.0010756969451904297,3.797055218936127e-05,0.0645311766362563,0.3804720260845089,"{'alpha': 0.0645311766362563, 'lambda': 0.3804720260845089}",0.794567294319998,0.8630570358717669,0.7912142569546354,0.5107579983920101,0.5096272295489097,0.693844763017464,0.15212856599885777,1,293,random search for 2 group,6,,
0.25521578788757326,0.0019000600230045265,0.0010712623596191406,2.8194506586640266e-05,0.979785505918689,0.2276849194352748,"{'alpha': 0.979785505918689, 'lambda': 0.2276849194352748}",0.794567294319998,0.8630570358717669,0.7912142569546354,0.5107579983920101,0.5096272295489097,0.693844763017464,0.15212856599885777,1,294,random search for 2 group,6,,
0.2553874969482422,0.0018630332116813557,0.001167631149291992,0.0001304371987447755,0.9582864993193372,0.8990353946940854,"{'alpha': 0.9582864993193372, 'lambda': 0.8990353946940854}",0.794567294319998,0.8630570358717669,0.7912142569546354,0.5107579983920101,0.5096272295489097,0.693844763017464,0.15212856599885777,1,295,random search for 2 group,6,,
0.2566981315612793,0.000606910834694679,0.0010865211486816406,1.6494292880109923e-05,0.17956612320658893,0.3623918177941725,"{'alpha': 0.17956612320658893, 'lambda': 0.3623918177941725}",0.794567294319998,0.8630570358717669,0.7912142569546354,0.5107579983920101,0.5096272295489097,0.693844763017464,0.15212856599885777,1,296,random search for 2 group,6,,
0.2549884796142578,0.00243157560498594,0.0010890483856201172,4.239519459314556e-05,0.8064036340262124,0.7648157763081669,"{'alpha': 0.8064036340262124, 'lambda': 0.7648157763081669}",0.794567294319998,0.8630570358717669,0.7912142569546354,0.5107579983920101,0.5096272295489097,0.693844763017464,0.15212856599885777,1,297,random search for 2 group,6,,
0.25558695793151853,0.0018491147438907908,0.001090097427368164,3.285383797433086e-05,0.7135078624735612,0.9286011996812954,"{'alpha': 0.7135078624735612, 'lambda': 0.9286011996812954}",0.794567294319998,0.8630570358717669,0.7912142569546354,0.5107579983920101,0.5096272295489097,0.693844763017464,0.15212856599885777,1,298,random search for 2 group,6,,
0.25461621284484864,0.00142994733971991,0.0010406494140625,3.0435660806079847e-05,0.4489577005244466,0.3958342189619275,"{'alpha': 0.4489577005244466, 'lambda': 0.3958342189619275}",0.794567294319998,0.8630570358717669,0.7912142569546354,0.5107579983920101,0.5096272295489097,0.693844763017464,0.15212856599885777,1,299,random search for 2 group,6,,
0.2543186187744141,0.0016944081806649044,0.0010776042938232422,3.524384693142691e-05,0.091288204596089,0.5795712716154302,"{'alpha': 0.091288204596089, 'lambda': 0.5795712716154302}",0.794567294319998,0.8630570358717669,0.7912142569546354,0.5107579983920101,0.5096272295489097,0.693844763017464,0.15212856599885777,1,300,random search for 2 group,6,,
0.256398344039917,0.0013225385733848054,0.0011102676391601563,4.394240046826729e-05,0.29919232607812973,0.4665020330616265,"{'alpha': 0.29919232607812973, 'lambda': 0.4665020330616265}",0.794567294319998,0.8630570358717669,0.7912142569546354,0.5107579983920101,0.5096272295489097,0.693844763017464,0.15212856599885777,1,301,random search for 2 group,6,,
0.2565632343292236,0.0025843090299832515,0.0011644840240478515,8.506103989526478e-05,0.8427552204725814,0.4643858025978439,"{'alpha': 0.8427552204725814, 'lambda': 0.4643858025978439}",0.794567294319998,0.8630570358717669,0.7912142569546354,0.5107579983920101,0.5096272295489097,0.693844763017464,0.15212856599885777,1,302,random search for 2 group,6,,
0.2559042930603027,0.0014293225243019255,0.0011240482330322266,4.54204851851239e-05,0.26234915816927873,0.20627485132934575,"{'alpha': 0.26234915816927873, 'lambda': 0.20627485132934575}",0.794567294319998,0.8630570358717669,0.7912142569546354,0.5107579983920101,0.5096272295489097,0.693844763017464,0.15212856599885777,1,303,random search for 2 group,6,,
0.2559998035430908,0.0013254945350272109,0.00105438232421875,3.8441060848083936e-05,0.30434228605388547,0.5025291279513591,"{'alpha': 0.30434228605388547, 'lambda': 0.5025291279513591}",0.794567294319998,0.8630570358717669,0.7912142569546354,0.5107579983920101,0.5096272295489097,0.693844763017464,0.15212856599885777,1,304,random search for 2 group,6,,
0.2550879955291748,0.001578744322773445,0.0011003494262695312,2.7149334036608395e-05,0.7601562087177013,0.5596740794976087,"{'alpha': 0.7601562087177013, 'lambda': 0.5596740794976087}",0.794567294319998,0.8630570358717669,0.7912142569546354,0.5107579983920101,0.5096272295489097,0.693844763017464,0.15212856599885777,1,305,random search for 2 group,6,,
0.25634140968322755,0.0016398132617693314,0.001138782501220703,4.243759625775464e-05,0.01087908424345907,0.1742967971685805,"{'alpha': 0.01087908424345907, 'lambda': 0.1742967971685805}",0.794567294319998,0.8630570358717669,0.7912142569546354,0.5107579983920101,0.5096272295489097,0.693844763017464,0.15212856599885777,1,306,random search for 2 group,6,,
0.2555272102355957,0.0017264657720600636,0.001097869873046875,4.042763672786865e-05,0.9667234592749078,0.8450666640593949,"{'alpha': 0.9667234592749078, 'lambda': 0.8450666640593949}",0.794567294319998,0.8630570358717669,0.7912142569546354,0.5107579983920101,0.5096272295489097,0.693844763017464,0.15212856599885777,1,307,random search for 2 group,6,,
0.25560789108276366,0.0011184938340748345,0.0011377811431884765,7.337955294191917e-05,0.19004748146709027,0.4532725844134584,"{'alpha': 0.19004748146709027, 'lambda': 0.4532725844134584}",0.794567294319998,0.8630570358717669,0.7912142569546354,0.5107579983920101,0.5096272295489097,0.693844763017464,0.15212856599885777,1,308,random search for 2 group,6,,
0.2555383205413818,0.0018579297198932782,0.001098299026489258,5.955782004745576e-05,0.05816912473573432,0.5528126697761675,"{'alpha': 0.05816912473573432, 'lambda': 0.5528126697761675}",0.794567294319998,0.8630570358717669,0.7912142569546354,0.5107579983920101,0.5096272295489097,0.693844763017464,0.15212856599885777,1,309,random search for 2 group,6,,
0.2550600528717041,0.0022382768591136934,0.001061725616455078,3.42843595557917e-05,0.4602476554527678,0.5303578104768557,"{'alpha': 0.4602476554527678, 'lambda': 0.5303578104768557}",0.794567294319998,0.8630570358717669,0.7912142569546354,0.5107579983920101,0.5096272295489097,0.693844763017464,0.15212856599885777,1,310,random search for 2 group,6,,
0.2567948341369629,0.0039245054927235885,0.0011018276214599609,4.794137008788286e-05,0.821112303579445,0.029718794506579327,"{'alpha': 0.821112303579445, 'lambda': 0.029718794506579327}",0.794567294319998,0.8630570358717669,0.7912142569546354,0.5107579983920101,0.5096272295489097,0.693844763017464,0.15212856599885777,1,311,random search for 2 group,6,,
0.25574321746826173,0.0018614755118252664,0.00119476318359375,0.00027782066596213046,0.47276308643639076,0.4177875496004816,"{'alpha': 0.47276308643639076, 'lambda': 0.4177875496004816}",0.794567294319998,0.8630570358717669,0.7912142569546354,0.5107579983920101,0.5096272295489097,0.693844763017464,0.15212856599885777,1,312,random search for 2 group,6,,
0.25533289909362794,0.001884603829132029,0.0010964393615722657,2.8025452396537224e-05,0.6236428300967184,0.6059964549956531,"{'alpha': 0.6236428300967184, 'lambda': 0.6059964549956531}",0.794567294319998,0.8630570358717669,0.7912142569546354,0.5107579983920101,0.5096272295489097,0.693844763017464,0.15212856599885777,1,313,random search for 2 group,6,,
0.255841064453125,0.0011645643822288854,0.0010914802551269531,4.186184887670489e-05,0.19795324090945232,0.03531525129075497,"{'alpha': 0.19795324090945232, 'lambda': 0.03531525129075497}",0.794567294319998,0.8630570358717669,0.7912142569546354,0.5107579983920101,0.5096272295489097,0.693844763017464,0.15212856599885777,1,314,random search for 2 group,6,,
0.2560305118560791,0.0016831820765975533,0.0010937690734863282,3.2842139799662665e-05,0.09405619580408164,0.44637620884386076,"{'alpha': 0.09405619580408164, 'lambda': 0.44637620884386076}",0.794567294319998,0.8630570358717669,0.7912142569546354,0.5107579983920101,0.5096272295489097,0.693844763017464,0.15212856599885777,1,315,random search for 2 group,6,,
0.25502333641052244,0.0012646541274006716,0.001139211654663086,4.805927202389684e-05,0.5833870320497938,0.6250519542820495,"{'alpha': 0.5833870320497938, 'lambda': 0.6250519542820495}",0.794567294319998,0.8630570358717669,0.7912142569546354,0.5107579983920101,0.5096272295489097,0.693844763017464,0.15212856599885777,1,316,random search for 2 group,6,,
0.2556904792785645,0.0014508892500224191,0.001083517074584961,4.1022852490758366e-05,0.35383898283649784,0.2022023518143462,"{'alpha': 0.35383898283649784, 'lambda': 0.2022023518143462}",0.794567294319998,0.8630570358717669,0.7912142569546354,0.5107579983920101,0.5096272295489097,0.693844763017464,0.15212856599885777,1,317,random search for 2 group,6,,
0.2555130958557129,0.0014247826032845298,0.0010370254516601563,5.63137618043971e-05,0.9852394969312978,0.402484747787911,"{'alpha': 0.9852394969312978, 'lambda': 0.402484747787911}",0.794567294319998,0.8630570358717669,0.7912142569546354,0.5107579983920101,0.5096272295489097,0.693844763017464,0.15212856599885777,1,318,random search for 2 group,6,,
0.2562430381774902,0.0018245514630110499,0.0010943889617919921,3.631527433305865e-05,0.9222067037525802,0.9707916601196365,"{'alpha': 0.9222067037525802, 'lambda': 0.9707916601196365}",0.794567294319998,0.8630570358717669,0.7912142569546354,0.5107579983920101,0.5096272295489097,0.693844763017464,0.15212856599885777,1,319,random search for 2 group,6,,
0.2572146415710449,0.0020870261481181324,0.0010961532592773438,8.566424337578412e-05,0.282529227527321,0.3277232241035454,"{'alpha': 0.282529227527321, 'lambda': 0.3277232241035454}",0.794567294319998,0.8630570358717669,0.7912142569546354,0.5107579983920101,0.5096272295489097,0.693844763017464,0.15212856599885777,1,320,random search for 2 group,6,,
0.25564961433410643,0.001958075698142965,0.0011201858520507812,2.9818377938341e-05,0.086348121429066,0.022596211958520906,"{'alpha': 0.086348121429066, 'lambda': 0.022596211958520906}",0.794567294319998,0.8630570358717669,0.7912142569546354,0.5107579983920101,0.5096272295489097,0.693844763017464,0.15212856599885777,1,321,random search for 2 group,6,,
0.2555990695953369,0.0013480624447168457,0.0010916233062744141,5.196094316025876e-05,0.20367895015447457,0.11074352681783706,"{'alpha': 0.20367895015447457, 'lambda': 0.11074352681783706}",0.794567294319998,0.8630570358717669,0.7912142569546354,0.5107579983920101,0.5096272295489097,0.693844763017464,0.15212856599885777,1,322,random search for 2 group,6,,
0.2552642822265625,0.0014636235429381762,0.001169586181640625,8.516712115228228e-05,0.15353506595913913,0.7400119313894209,"{'alpha': 0.15353506595913913, 'lambda': 0.7400119313894209}",0.794567294319998,0.8630570358717669,0.7912142569546354,0.5107579983920101,0.5096272295489097,0.693844763017464,0.15212856599885777,1,323,random search for 2 group,6,,
0.2550658226013184,0.0015758990411834292,0.0011175155639648437,2.3023088566486477e-05,0.2744325106817087,0.6921507872533943,"{'alpha': 0.2744325106817087, 'lambda': 0.6921507872533943}",0.794567294319998,0.8630570358717669,0.7912142569546354,0.5107579983920101,0.5096272295489097,0.693844763017464,0.15212856599885777,1,324,random search for 2 group,6,,
0.2563498020172119,0.000739826535114647,0.0010974884033203125,4.261558535849532e-05,0.045182919455375004,4.5659282641330456e-05,"{'alpha': 0.045182919455375004, 'lambda': 4.5659282641330456e-05}",0.794567294319998,0.8630570358717669,0.7912142569546354,0.5107579983920101,0.5096272295489097,0.693844763017464,0.15212856599885777,1,325,random search for 2 group,6,,
0.2558082103729248,0.0025634294885899934,0.0011153221130371094,4.097055233896244e-05,0.32416005583337637,0.9437512469655881,"{'alpha': 0.32416005583337637, 'lambda': 0.9437512469655881}",0.794567294319998,0.8630570358717669,0.7912142569546354,0.5107579983920101,0.5096272295489097,0.693844763017464,0.15212856599885777,1,326,random search for 2 group,6,,
0.257307243347168,0.001894968333449398,0.0010959625244140625,4.558059433107978e-05,0.42741190823716446,0.7335313252476391,"{'alpha': 0.42741190823716446, 'lambda': 0.7335313252476391}",0.794567294319998,0.8630570358717669,0.7912142569546354,0.5107579983920101,0.5096272295489097,0.693844763017464,0.15212856599885777,1,327,random search for 2 group,6,,
0.2559966564178467,0.0015892087969598884,0.001070547103881836,4.587396509216054e-05,0.5956215592442448,0.8296211994171628,"{'alpha': 0.5956215592442448, 'lambda': 0.8296211994171628}",0.794567294319998,0.8630570358717669,0.7912142569546354,0.5107579983920101,0.5096272295489097,0.693844763017464,0.15212856599885777,1,328,random search for 2 group,6,,
0.25481500625610354,0.0016745650161811127,0.0010980129241943359,2.846625979936804e-05,0.23181667404283168,0.5046276956354755,"{'alpha': 0.23181667404283168, 'lambda': 0.5046276956354755}",0.794567294319998,0.8630570358717669,0.7912142569546354,0.5107579983920101,0.5096272295489097,0.693844763017464,0.15212856599885777,1,329,random search for 2 group,6,,
0.25626459121704104,0.0027341923881545817,0.0011514186859130859,0.00017449442581942285,0.6551155459347147,0.15040290389852595,"{'alpha': 0.6551155459347147, 'lambda': 0.15040290389852595}",0.794567294319998,0.8630570358717669,0.7912142569546354,0.5107579983920101,0.5096272295489097,0.693844763017464,0.15212856599885777,1,330,random search for 2 group,6,,
0.25571284294128416,0.001486316235052072,0.0010852336883544922,2.8754269091062678e-05,0.7125855937280475,0.6174346373878589,"{'alpha': 0.7125855937280475, 'lambda': 0.6174346373878589}",0.794567294319998,0.8630570358717669,0.7912142569546354,0.5107579983920101,0.5096272295489097,0.693844763017464,0.15212856599885777,1,331,random search for 2 group,6,,
0.25559191703796386,0.0010237132915702923,0.0010946273803710937,3.83352758101368e-05,0.28057785035319793,0.8324657198327817,"{'alpha': 0.28057785035319793, 'lambda': 0.8324657198327817}",0.794567294319998,0.8630570358717669,0.7912142569546354,0.5107579983920101,0.5096272295489097,0.693844763017464,0.15212856599885777,1,332,random search for 2 group,6,,
0.256714916229248,0.00328944850762162,0.0010858535766601562,2.8344590087557148e-05,0.5752188588442473,0.32722787804207987,"{'alpha': 0.5752188588442473, 'lambda': 0.32722787804207987}",0.794567294319998,0.8630570358717669,0.7912142569546354,0.5107579983920101,0.5096272295489097,0.693844763017464,0.15212856599885777,1,333,random search for 2 group,6,,
0.2552637577056885,0.0024408986329442373,0.0010914325714111329,4.337551509515e-05,0.14131424216092325,0.7907388631543214,"{'alpha': 0.14131424216092325, 'lambda': 0.7907388631543214}",0.794567294319998,0.8630570358717669,0.7912142569546354,0.5107579983920101,0.5096272295489097,0.693844763017464,0.15212856599885777,1,334,random search for 2 group,6,,
0.2561012268066406,0.0012780363972531143,0.0011142730712890626,5.003987390678222e-05,0.19481520141182773,0.3533373063461689,"{'alpha': 0.19481520141182773, 'lambda': 0.3533373063461689}",0.794567294319998,0.8630570358717669,0.7912142569546354,0.5107579983920101,0.5096272295489097,0.693844763017464,0.15212856599885777,1,335,random search for 2 group,6,,
0.25522332191467284,0.001959988223106983,0.0011155128479003907,7.348668619754595e-05,0.813097666313892,0.9194290481719838,"{'alpha': 0.813097666313892, 'lambda': 0.9194290481719838}",0.794567294319998,0.8630570358717669,0.7912142569546354,0.5107579983920101,0.5096272295489097,0.693844763017464,0.15212856599885777,1,336,random search for 2 group,6,,
0.254819917678833,0.001860505289541459,0.0010990619659423829,1.8532593766227644e-05,0.5381619894487852,0.7325900919511765,"{'alpha': 0.5381619894487852, 'lambda': 0.7325900919511765}",0.794567294319998,0.8630570358717669,0.7912142569546354,0.5107579983920101,0.5096272295489097,0.693844763017464,0.15212856599885777,1,337,random search for 2 group,6,,
0.2569741249084473,0.001929136052372462,0.0010915756225585937,4.98390872953405e-05,0.7154011543581491,0.6155344581806795,"{'alpha': 0.7154011543581491, 'lambda': 0.6155344581806795}",0.794567294319998,0.8630570358717669,0.7912142569546354,0.5107579983920101,0.5096272295489097,0.693844763017464,0.15212856599885777,1,338,random search for 2 group,6,,
0.255555534362793,0.0012851440167593285,0.0010770797729492188,5.173179935996644e-05,0.6108562762856498,0.9895715127612376,"{'alpha': 0.6108562762856498, 'lambda': 0.9895715127612376}",0.794567294319998,0.8630570358717669,0.7912142569546354,0.5107579983920101,0.5096272295489097,0.693844763017464,0.15212856599885777,1,339,random search for 2 group,6,,
0.2549144744873047,0.0017228546303756508,0.001109743118286133,2.4650959211409286e-05,0.25719455729104945,0.5929318973201153,"{'alpha': 0.25719455729104945, 'lambda': 0.5929318973201153}",0.794567294319998,0.8630570358717669,0.7912142569546354,0.5107579983920101,0.5096272295489097,0.693844763017464,0.15212856599885777,1,340,random search for 2 group,6,,
0.25737805366516114,0.0032573072243088246,0.0010834217071533203,4.743496863881853e-05,0.388041335706625,0.22305039363495593,"{'alpha': 0.388041335706625, 'lambda': 0.22305039363495593}",0.794567294319998,0.8630570358717669,0.7912142569546354,0.5107579983920101,0.5096272295489097,0.693844763017464,0.15212856599885777,1,341,random search for 2 group,6,,
0.2550497531890869,0.0021896762835929835,0.0010927677154541015,2.477378992356435e-05,0.27536986973598565,0.05207548623266467,"{'alpha': 0.27536986973598565, 'lambda': 0.05207548623266467}",0.794567294319998,0.8630570358717669,0.7912142569546354,0.5107579983920101,0.5096272295489097,0.693844763017464,0.15212856599885777,1,342,random search for 2 group,6,,
0.2559242248535156,0.0017533614705954237,0.0011968612670898438,0.00017206138787939437,0.9299832579935016,0.6529539277472508,"{'alpha': 0.9299832579935016, 'lambda': 0.6529539277472508}",0.794567294319998,0.8630570358717669,0.7912142569546354,0.5107579983920101,0.5096272295489097,0.693844763017464,0.15212856599885777,1,343,random search for 2 group,6,,
0.2576487064361572,0.004731240992504394,0.0010637760162353516,1.760065312341781e-05,,,"{'colsample_bytree': 0.6347075144807015, 'subsample': 0.7955580315501483}",0.7600040919772301,0.8282456000113525,0.794359965987149,0.4997963554383138,0.4694710265215115,0.6703754079871114,0.1534850173838194,169,344,random search for 3 group,6,0.6347075144807015,0.7955580315501483
0.2575965881347656,0.0020577066082986995,0.0010359764099121093,4.027041544745698e-05,,,"{'colsample_bytree': 0.6181834213676473, 'subsample': 0.5311965519650237}",0.7924438762785055,0.8494852121644578,0.7428853790654204,0.517230082895787,0.43469257136521156,0.6673474243538764,0.1619831938568249,201,345,random search for 3 group,6,0.6181834213676473,0.5311965519650237
0.25927910804748533,0.0012905640507783291,0.0010618209838867188,4.485124328044752e-05,,,"{'colsample_bytree': 0.5372313302785502, 'subsample': 0.885551411842024}",0.7880974462225914,0.8436166763701038,0.7860939025993634,0.5256978155401821,0.4134678557584802,0.6713947392981442,0.16981736443563597,155,346,random search for 3 group,6,0.5372313302785502,0.885551411842024
0.25851616859436033,0.0015678720357968582,0.0010164737701416015,2.574902993600821e-05,,,"{'colsample_bytree': 0.6163482191789212, 'subsample': 0.7271160501224977}",0.7812726066231882,0.8319011154007907,0.7690588206498646,0.4866280409918222,0.4323088156583519,0.6602338798648035,0.1661635959246415,282,347,random search for 3 group,6,0.6163482191789212,0.7271160501224977
0.26030898094177246,0.0011365393209869113,0.00105743408203125,1.9902682606540062e-05,,,"{'colsample_bytree': 0.6139860956582126, 'subsample': 0.8592941251968604}",0.7743910443027652,0.8335549817623178,0.7508469124883562,0.5174198281410236,0.4774872027513958,0.6707399938891717,0.14458429613413126,163,348,random search for 3 group,6,0.6139860956582126,0.8592941251968604
0.25947117805480957,0.0030804523214378802,0.0010725975036621094,2.900620461538547e-05,,,"{'colsample_bytree': 0.8487253545307077, 'subsample': 0.6197175926636154}",0.7805358178273201,0.8564814758450998,0.7678123238994544,0.45463846725901846,0.4465246419003993,0.6611985453462584,0.17463977554091914,270,349,random search for 3 group,6,0.8487253545307077,0.6197175926636154
0.2613579750061035,0.0016054020239576654,0.001065206527709961,3.123898481996215e-05,,,"{'colsample_bytree': 0.665417843625442, 'subsample': 0.7894071984203032}",0.7856342728157559,0.8124619948688687,0.7974680156899007,0.5118787638020459,0.4154793168640871,0.6645844728081316,0.16706361893750454,236,350,random search for 3 group,6,0.665417843625442,0.7894071984203032
0.2583437919616699,0.002902028063898979,0.0011014938354492188,3.7771703711954114e-05,,,"{'colsample_bytree': 0.7412173744640329, 'subsample': 0.525979730958585}",0.7637496680672224,0.8604212072887465,0.7743540128807909,0.5022440842613511,0.4911311848723624,0.6783800314740946,0.15213413299144013,81,351,random search for 3 group,6,0.7412173744640329,0.525979730958585
0.2602195739746094,0.0005254406450761311,0.0010605335235595703,3.083791100448913e-05,,,"{'colsample_bytree': 0.6796913080906996, 'subsample': 0.7578968194001041}",0.7760470879685479,0.8325875223450567,0.7731567842362368,0.4761215987359395,0.48038083338755166,0.6676587653346665,0.1561018035434514,197,352,random search for 3 group,6,0.6796913080906996,0.7578968194001041
0.25882434844970703,0.0022819303092186617,0.0010488510131835937,2.1686080048414805e-05,,,"{'colsample_bytree': 0.6037002312070779, 'subsample': 0.6460346159969892}",0.7728166429404282,0.8583736064003163,0.7488677219539003,0.5102391274602911,0.47873530954161425,0.67380648165931,0.1512013670028657,128,353,random search for 3 group,6,0.6037002312070779,0.6460346159969892
0.2581638336181641,0.0020282192858990596,0.001069498062133789,2.0332170918776922e-05,,,"{'colsample_bytree': 0.8104610640270362, 'subsample': 0.5422389840739296}",0.7899384065741576,0.8463586590868736,0.7343316054362174,0.5109423571172192,0.36227906565635803,0.6487700187741653,0.1829557870869205,356,354,random search for 3 group,6,0.8104610640270362,0.5422389840739296
0.25918092727661135,0.0020155574039126697,0.0011363983154296874,0.00014775171570692854,,,"{'colsample_bytree': 0.6696051790426829, 'subsample': 0.5466890986784108}",0.7707562543145279,0.8429733748986835,0.7692244150448734,0.519036086475931,0.37678818329492214,0.6557556628057877,0.1775758219352028,325,355,random search for 3 group,6,0.6696051790426829,0.5466890986784108
0.2599607467651367,0.0014846786672867759,0.0010358810424804688,1.7024756063876675e-05,,,"{'colsample_bytree': 0.7056099660472535, 'subsample': 0.7655977173445612}",0.7804323766900718,0.8589806104868078,0.7753074601857431,0.4706442395350161,0.5181403067909949,0.6807009987377268,0.15571138103191906,56,356,random search for 3 group,6,0.7056099660472535,0.7655977173445612
0.2609670639038086,0.0017496682108491422,0.001072835922241211,2.3494285038132314e-05,,,"{'colsample_bytree': 0.6973048525434709, 'subsample': 0.5617843318452455}",0.77930290670556,0.8466117253382492,0.7493900054585015,0.5018175922074379,0.3891588931479696,0.6532562245715436,0.17617995312675208,338,357,random search for 3 group,6,0.6973048525434709,0.5617843318452455
0.2599079132080078,0.0014244734683141124,0.0010676860809326171,3.249756306676237e-05,,,"{'colsample_bytree': 0.7222821049043826, 'subsample': 0.7326641566685153}",0.7708704494249045,0.8522295268624439,0.770282277909448,0.5148304824714216,0.4096388707049953,0.6635703214746427,0.17035127019105253,249,358,random search for 3 group,6,0.7222821049043826,0.7326641566685153
0.25959930419921873,0.0015547457114664142,0.0010306358337402344,3.2615591907984424e-05,,,"{'colsample_bytree': 0.6436153470102546, 'subsample': 0.7710953013804085}",0.7754109891812746,0.8380827193746808,0.780784524121547,0.5004036564658754,0.4225792224928724,0.66345222232725,0.16816782206921613,250,359,random search for 3 group,6,0.6436153470102546,0.7710953013804085
0.25777506828308105,0.0014142518733394705,0.0010636806488037109,1.558506344321341e-05,,,"{'colsample_bytree': 0.7804214904561695, 'subsample': 0.5099184218125659}",0.7978220533034187,0.8539968033251167,0.7578497025975761,0.5222712392923261,0.4600224154501995,0.6783924427937275,0.1571452057585023,80,360,random search for 3 group,6,0.7804214904561695,0.5099184218125659
0.261199426651001,0.0018198216513824674,0.0010449409484863282,4.648377278883516e-05,,,"{'colsample_bytree': 0.5591104075074544, 'subsample': 0.8833845705229535}",0.7590437637677678,0.8261373561525781,0.8055152120241611,0.5014292620797848,0.5439222499389766,0.6872095687926537,0.13675005301313103,12,361,random search for 3 group,6,0.5591104075074544,0.8833845705229535
0.25958452224731443,0.0011611093152459084,0.00103912353515625,1.7297822462271825e-05,,,"{'colsample_bytree': 0.5359572354077422, 'subsample': 0.7245807102759259}",0.7514024816076099,0.8354613860623097,0.7276976558337721,0.5363334122892477,0.3579611344834088,0.6417712140552696,0.17238534871722763,375,362,random search for 3 group,6,0.5359572354077422,0.7245807102759259
0.25821380615234374,0.0012994330894561018,0.0010822772979736327,4.2373253449853866e-05,,,"{'colsample_bytree': 0.7944531023583918, 'subsample': 0.5109002438637305}",0.8119299617095472,0.8514578716524065,0.7513262512282707,0.5337728619774673,0.44554133445870236,0.6788056562052789,0.1601479691527189,74,363,random search for 3 group,6,0.7944531023583918,0.5109002438637305
0.2612635135650635,0.0022825371892969794,0.0010483741760253906,2.3650065521470003e-05,,,"{'colsample_bytree': 0.860953023758624, 'subsample': 0.7292581886104479}",0.7726988137523176,0.8456743726256375,0.790291660257957,0.5290071750348369,0.4758410219945053,0.6827026087330509,0.15009898011634237,43,364,random search for 3 group,6,0.860953023758624,0.7292581886104479
0.2619022369384766,0.0021691536980936064,0.0010739803314208985,3.137595747733516e-05,,,"{'colsample_bytree': 0.8500770729343026, 'subsample': 0.8598337678349364}",0.776652312164903,0.8490865387356554,0.7848540798285302,0.4936213948512024,0.5236492330675914,0.6855727117295765,0.14693779383301828,24,365,random search for 3 group,6,0.8500770729343026,0.8598337678349364
0.25887489318847656,0.0017434858502450947,0.0010736465454101562,3.208352320188781e-05,,,"{'colsample_bytree': 0.8597489293121618, 'subsample': 0.5091378455511684}",0.8211039620069182,0.8570794089251502,0.7553267889174529,0.4925905976461853,0.5564962154486057,0.6965193945888625,0.14556963089131156,3,366,random search for 3 group,6,0.8597489293121618,0.5091378455511684
0.2598898410797119,0.0015957946707971606,0.0010666370391845704,3.372435647294199e-05,,,"{'colsample_bytree': 0.7059106949341306, 'subsample': 0.6091522044623845}",0.771934385018211,0.8464178835401346,0.7633349355690826,0.46013965496069587,0.4855353957814399,0.6654724509739127,0.16011955521304314,225,367,random search for 3 group,6,0.7059106949341306,0.6091522044623845
0.25779142379760744,0.0016259673648664837,0.001095724105834961,5.06376366453153e-05,,,"{'colsample_bytree': 0.5749867629078813, 'subsample': 0.5772312964975637}",0.7560871184850373,0.838885869075374,0.7375432387938268,0.46226869832668505,0.45451437702741404,0.6498598603416674,0.1600335834283846,352,368,random search for 3 group,6,0.5749867629078813,0.5772312964975637
0.260798978805542,0.002179199742916562,0.001068115234375,2.4891630432392477e-05,,,"{'colsample_bytree': 0.6741133526684164, 'subsample': 0.8999679635826419}",0.765989533323755,0.8558058671466028,0.7879396514564927,0.5078376130266451,0.5203103554065913,0.6875766040720175,0.14478018963474737,9,369,random search for 3 group,6,0.6741133526684164,0.8999679635826419
0.2593669414520264,0.0011778818741560563,0.0010408401489257813,2.184132810752193e-05,,,"{'colsample_bytree': 0.7750502349631574, 'subsample': 0.5641316046517051}",0.7865820196601186,0.8435813922269695,0.7386259997173155,0.5137215549798793,0.4329969861677291,0.6631015905504023,0.16049101878391905,253,370,random search for 3 group,6,0.7750502349631574,0.5641316046517051
0.26097421646118163,0.001392007566451691,0.001066303253173828,2.691516621502947e-05,,,"{'colsample_bytree': 0.5536413680255712, 'subsample': 0.8106877990569976}",0.7877344875143449,0.8228777932902646,0.8044621613444853,0.51519805566601,0.5032371356010081,0.6867019266832226,0.14539038840478988,16,371,random search for 3 group,6,0.5536413680255712,0.8106877990569976
0.2621096134185791,0.0021956197630977033,0.0011219978332519531,0.0001080043005342685,,,"{'colsample_bytree': 0.6098177444410766, 'subsample': 0.8770031450261115}",0.7814007529219816,0.8303086464402677,0.8070504943268663,0.5070465688919584,0.48982398065919464,0.6831260886480537,0.15168887599935088,40,372,random search for 3 group,6,0.6098177444410766,0.8770031450261115
0.260026216506958,0.003316408506315202,0.0010576248168945312,1.4238201045960326e-05,,,"{'colsample_bytree': 0.787792520523215, 'subsample': 0.7060320064634886}",0.7945269468261477,0.8843654195425144,0.7509276737217927,0.5057021438408875,0.46325731601869835,0.6797558999900082,0.16569201365829248,65,373,random search for 3 group,6,0.787792520523215,0.7060320064634886
0.25852742195129397,0.001443218171656236,0.0010634422302246093,1.723988902494373e-05,,,"{'colsample_bytree': 0.535738597768183, 'subsample': 0.5102778019636671}",0.7761168380669657,0.8478276345156216,0.7360226724923207,0.5076089152149,0.30384357420431596,0.6342839268988248,0.20065176170773566,381,374,random search for 3 group,6,0.535738597768183,0.5102778019636671
0.2610750198364258,0.0018558844446062907,0.0010599136352539063,3.5678318724708945e-05,,,"{'colsample_bytree': 0.5076795478409013, 'subsample': 0.8982554470664654}",0.7940939181808999,0.8514795185003257,0.7790965486003486,0.5025894171489254,0.40747912102646144,0.6669477046913922,0.17727555144205712,205,375,random search for 3 group,6,0.5076795478409013,0.8982554470664654
0.2590497970581055,0.0015705194929366314,0.0010773658752441407,3.7906424744501065e-05,,,"{'colsample_bytree': 0.5616410323022908, 'subsample': 0.6069538720070172}",0.7860451177596002,0.8336953007799008,0.7283068999124402,0.49873044441712655,0.4264835076005917,0.6546522540939319,0.16193708139196586,329,376,random search for 3 group,6,0.5616410323022908,0.6069538720070172
0.25836877822875975,0.001025850570804199,0.0010673999786376953,3.0219213965334257e-05,,,"{'colsample_bytree': 0.5041270795144692, 'subsample': 0.5528352101385808}",0.7719285534500233,0.8242956504202575,0.7587015931103505,0.5210458277852787,0.3546820197255247,0.6461307288982869,0.1793480493104124,365,377,random search for 3 group,6,0.5041270795144692,0.5528352101385808
0.2602409362792969,0.001311537882689882,0.0010573387145996094,1.8368693256114594e-05,,,"{'colsample_bytree': 0.6472981824826168, 'subsample': 0.7722357563799442}",0.7968038582772974,0.826365811548198,0.7671991296667191,0.49808265508048855,0.44462849577307184,0.666615990069155,0.16141114403208065,207,378,random search for 3 group,6,0.6472981824826168,0.7722357563799442
0.2573395252227783,0.0013093490134137445,0.001081562042236328,1.7602074098795136e-05,,,"{'colsample_bytree': 0.5046395692457353, 'subsample': 0.5187712010499496}",0.7624472975797572,0.8474080495378034,0.7304170489950552,0.5149262579044545,0.43629826410950434,0.6582993836253149,0.15598088562890502,298,379,random search for 3 group,6,0.5046395692457353,0.5187712010499496
0.25980534553527834,0.0016358771333547313,0.0011585712432861327,0.00015304456857332294,,,"{'colsample_bytree': 0.8878685592150264, 'subsample': 0.5685339528521918}",0.7566192380262442,0.8743380483071097,0.7268059603297337,0.47647404824869466,0.4273138133022161,0.6523102216427996,0.17162056137579493,342,380,random search for 3 group,6,0.8878685592150264,0.5685339528521918
0.25968141555786134,0.0017488631391246296,0.0010862350463867188,5.8365530434135926e-05,,,"{'colsample_bytree': 0.5094558153608351, 'subsample': 0.7684806447558843}",0.7720406999501548,0.8357986858170248,0.7553633515960405,0.5059880681184754,0.4692665836686223,0.6676914778300634,0.1499036906278227,194,381,random search for 3 group,6,0.5094558153608351,0.7684806447558843
0.2578993797302246,0.0008494012286671262,0.0010781288146972656,2.9460279301703184e-05,,,"{'colsample_bytree': 0.7506553018247861, 'subsample': 0.5364796666074372}",0.7999275887805744,0.8426822588779732,0.7590521363229765,0.5120749333878672,0.44456656165538133,0.6716606958049545,0.16147903645783868,151,382,random search for 3 group,6,0.7506553018247861,0.5364796666074372
0.2600186824798584,0.0006963439910293909,0.0011556148529052734,0.0001470939456406516,,,"{'colsample_bytree': 0.5651347876980288, 'subsample': 0.7818325022243164}",0.7584156533595099,0.8106392215283909,0.7834749488736269,0.5046354783278669,0.4648517740114836,0.6644034152201757,0.14815390191356623,238,383,random search for 3 group,6,0.5651347876980288,0.7818325022243164
0.25943889617919924,0.00220748131671996,0.0010714530944824219,5.45540054680823e-05,,,"{'colsample_bytree': 0.6342144858760818, 'subsample': 0.7493973255162069}",0.785855372566048,0.8297861420227306,0.7685288864403282,0.4834799864644451,0.4115828000852939,0.6558466375157692,0.172759715391701,323,384,random search for 3 group,6,0.6342144858760818,0.7493973255162069
0.25945391654968264,0.000948333622751359,0.0010581493377685546,2.9775951162016847e-05,,,"{'colsample_bytree': 0.6759295339777815, 'subsample': 0.8761906493891258}",0.7663845474889811,0.8135460722494253,0.795048698874678,0.518463564192222,0.5003184818966245,0.6787522729403862,0.13921546645270322,75,385,random search for 3 group,6,0.6759295339777815,0.8761906493891258
0.25864033699035643,0.0025715248064944085,0.00102386474609375,5.5958948351668634e-05,,,"{'colsample_bytree': 0.668512646735946, 'subsample': 0.6612685630869846}",0.7735314258215745,0.8469067094489897,0.7523935405940281,0.49371336053640824,0.4282411541009339,0.6589572381003869,0.16596267133563153,294,386,random search for 3 group,6,0.668512646735946,0.6612685630869846
0.258010721206665,0.0004487528302876038,0.0010843753814697265,4.035022968120287e-05,,,"{'colsample_bytree': 0.8847387887320672, 'subsample': 0.5083432379552395}",0.8366600887634474,0.8519565156375206,0.7581120741886986,0.48840276134523075,0.5571928807312425,0.698464864133228,0.1485255918564605,1,387,random search for 3 group,6,0.8847387887320672,0.5083432379552395
0.26071815490722655,0.0030628009436632513,0.001066875457763672,4.154929272261752e-05,,,"{'colsample_bytree': 0.7807449632067515, 'subsample': 0.7711893707027648}",0.7605898433031542,0.8243118076562325,0.7814356645331084,0.4698123915956336,0.5125280631931723,0.6697355540562601,0.14785716134420224,178,388,random search for 3 group,6,0.7807449632067515,0.7711893707027648
0.25913081169128416,0.001992031967258797,0.00103302001953125,3.118653542244542e-05,,,"{'colsample_bytree': 0.6780041547052926, 'subsample': 0.7060152530397685}",0.7831064341653655,0.8502115719879536,0.7460364320837115,0.5295747105785076,0.4153416394825359,0.6648541576596149,0.16461382636679492,231,389,random search for 3 group,6,0.6780041547052926,0.7060152530397685
0.261475133895874,0.002981615262131524,0.0011394977569580077,0.00010666204534616758,,,"{'colsample_bytree': 0.6470804138763502, 'subsample': 0.8010568028665347}",0.7792716902263329,0.8113311363100841,0.8025143787168015,0.4795900774793903,0.4674927166292294,0.6680399998723676,0.15919848199799627,191,390,random search for 3 group,6,0.6470804138763502,0.8010568028665347
0.25941290855407717,0.0018987866431157841,0.0010643959045410155,6.269757704798798e-05,,,"{'colsample_bytree': 0.7239744112931514, 'subsample': 0.7189151425411283}",0.7928995708539337,0.866502621785391,0.773917277872844,0.49802299790332794,0.45650930878801566,0.6775703554407024,0.16696358800765637,89,391,random search for 3 group,6,0.7239744112931514,0.7189151425411283
0.2584981918334961,0.0016767463007645394,0.0011108875274658202,0.00013142851799224396,,,"{'colsample_bytree': 0.7698336529868965, 'subsample': 0.6712123372656753}",0.7638406538388569,0.8653919862421571,0.797383394609801,0.49124744798736353,0.42125175312409335,0.6678230471604543,0.17720897007737224,193,392,random search for 3 group,6,0.7698336529868965,0.6712123372656753
0.2594603538513184,0.0019926815438066022,0.0010732650756835938,2.9240889376988117e-05,,,"{'colsample_bytree': 0.7073621561955798, 'subsample': 0.7067199268667963}",0.7857046194081142,0.8705068845341974,0.7712370019822398,0.4888489571099721,0.4156896387190707,0.6663974203507189,0.17959068325649466,212,393,random search for 3 group,6,0.7073621561955798,0.7067199268667963
0.258560848236084,0.0023905680367519743,0.0010412216186523437,2.481359044313712e-05,,,"{'colsample_bytree': 0.820612581487794, 'subsample': 0.6477208970181372}",0.7817939228174803,0.8827131921079685,0.7521229540179678,0.48580910909560515,0.4878102433554202,0.6780498842788883,0.16203971820894278,84,394,random search for 3 group,6,0.820612581487794,0.6477208970181372
0.2600436210632324,0.0014310934075212097,0.0010539054870605468,1.9633071512931783e-05,,,"{'colsample_bytree': 0.849857761746901, 'subsample': 0.8035592754943706}",0.7821608391718047,0.8368224774489351,0.7971830786269966,0.5122232014158885,0.503468760934362,0.6863716715195973,0.14688181775115985,19,395,random search for 3 group,6,0.849857761746901,0.8035592754943706
0.26158437728881834,0.003449483861425547,0.0011706829071044921,0.0001880129308958216,,,"{'colsample_bytree': 0.7760772021548619, 'subsample': 0.8467943675623044}",0.7741944973782072,0.8399589358074195,0.8173750783882507,0.49691145816721416,0.4737241235671603,0.6804328186616504,0.16087360960193306,59,396,random search for 3 group,6,0.7760772021548619,0.8467943675623044
0.25943751335144044,0.0026763586939212614,0.0010554790496826172,6.525878439759461e-06,,,"{'colsample_bytree': 0.575871842807625, 'subsample': 0.7171135392848977}",0.7739689320642986,0.8282393531876195,0.7597970021545062,0.5030835514275115,0.41921867793441703,0.6568615033536706,0.16358606612920865,314,397,random search for 3 group,6,0.575871842807625,0.7171135392848977
0.2605623722076416,0.002318584387428977,0.001083040237426758,2.445788845703123e-05,,,"{'colsample_bytree': 0.8719777930901449, 'subsample': 0.8852695790454664}",0.7714344891467136,0.8445808931287184,0.7789284468492728,0.48695557004812584,0.49445623631964175,0.6752711270984945,0.15284947024186918,114,398,random search for 3 group,6,0.8719777930901449,0.8852695790454664
0.2588456153869629,0.001961850265250736,0.0010591983795166016,3.835757058884977e-05,,,"{'colsample_bytree': 0.8812987531415837, 'subsample': 0.6185150633460926}",0.7838189855441051,0.8547657797280711,0.7883050272362614,0.4622196329053594,0.44026268720908546,0.6658744225245765,0.17717564515984097,220,399,random search for 3 group,6,0.8812987531415837,0.6185150633460926
0.2599588394165039,0.0025806976680441715,0.0010503768920898438,1.3086204850789424e-05,,,"{'colsample_bytree': 0.6523275323898308, 'subsample': 0.6727578486847658}",0.7839970296723919,0.8523083500684044,0.7765176684891197,0.5069516863821555,0.39942524053517703,0.6638399950294497,0.1773039174446148,245,400,random search for 3 group,6,0.6523275323898308,0.6727578486847658
0.257858943939209,0.0008492376133157645,0.00107879638671875,2.4196561157441278e-05,,,"{'colsample_bytree': 0.6998866359817029, 'subsample': 0.6584180317208413}",0.7746864315796659,0.8625186124429167,0.7370576243825986,0.48248835022659753,0.49156457747576887,0.6696631192215096,0.15460830601912512,181,401,random search for 3 group,6,0.6998866359817029,0.6584180317208413
0.2606440544128418,0.0016951704333164602,0.001067352294921875,4.5864546801533746e-05,,,"{'colsample_bytree': 0.8013907438283179, 'subsample': 0.818375071632186}",0.7662299898205196,0.8712482378827044,0.7940976540913136,0.4797391752108564,0.4903276567953355,0.6803285427601459,0.16316202396824903,61,402,random search for 3 group,6,0.8013907438283179,0.818375071632186
0.2600276470184326,0.0015015984833492574,0.001077127456665039,3.2688361007015056e-05,,,"{'colsample_bytree': 0.5254767490342407, 'subsample': 0.7836217096369957}",0.7878932140947854,0.8527404691879437,0.7812914731909081,0.5155119523760434,0.45606897579884964,0.6787012169297061,0.16058216906478587,78,403,random search for 3 group,6,0.5254767490342407,0.7836217096369957
0.2595653533935547,0.001175154500956542,0.0010562896728515624,1.0519204955280761e-05,,,"{'colsample_bytree': 0.809946204577862, 'subsample': 0.5234061287493893}",0.7778127176958901,0.8586264453534922,0.7728831270802589,0.5013655377497913,0.41420161656638277,0.664977888889163,0.17408776099835468,228,404,random search for 3 group,6,0.809946204577862,0.5234061287493893
0.2607749938964844,0.0020595337807375776,0.0010469436645507812,2.647000332121886e-05,,,"{'colsample_bytree': 0.6175769153752335, 'subsample': 0.8988753060720509}",0.7547673795178544,0.8488537418954368,0.7893405505177049,0.5214380726037118,0.5226064743596399,0.6874012437788697,0.13834581154869102,11,405,random search for 3 group,6,0.6175769153752335,0.8988753060720509
0.2595653533935547,0.0020177093700345823,0.0011231422424316407,0.00015897806633186087,,,"{'colsample_bytree': 0.747088651623076, 'subsample': 0.80452929426687}",0.790006106178371,0.8446640001956085,0.8069032925613934,0.48843895855429553,0.4929657956951735,0.6845956306369684,0.15930590013857882,31,406,random search for 3 group,6,0.747088651623076,0.80452929426687
0.257822847366333,0.0013267069190566565,0.0010719776153564453,7.94637929194875e-05,,,"{'colsample_bytree': 0.7479040699032083, 'subsample': 0.5010582759700901}",0.7903635413310613,0.8195105342161652,0.7604823859115222,0.5296725636139255,0.43604560209905774,0.6672149254343464,0.15454158701255646,203,407,random search for 3 group,6,0.7479040699032083,0.5010582759700901
0.258280611038208,0.002331818667816037,0.0010333061218261719,4.210717808606075e-05,,,"{'colsample_bytree': 0.6761967382443318, 'subsample': 0.5245358428086965}",0.7867993360673249,0.8606896986710837,0.7374268184666192,0.5048548906811671,0.3463759237722167,0.6472293335316823,0.1918144705295852,360,408,random search for 3 group,6,0.6761967382443318,0.5245358428086965
0.2587240695953369,0.00221558916930289,0.0010584354400634765,2.029702607744727e-05,,,"{'colsample_bytree': 0.5143129847331052, 'subsample': 0.5579992351149892}",0.7681084970262075,0.8252216359032258,0.765728268223651,0.4919829220511446,0.3695573804692225,0.6441197407346901,0.17971635615718476,371,409,random search for 3 group,6,0.5143129847331052,0.5579992351149892
0.2599215030670166,0.0008707729408918044,0.0010519027709960938,5.453837373854971e-05,,,"{'colsample_bytree': 0.7958905793788673, 'subsample': 0.7709373676331409}",0.7605357529579588,0.8275351257302038,0.7873163980998096,0.4776472057875857,0.5093580158350258,0.6724784996821168,0.1480215561193846,145,410,random search for 3 group,6,0.7958905793788673,0.7709373676331409
0.26099462509155275,0.002709175311762747,0.0010714530944824219,2.6888288822586775e-05,,,"{'colsample_bytree': 0.557300734795205, 'subsample': 0.8888100277324236}",0.7658791255811062,0.8392935674462916,0.7992171666120859,0.4984274026911767,0.5244746147685044,0.685458375419833,0.14420137439644154,26,411,random search for 3 group,6,0.557300734795205,0.8888100277324236
0.2601189136505127,0.0013724375380706167,0.0010416030883789063,4.10250140517388e-05,,,"{'colsample_bytree': 0.5522153046471343, 'subsample': 0.8847121460069001}",0.7665181275060031,0.8314980767765507,0.8015249699269583,0.5009669545044436,0.5188202176279442,0.68386566926838,0.14364011180749028,34,412,random search for 3 group,6,0.5522153046471343,0.8847121460069001
0.2610775470733643,0.0008352622256861006,0.0010503292083740234,5.788312102458478e-05,,,"{'colsample_bytree': 0.6316019202930324, 'subsample': 0.8614186919978802}",0.7795802142417056,0.8320244170355442,0.7846959524267312,0.5104302514271547,0.49570526222789535,0.6804872194718062,0.14608637717832532,58,413,random search for 3 group,6,0.6316019202930324,0.8614186919978802
0.2601176738739014,0.0018487379821422489,0.001051044464111328,3.3078066842258234e-05,,,"{'colsample_bytree': 0.7903019501047455, 'subsample': 0.7830943820479735}",0.7878503478744606,0.8531223372776817,0.7978562602815793,0.4836294507492398,0.4679918744094773,0.6780900541184878,0.16672356627171184,83,414,random search for 3 group,6,0.7903019501047455,0.7830943820479735
0.2587029457092285,0.0013244045190182476,0.0010954856872558594,2.778508476106243e-05,,,"{'colsample_bytree': 0.8300445645891081, 'subsample': 0.6235375009143097}",0.7613713849526634,0.8471638845372911,0.772090861653449,0.48018310777728024,0.4073352393401465,0.6536288956521661,0.17540893921542625,337,415,random search for 3 group,6,0.8300445645891081,0.6235375009143097
0.25955905914306643,0.0016244831563230827,0.001049947738647461,3.2727637676090385e-05,,,"{'colsample_bytree': 0.7520184717209271, 'subsample': 0.6624605352152028}",0.7766529724175266,0.87106824836235,0.7468320798918973,0.4722662073714228,0.4835807342669317,0.6700800484620256,0.16220803239696138,177,416,random search for 3 group,6,0.7520184717209271,0.6624605352152028
0.2591655731201172,0.0017374668351775532,0.0010685920715332031,2.011947699100516e-05,,,"{'colsample_bytree': 0.5436214538085622, 'subsample': 0.6452543450078333}",0.7732879601200209,0.8559720561126489,0.7421081479530179,0.5039545864046906,0.5207513238279553,0.6792148148836666,0.14133313554165533,70,417,random search for 3 group,6,0.5436214538085622,0.6452543450078333
0.260132884979248,0.001319410007353149,0.001076650619506836,5.3805405677872416e-05,,,"{'colsample_bytree': 0.728885969305263, 'subsample': 0.7288713804620391}",0.7724752780488756,0.8654722317748307,0.7733525140529119,0.4832530225207228,0.4788553275785308,0.6746816747951744,0.16167464066179485,118,418,random search for 3 group,6,0.728885969305263,0.7288713804620391
0.25884575843811036,0.0018593510852003507,0.0011031627655029297,0.0001331680778857469,,,"{'colsample_bytree': 0.7443488205376061, 'subsample': 0.5718859522891963}",0.7772681090537963,0.8581615460901995,0.7713172944344382,0.4851834402535363,0.42198549276340946,0.6627831765190759,0.17469078547484923,257,419,random search for 3 group,6,0.7443488205376061,0.5718859522891963
0.25867271423339844,0.001202087135492258,0.0010933876037597656,2.9999083442737256e-05,,,"{'colsample_bytree': 0.5630788188301452, 'subsample': 0.6014546298369574}",0.77083188334349,0.8338224501314975,0.7437893657665627,0.5052490621251791,0.450793639737723,0.6608972802208906,0.15312069536094527,272,420,random search for 3 group,6,0.5630788188301452,0.6014546298369574
0.25960893630981446,0.0016169176474272965,0.0010357379913330078,2.3561932452776725e-05,,,"{'colsample_bytree': 0.6501258190974368, 'subsample': 0.6390556295498806}",0.7911060282849977,0.8488146913667332,0.7225970763265153,0.5004592623000399,0.4705225603390072,0.6666999237234587,0.15355043114888392,206,421,random search for 3 group,6,0.6501258190974368,0.6390556295498806
0.258432674407959,0.002383553508841785,0.0010842323303222657,5.652312706707693e-05,,,"{'colsample_bytree': 0.5149395258432148, 'subsample': 0.5770379393539984}",0.7863505689455504,0.8499948999897822,0.7531885308099201,0.4665753992099342,0.3256743588220614,0.6363567515554497,0.20353787123004186,378,422,random search for 3 group,6,0.5149395258432148,0.5770379393539984
0.2615457534790039,0.0015207704071119865,0.0010974407196044922,4.940134216802603e-05,,,"{'colsample_bytree': 0.800354518372808, 'subsample': 0.871015637967792}",0.7813676503393963,0.8469694775233705,0.8058006580093401,0.49505592750660543,0.48811127747792993,0.6834609981713284,0.15807954437891367,37,423,random search for 3 group,6,0.800354518372808,0.871015637967792
0.2584667205810547,0.0023080204797789445,0.0010737895965576172,4.388389127970035e-05,,,"{'colsample_bytree': 0.6916707730756817, 'subsample': 0.5593543945127203}",0.7838107706634753,0.8400367279356205,0.7329062057048277,0.48985446519711406,0.437378931431858,0.6567974201865792,0.16218261667934558,316,424,random search for 3 group,6,0.6916707730756817,0.5593543945127203
0.2599696159362793,0.0013591411619002993,0.0010718345642089845,3.302957064808978e-05,,,"{'colsample_bytree': 0.6559082667050733, 'subsample': 0.7772915762494365}",0.7873496004410315,0.8365404495805024,0.7887317037924759,0.47790516865207366,0.42092148091194137,0.6622896806756049,0.17564006111185332,261,425,random search for 3 group,6,0.6559082667050733,0.7772915762494365
0.2610496520996094,0.0012306732386584383,0.0010718345642089845,2.737086824108595e-05,,,"{'colsample_bytree': 0.7315653104202358, 'subsample': 0.8803348110330006}",0.7578909431371907,0.8410464212378541,0.8057053478343941,0.4899347594875393,0.49300304353277424,0.6775161030459504,0.1541859863600845,90,426,random search for 3 group,6,0.7315653104202358,0.8803348110330006
0.26102604866027834,0.0015790642780943351,0.0010445594787597656,1.6972589795492274e-05,,,"{'colsample_bytree': 0.6514495934982807, 'subsample': 0.6620767956100453}",0.7688502174987242,0.846282422200689,0.7394883322784758,0.4885092176467585,0.4358261944388713,0.6557912768127038,0.16275277104641744,324,427,random search for 3 group,6,0.6514495934982807,0.6620767956100453
0.26139187812805176,0.0019409300665339676,0.001074981689453125,1.2983112128957589e-05,,,"{'colsample_bytree': 0.8150008608860848, 'subsample': 0.8469369419489207}",0.7793607879087983,0.8418148825162834,0.8135385661750214,0.4806771097638416,0.464551832734469,0.6759886358196827,0.1673058535562534,105,428,random search for 3 group,6,0.8150008608860848,0.8469369419489207
0.2590667247772217,0.001262726933485995,0.0012018680572509766,0.00015906825905098563,,,"{'colsample_bytree': 0.7363757920089351, 'subsample': 0.6183908897421638}",0.7845662954709601,0.8398463963338574,0.7467189959956129,0.4659668684845324,0.4870697300935706,0.6648336572757065,0.15672816318098984,232,429,random search for 3 group,6,0.7363757920089351,0.6183908897421638
0.2600415706634521,0.0016503745958136012,0.0010628223419189454,4.440616280684977e-05,,,"{'colsample_bytree': 0.6509458934830944, 'subsample': 0.7971237159438638}",0.7701524317953018,0.8164311337921026,0.7988964718142102,0.48631830328435,0.4411776375515134,0.6625951956474956,0.16365290746678288,258,430,random search for 3 group,6,0.6509458934830944,0.7971237159438638
0.25804624557495115,0.0009071784088294245,0.001060819625854492,2.6288651383490295e-05,,,"{'colsample_bytree': 0.839812688643611, 'subsample': 0.6269486322474708}",0.7702068841842442,0.8649836037097873,0.7776443118573482,0.4839561669083986,0.4517369164979629,0.6697055766315483,0.16846244166249363,179,431,random search for 3 group,6,0.839812688643611,0.6269486322474708
0.25937209129333494,0.0031325439385087098,0.001065206527709961,3.998256113464656e-05,,,"{'colsample_bytree': 0.751259244388025, 'subsample': 0.718995006258343}",0.7890409099484306,0.8687555949693483,0.7692570113751892,0.5032478201138959,0.45680314342706263,0.6774208959667853,0.16523336209416328,92,432,random search for 3 group,6,0.751259244388025,0.718995006258343
0.25761566162109373,0.001579612715715285,0.0010873794555664063,2.8753478332649664e-05,,,"{'colsample_bytree': 0.8653499493897947, 'subsample': 0.5108585720821578}",0.8214350962195477,0.8685631519302042,0.7684734452929356,0.48626309233840703,0.465161050581021,0.6819791672724231,0.1714979167761254,48,433,random search for 3 group,6,0.8653499493897947,0.5108585720821578
0.2589263916015625,0.0009642557696408442,0.0010632038116455077,3.601165645053002e-05,,,"{'colsample_bytree': 0.6003371355840563, 'subsample': 0.5990485210485703}",0.7586510549124486,0.840972805692925,0.7365118281812251,0.49427065182193064,0.44118163461068827,0.6543175950438435,0.1571772834324927,331,434,random search for 3 group,6,0.6003371355840563,0.5990485210485703
0.259520435333252,0.0037003932963177995,0.0010546207427978515,3.234369255975187e-05,,,"{'colsample_bytree': 0.6160320375845187, 'subsample': 0.5957138345443261}",0.7917028857455612,0.8322023483028431,0.7524958979978891,0.5059316873453223,0.4750320714864348,0.6714729781756101,0.1502310376872414,154,435,random search for 3 group,6,0.6160320375845187,0.5957138345443261
0.26157283782958984,0.003136866998909088,0.0010704517364501954,1.4015606057621122e-05,,,"{'colsample_bytree': 0.887555281951776, 'subsample': 0.7788302392135253}",0.7607173424051775,0.8686845271474328,0.8098446840457924,0.46248595376071044,0.5066695742536309,0.6816804163225488,0.16511720681411524,49,436,random search for 3 group,6,0.887555281951776,0.7788302392135253
0.2605130195617676,0.0013129128395906328,0.0011133670806884766,3.194716437978578e-05,,,"{'colsample_bytree': 0.52931112065368, 'subsample': 0.8005443205800669}",0.7624830006549564,0.8379525538759183,0.765826976233091,0.51658641806283,0.3905965979243865,0.6546891093502364,0.17109871214555644,328,437,random search for 3 group,6,0.52931112065368,0.8005443205800669
0.25979928970336913,0.0014005652650017355,0.0010499954223632812,4.448918795317954e-05,,,"{'colsample_bytree': 0.5440970804904685, 'subsample': 0.5801991443464657}",0.7501304444079732,0.8453016320734369,0.7318577681299769,0.4843669953195717,0.43417823205653705,0.6491670143974991,0.16054867549982857,354,438,random search for 3 group,6,0.5440970804904685,0.5801991443464657
0.25862698554992675,0.000860034692344144,0.0011030673980712891,3.2475586193268544e-05,,,"{'colsample_bytree': 0.8416826974075666, 'subsample': 0.6444499178383694}",0.7876007601313838,0.8756811077074067,0.739806611601495,0.47147680714010487,0.41432718663255586,0.6577784946425893,0.18168150126361904,301,439,random search for 3 group,6,0.8416826974075666,0.6444499178383694
0.2601480484008789,0.0009424440410615482,0.0010957717895507812,4.1772404736308825e-05,,,"{'colsample_bytree': 0.7059007362221432, 'subsample': 0.7607853887417045}",0.7618774501353345,0.8403420558791159,0.7790327065387255,0.4637878240977028,0.44947153800846396,0.6589023149318686,0.16726415271002315,295,440,random search for 3 group,6,0.7059007362221432,0.7607853887417045
0.2600282669067383,0.0013029705362814286,0.0010837554931640626,6.203495657018528e-05,,,"{'colsample_bytree': 0.5227205118027678, 'subsample': 0.8604038504298093}",0.7692788125835499,0.8348092493434585,0.7805896113540979,0.5110231844314628,0.4051018875426158,0.6601605490510369,0.16982873569188267,286,441,random search for 3 group,6,0.5227205118027678,0.8604038504298093
0.260268497467041,0.0024495894752463243,0.0011602401733398437,9.983706189367043e-05,,,"{'colsample_bytree': 0.8695513130520027, 'subsample': 0.7042414113648133}",0.7940237368517483,0.8613946998552391,0.7699337301092134,0.47956331638519734,0.3807935620563806,0.6571418090515558,0.1903052273011951,310,442,random search for 3 group,6,0.8695513130520027,0.7042414113648133
0.25852055549621583,0.0015572447019847429,0.0010761737823486329,3.0369848073623026e-05,,,"{'colsample_bytree': 0.6162821361259423, 'subsample': 0.5050103714615999}",0.7739618598309922,0.8232579373074232,0.7461902969123797,0.5202486941535136,0.3918096692030173,0.6510936914814652,0.166210165894577,348,443,random search for 3 group,6,0.6162821361259423,0.5050103714615999
0.25960216522216795,0.0008975293500433961,0.0010973453521728516,4.868472357912558e-05,,,"{'colsample_bytree': 0.8797843355509438, 'subsample': 0.7516956952008838}",0.7787043637850062,0.8473094509718107,0.7864205902306204,0.4988163212540796,0.4767429675946453,0.6775987387672323,0.1569537907973691,87,444,random search for 3 group,6,0.8797843355509438,0.7516956952008838
0.259809684753418,0.002161463040326941,0.001088094711303711,2.7138444448331792e-05,,,"{'colsample_bytree': 0.6912917547992029, 'subsample': 0.6856665167312188}",0.7891835608733427,0.8595227959018374,0.7593733607862052,0.485967169098106,0.38852430996954124,0.6565142393258064,0.18455271723288197,317,445,random search for 3 group,6,0.6912917547992029,0.6856665167312188
0.2606504917144775,0.0007536182004849492,0.0010612010955810547,3.2253725013638654e-05,,,"{'colsample_bytree': 0.7094147680976486, 'subsample': 0.8592875006838059}",0.777171595638411,0.8346365235027713,0.7843311627427745,0.5106759287152681,0.5231675335116668,0.6859965488221784,0.13951848307056997,22,446,random search for 3 group,6,0.7094147680976486,0.8592875006838059
0.26006059646606444,0.0010069720772970354,0.0010781288146972656,5.696877121552226e-05,,,"{'colsample_bytree': 0.5099946017967387, 'subsample': 0.6947526991538979}",0.7455103142348578,0.8556651633689081,0.764047921639687,0.5022074193647175,0.41898815767781594,0.6572837952571973,0.1669557772563234,309,447,random search for 3 group,6,0.5099946017967387,0.6947526991538979
0.2600727558135986,0.0015421895899423962,0.0011492252349853515,0.00012246125175724364,,,"{'colsample_bytree': 0.8024427155757761, 'subsample': 0.7337553443940077}",0.7668674322658475,0.8542036355015759,0.78356680757128,0.5197754075964508,0.47623241631559843,0.6801291398501506,0.15219198784883037,62,448,random search for 3 group,6,0.8024427155757761,0.7337553443940077
0.2592328548431396,0.0018760796531455866,0.001054239273071289,2.040361628035656e-05,,,"{'colsample_bytree': 0.765087703780424, 'subsample': 0.5831957921413505}",0.7946900841727473,0.8446327888155405,0.7479863210061818,0.4754217916404351,0.4533326773134454,0.66321273258967,0.1653488235087631,251,449,random search for 3 group,6,0.765087703780424,0.5831957921413505
0.2595521450042725,0.002898598373065605,0.0011003494262695312,4.3318864694033845e-05,,,"{'colsample_bytree': 0.692890662382668, 'subsample': 0.7263866002180678}",0.7780617321205359,0.8492565559780076,0.7915597211195535,0.4746051016580495,0.4834713943155554,0.6753909010383403,0.16211958214556868,112,450,random search for 3 group,6,0.692890662382668,0.7263866002180678
0.2601372241973877,0.0007308671140240329,0.0010838031768798829,5.1383136722651917e-05,,,"{'colsample_bytree': 0.6286119279165964, 'subsample': 0.7837301870140183}",0.7857543083387127,0.8292233647424385,0.7845515661549692,0.5023051128878042,0.42252476020984264,0.6648718224667535,0.16799242812468615,230,451,random search for 3 group,6,0.6286119279165964,0.7837301870140183
0.25795207023620603,0.002891102532137338,0.0011238574981689454,0.00014832030345224385,,,"{'colsample_bytree': 0.6822912693948611, 'subsample': 0.5261689059349257}",0.7871014854009212,0.855752203442808,0.756272946544275,0.49320560409887915,0.41940845870252474,0.6623481396378816,0.17286947933586863,260,452,random search for 3 group,6,0.6822912693948611,0.5261689059349257
0.2603996753692627,0.0009782643897193748,0.0010657787322998046,2.692395048330735e-05,,,"{'colsample_bytree': 0.8138152308489208, 'subsample': 0.8371022084083508}",0.75165669230103,0.8427659003585324,0.8133043746582407,0.46509250136171887,0.5005040594710559,0.6746647056301155,0.15978684237529647,120,453,random search for 3 group,6,0.8138152308489208,0.8371022084083508
0.2591123580932617,0.001725209332574293,0.0010475635528564454,3.673794353268156e-05,,,"{'colsample_bytree': 0.8218698031981964, 'subsample': 0.5706756071166306}",0.7697565882907782,0.8581778463112253,0.7427548658823038,0.48525697320575645,0.40279134861130583,0.651747524460274,0.17579546880890914,346,454,random search for 3 group,6,0.8218698031981964,0.5706756071166306
0.25883140563964846,0.0017121522503567921,0.0010643959045410155,3.161922980315014e-05,,,"{'colsample_bytree': 0.6654891229590281, 'subsample': 0.7247794535817096}",0.7755570577731213,0.8378631693588714,0.7746510411164492,0.48411752613630965,0.3940433030706325,0.6532464194910769,0.17864666627182688,339,455,random search for 3 group,6,0.6654891229590281,0.7247794535817096
0.2603203296661377,0.0015745941133637567,0.0011373996734619141,0.00013116459829299408,,,"{'colsample_bytree': 0.7609364158153793, 'subsample': 0.8531412110010629}",0.7784032297621146,0.8155165669266662,0.7972378544373618,0.48752736811523045,0.4980370771792141,0.6753444192841174,0.1495596852092194,113,456,random search for 3 group,6,0.7609364158153793,0.8531412110010629
0.25961642265319823,0.0015327909749655393,0.0010565757751464845,2.8547615836425972e-05,,,"{'colsample_bytree': 0.5693375242496815, 'subsample': 0.6599484831456495}",0.779717126009323,0.8288392444735166,0.7646440332747182,0.4790703057214185,0.4472635046811122,0.6599068428320176,0.16234628530110246,288,457,random search for 3 group,6,0.5693375242496815,0.6599484831456495
0.2607144832611084,0.002606147480902686,0.0010752677917480469,3.997903515004082e-05,,,"{'colsample_bytree': 0.7326039693470711, 'subsample': 0.7717972968070145}",0.7689065296980039,0.8496253176780314,0.7773083448336884,0.46906941009073033,0.5006079229731549,0.6731035050547217,0.15657679026050694,137,458,random search for 3 group,6,0.7326039693470711,0.7717972968070145
0.261005163192749,0.0009051974865634129,0.001085948944091797,1.5144666432992373e-05,,,"{'colsample_bytree': 0.579313774341464, 'subsample': 0.7127390107875476}",0.757556456411597,0.8340785312153819,0.7556658952586452,0.5153857443813972,0.4322525395668747,0.6589878333667791,0.15604462630204485,293,459,random search for 3 group,6,0.579313774341464,0.7127390107875476
0.2595497131347656,0.001410331692024555,0.0010323047637939454,1.82980007661268e-05,,,"{'colsample_bytree': 0.8968160362676881, 'subsample': 0.5699603466711181}",0.7635528427379994,0.8634339159435975,0.7702460835635193,0.47067817830573244,0.4952653358542156,0.6726352712810127,0.15902500411916268,142,460,random search for 3 group,6,0.8968160362676881,0.5699603466711181
0.25876145362854003,0.0015337997976150241,0.0010560035705566406,2.774618685986802e-05,,,"{'colsample_bytree': 0.8413880249220955, 'subsample': 0.6873885510661355}",0.8005751736532655,0.873972589978094,0.7455157473550148,0.5042625954717078,0.459076520088443,0.676680525309305,0.1649798630629041,99,461,random search for 3 group,6,0.8413880249220955,0.6873885510661355
0.2616086959838867,0.001964087887967732,0.0010645389556884766,3.7612448354770064e-05,,,"{'colsample_bytree': 0.5683189555649113, 'subsample': 0.8393975640686001}",0.759274847724821,0.8222461527726745,0.7781479007168557,0.5190749761347999,0.5075206840283517,0.6772529122755006,0.13546935089885004,96,462,random search for 3 group,6,0.5683189555649113,0.8393975640686001
0.2588331699371338,0.002438648070284061,0.0010675430297851563,2.478204874082642e-05,,,"{'colsample_bytree': 0.8942069963502828, 'subsample': 0.5196280893189018}",0.7974850179984183,0.8730448572929966,0.7342588572775611,0.48331082140258175,0.4277678959242699,0.6631734899791656,0.17601424946908117,252,463,random search for 3 group,6,0.8942069963502828,0.5196280893189018
0.26027188301086424,0.0014690268088647215,0.0010778427124023438,5.240208236232017e-05,,,"{'colsample_bytree': 0.8205840108389388, 'subsample': 0.8456638694669638}",0.7785243148782776,0.8349311371184934,0.8065833570359061,0.48028077930137125,0.4994582600412373,0.6799555696750572,0.1563439293756424,64,464,random search for 3 group,6,0.8205840108389388,0.8456638694669638
0.2608680725097656,0.0013808556009332752,0.0011214256286621095,0.0001681194608477626,,,"{'colsample_bytree': 0.8906097962560493, 'subsample': 0.8766081180208993}",0.782875781737796,0.8613503929996748,0.7949297908770508,0.5079325178879966,0.5038386192054538,0.6901854205415944,0.15284082233886456,4,465,random search for 3 group,6,0.8906097962560493,0.8766081180208993
0.2597370624542236,0.0022163494749204444,0.0010534763336181641,4.342586132492486e-05,,,"{'colsample_bytree': 0.7991236562631798, 'subsample': 0.5935130806804052}",0.7614290748326167,0.849434625938876,0.7631087613782814,0.473636900822746,0.4823583614413869,0.6659935448827813,0.15678832544701546,218,466,random search for 3 group,6,0.7991236562631798,0.5935130806804052
0.25908288955688474,0.00229957990440176,0.001062154769897461,4.7863858407606186e-05,,,"{'colsample_bytree': 0.8443760559656496, 'subsample': 0.5999521803027013}",0.7562051369895886,0.8602248762986597,0.7839563328539038,0.4728178607397512,0.4452477744068589,0.6636903962577524,0.17076192693873027,246,467,random search for 3 group,6,0.8443760559656496,0.5999521803027013
0.2596397399902344,0.0024096021603529257,0.001126861572265625,0.00012296118722870925,,,"{'colsample_bytree': 0.6095850692017581, 'subsample': 0.7197571102350623}",0.7698538642660525,0.853082678304433,0.7785824954635813,0.5211937182082944,0.4560930444939215,0.6757611601472566,0.15685264416542466,109,468,random search for 3 group,6,0.6095850692017581,0.7197571102350623
0.2588289737701416,0.001975720481246528,0.0010667800903320312,1.0364601618002953e-05,,,"{'colsample_bytree': 0.5200142364434934, 'subsample': 0.5449430988451263}",0.7661820812233088,0.8354630451551996,0.7530292463859637,0.5245082201195077,0.24844160303150709,0.6255248391830974,0.21564415514216573,386,469,random search for 3 group,6,0.5200142364434934,0.5449430988451263
0.25988235473632815,0.0005978130406103395,0.0010500907897949218,4.2667361205309013e-05,,,"{'colsample_bytree': 0.8579644076480697, 'subsample': 0.824235047055715}",0.7533339184352241,0.8435624786952339,0.8009736794777929,0.4975048110972613,0.46838278433978386,0.6727515344090592,0.15785361435564418,139,470,random search for 3 group,6,0.8579644076480697,0.824235047055715
0.2608644008636475,0.0015141223352682445,0.00103607177734375,2.9343738922579415e-05,,,"{'colsample_bytree': 0.5562318034148667, 'subsample': 0.8151009701920942}",0.7752276284589862,0.8355255018744612,0.7952236627574975,0.5278777110217865,0.49052305632883053,0.6848755120883123,0.14522866473998958,29,471,random search for 3 group,6,0.5562318034148667,0.8151009701920942
0.2602054595947266,0.0028979098544667527,0.001061248779296875,3.1943605592256025e-05,,,"{'colsample_bytree': 0.7191890494320852, 'subsample': 0.7001883299489489}",0.7986019416481418,0.8535221722191151,0.7744317958823492,0.49167504649716187,0.46855536685151755,0.6773572646196571,0.1632384327513622,93,472,random search for 3 group,6,0.7191890494320852,0.7001883299489489
0.26017045974731445,0.0012919290659739358,0.001076507568359375,4.011654561856828e-05,,,"{'colsample_bytree': 0.8759043317853187, 'subsample': 0.7517011565739382}",0.7787043637850062,0.8473094509718107,0.7864205902306204,0.4988163212540796,0.4767429675946453,0.6775987387672323,0.1569537907973691,87,473,random search for 3 group,6,0.8759043317853187,0.7517011565739382
0.2612447738647461,0.001401348678201526,0.0010530471801757813,3.700895352589639e-05,,,"{'colsample_bytree': 0.8809647542214513, 'subsample': 0.8632946418588829}",0.7542375363107356,0.8429346169049317,0.7965364157633811,0.48191747324044076,0.4881430390219945,0.6727538162482968,0.15583509384652125,138,474,random search for 3 group,6,0.8809647542214513,0.8632946418588829
0.25875000953674315,0.002084882394643421,0.0011838436126708984,0.0002046887361222365,,,"{'colsample_bytree': 0.5600415670347249, 'subsample': 0.5618904806762854}",0.7660191417581346,0.8290216150294968,0.741752545248109,0.4800999680342243,0.44380752507702126,0.6521401590293971,0.15829476658124175,344,475,random search for 3 group,6,0.5600415670347249,0.5618904806762854
0.25916028022766113,0.002392152317789286,0.001067972183227539,3.8841189206644685e-05,,,"{'colsample_bytree': 0.5338255272811671, 'subsample': 0.6695839239400984}",0.756928452395579,0.8509387109091291,0.7607590879858314,0.48627909003513503,0.37221572375275425,0.6454242130156858,0.1832711577975595,367,476,random search for 3 group,6,0.5338255272811671,0.6695839239400984
0.25946774482727053,0.0018948823732150995,0.0010440826416015625,4.153122992991938e-05,,,"{'colsample_bytree': 0.6427049312257236, 'subsample': 0.6394145372236661}",0.7950323814196928,0.8462528410278476,0.7123623765092271,0.4965496366197817,0.3965418917234723,0.6493478254600042,0.17391062951420275,353,477,random search for 3 group,6,0.6427049312257236,0.6394145372236661
0.2600574016571045,0.0015467929502289157,0.0010660171508789062,3.9259193716969154e-05,,,"{'colsample_bytree': 0.8625560190052607, 'subsample': 0.7559907109653488}",0.7721589995089939,0.8498652671838509,0.7972485107813381,0.48530834013027047,0.4890427056546186,0.6787247646518144,0.15840208523056387,77,478,random search for 3 group,6,0.8625560190052607,0.7559907109653488
0.25765342712402345,0.002469570358963329,0.0010365962982177735,1.90098415913691e-05,,,"{'colsample_bytree': 0.5761726460949266, 'subsample': 0.5104978677947458}",0.8147487717081155,0.8570919351739243,0.7382415357973025,0.5033164880384337,0.4171034284639541,0.666100431836346,0.1745144935077426,217,479,random search for 3 group,6,0.5761726460949266,0.5104978677947458
0.2601310253143311,0.0016239461409987307,0.0010964393615722657,4.610485196335806e-05,,,"{'colsample_bytree': 0.6286850208596464, 'subsample': 0.8050776068990397}",0.778479244476953,0.8360625137863517,0.8095046836589131,0.4972352402661687,0.46875444940318434,0.6780072263183141,0.16051972913286805,85,480,random search for 3 group,6,0.6286850208596464,0.8050776068990397
0.2604548931121826,0.002991483628642791,0.0010502338409423828,3.087644869096716e-05,,,"{'colsample_bytree': 0.5820412037553264, 'subsample': 0.7493661385741586}",0.7661741987415543,0.8381946376022017,0.7822159341708572,0.5121145475098722,0.4110303661196043,0.6619459368288179,0.16840432073785147,265,481,random search for 3 group,6,0.5820412037553264,0.7493661385741586
0.25970797538757323,0.0028714527415435592,0.0010473251342773438,3.1282625476247106e-05,,,"{'colsample_bytree': 0.7584157474884416, 'subsample': 0.6921080377548685}",0.7834702143317844,0.8722233750816203,0.7495831291713406,0.47293748842322747,0.4483944660570651,0.6653217346130076,0.172009576899967,227,482,random search for 3 group,6,0.7584157474884416,0.6921080377548685
0.2604358673095703,0.0013905760909782108,0.0010929107666015625,3.8125508945763516e-05,,,"{'colsample_bytree': 0.7426915711908747, 'subsample': 0.7985836633557521}",0.7896826654455975,0.8300730526170577,0.8181273109340017,0.48725286378538224,0.5239784782142445,0.6898228741992567,0.15142198766263681,5,483,random search for 3 group,6,0.7426915711908747,0.7985836633557521
0.2599048614501953,0.0029586501598715966,0.0011014461517333985,4.143970051450695e-05,,,"{'colsample_bytree': 0.5066461898187792, 'subsample': 0.5798426641462098}",0.7717764456489574,0.8338465640014266,0.7419291594358217,0.4836369181116652,0.308735598846144,0.627984937208803,0.1993964812760666,385,484,random search for 3 group,6,0.5066461898187792,0.5798426641462098
0.2591292381286621,0.0021016411712870367,0.001075601577758789,5.527540269917987e-05,,,"{'colsample_bytree': 0.5137856236666981, 'subsample': 0.5028266361422343}",0.7683750688959678,0.8516455823293968,0.7191815537855737,0.48208694915934314,0.4511449510632205,0.6544868210467003,0.15943472050216245,330,485,random search for 3 group,6,0.5137856236666981,0.5028266361422343
0.2606264591217041,0.0007509594788122709,0.0010967254638671875,6.040907664741862e-05,,,"{'colsample_bytree': 0.5664974330107515, 'subsample': 0.8108139987331585}",0.7700377674416456,0.8286834378677481,0.7874077227500873,0.5065885246346198,0.48585193393306825,0.6757138773254339,0.14793453976433524,110,486,random search for 3 group,6,0.5664974330107515,0.8108139987331585
