mean_fit_time,std_fit_time,mean_score_time,std_score_time,param_alpha,param_lambda,params,split0_test_score,split1_test_score,split2_test_score,mean_test_score,std_test_score,rank_test_score,experiment_name,run_number
0.3839201132456462,0.015909554907218945,0.09372202555338542,0.0008812699221919037,0.918419012412624,0.5894964835720158,"{'alpha': 0.918419012412624, 'lambda': 0.5894964835720158}",0.900323573514324,0.8991397679741141,0.898579321231255,0.8993475542398978,0.0007270879616360646,46,random search for 2 group,8
0.48676522572835285,0.18680387656323647,0.16831501324971518,0.05328009304844536,0.1029213869329737,0.40246008632322505,"{'alpha': 0.1029213869329737, 'lambda': 0.40246008632322505}",0.89985005129824,0.8966143161549996,0.8968429360694554,0.8977691011742316,0.0014744110304975233,228,random search for 2 group,8
0.7406980991363525,0.12344104584587011,0.3199605941772461,0.05265866537580481,0.6593811731939787,0.2569107020938195,"{'alpha': 0.6593811731939787, 'lambda': 0.2569107020938195}",0.8997711309288927,0.8988240864967249,0.8993685872138911,0.8993212682131696,0.0003880743957860003,49,random search for 2 group,8
0.6910781860351562,0.05518962285053922,0.26218565305074054,0.027934253974461365,0.6487538011657132,0.775018347291779,"{'alpha': 0.6487538011657132, 'lambda': 0.775018347291779}",0.900323573514324,0.8982716439112935,0.8972375690607735,0.898610928828797,0.0012824953705614876,134,random search for 2 group,8
0.7564336458841959,0.08994130037003253,0.21150795618693033,0.08564673675531043,0.8650500288723271,0.01664185483245162,"{'alpha': 0.8650500288723271, 'lambda': 0.01664185483245162}",0.9014284586851866,0.8965353957856522,0.8988161010260458,0.8989266518322948,0.001999113511079636,102,random search for 2 group,8
0.4630667368570964,0.049303858814436684,0.1685758431752523,0.06920920076527493,0.7314575251938147,0.7888302392916959,"{'alpha': 0.7314575251938147, 'lambda': 0.7888302392916959}",0.8985084050193355,0.8987451661273774,0.8973164956590371,0.8981900222685834,0.0006251935746946845,190,random search for 2 group,8
0.6426653861999512,0.0990979243680135,0.20945477485656738,0.008076496003170475,0.7237136729640031,0.40847538394236993,"{'alpha': 0.7237136729640031, 'lambda': 0.40847538394236993}",0.9021387420093127,0.8978770420645569,0.8990528808208367,0.899689554964902,0.0017971342148123696,26,random search for 2 group,8
0.7122713724772135,0.04476977063282571,0.2967394193013509,0.03932401023831079,0.1232973398540762,0.5272630017451703,"{'alpha': 0.1232973398540762, 'lambda': 0.5272630017451703}",0.900797095730408,0.8992976087128087,0.8972375690607735,0.8991107578346634,0.0014591647076227477,78,random search for 2 group,8
0.7943766117095947,0.060739825348148084,0.2465359369913737,0.05658788267872072,0.8178643536267222,0.661788134452928,"{'alpha': 0.8178643536267222, 'lambda': 0.661788134452928}",0.8988240864967249,0.8986662457580301,0.8970007892659826,0.8981637071735792,0.0008248280505877396,192,random search for 2 group,8
0.9090635776519775,0.15473811864019063,0.21386011441548666,0.02447554621776104,0.6133382345381333,0.6863030764662612,"{'alpha': 0.6133382345381333, 'lambda': 0.6863030764662612}",0.8995343698208508,0.8985873253886828,0.8952644041041831,0.8977953664379056,0.0018309471210581254,227,random search for 2 group,8
0.5481760501861572,0.19437398223002877,0.10000054041544597,0.02201312719933162,0.06502964146267332,0.7749837342130738,"{'alpha': 0.06502964146267332, 'lambda': 0.7749837342130738}",0.901744140162576,0.8990608476047668,0.8976322020520916,0.8994790632731449,0.0017045404102125023,39,random search for 2 group,8
0.7461040814717611,0.08430774131051452,0.2252978483835856,0.026261210666671368,0.5084546105742334,0.23824892867074154,"{'alpha': 0.5084546105742334, 'lambda': 0.23824892867074154}",0.9015862994238814,0.9019019809012706,0.8976322020520916,0.9003734941257479,0.0019426657584548813,4,random search for 2 group,8
0.9553879896799723,0.06975337213652023,0.251012643178304,0.030254774352614987,0.051250781419871716,0.9245582463450341,"{'alpha': 0.051250781419871716, 'lambda': 0.9245582463450341}",0.8974824402178202,0.9000078920369348,0.8961325966850828,0.8978743096466126,0.0016061651540108131,219,random search for 2 group,8
0.810699462890625,0.12309347182342908,0.22716053326924643,0.028837673952007255,0.8874176581028829,0.5507405433194063,"{'alpha': 0.8874176581028829, 'lambda': 0.5507405433194063}",0.8990608476047668,0.8986662457580301,0.8971586424625099,0.8982952452751022,0.0008196857607468416,172,random search for 2 group,8
0.4228324890136719,0.10530356961211954,0.12647255261739096,0.07057121019852011,0.5249410136724438,0.1935739288043753,"{'alpha': 0.5249410136724438, 'lambda': 0.1935739288043753}",0.8997711309288927,0.8996922105595454,0.8955011838989739,0.8983215084624708,0.0019945308702836767,169,random search for 2 group,8
0.3509665330251058,0.006341533272760926,0.08541727066040039,0.006897772681875795,0.713067554824057,0.8407797688996955,"{'alpha': 0.713067554824057, 'lambda': 0.8407797688996955}",0.8985084050193355,0.8981138031725988,0.8980268350434096,0.8982163477451146,0.000209545464347077,187,random search for 2 group,8
0.3640607992808024,0.014411909630724308,0.07759316762288411,0.005307880951744013,0.25500962600306065,0.6165144465293965,"{'alpha': 0.25500962600306065, 'lambda': 0.6165144465293965}",0.8996922105595454,0.9016652197932287,0.894869771112865,0.8987424004885464,0.002854369173751282,121,random search for 2 group,8
0.3729797999064128,0.010162766593695078,0.08091926574707031,0.00999706289049783,0.5627411069960419,0.33643251328316404,"{'alpha': 0.5627411069960419, 'lambda': 0.33643251328316404}",0.9004024938836713,0.8991397679741141,0.8975532754538279,0.8990318457705379,0.0011656891571822613,90,random search for 2 group,8
0.3529519240061442,0.027100666109294833,0.07970031102498372,0.0038113561558753015,0.33797340468911297,0.1799844419808454,"{'alpha': 0.33797340468911297, 'lambda': 0.1799844419808454}",0.9002446531449767,0.8988240864967249,0.896527229676401,0.8985319897727009,0.0015316221647474666,147,random search for 2 group,8
0.36580149332682294,0.01434346265095866,0.08841268221537273,0.00806605324450227,0.46479348683962396,0.7980108326626505,"{'alpha': 0.46479348683962396, 'lambda': 0.7980108326626505}",0.8983505642806409,0.8973245994791256,0.8982636148382005,0.8979795928659889,0.00046450856038848017,208,random search for 2 group,8
0.43339959780375165,0.11964256105135843,0.08621581395467122,0.006272900127266425,0.7725108162335357,0.40177829829826417,"{'alpha': 0.7725108162335357, 'lambda': 0.40177829829826417}",0.8991397679741141,0.8974824402178202,0.8988950276243094,0.8985057452720812,0.0007304516343846293,150,random search for 2 group,8
0.5962285995483398,0.04671030448385117,0.18785627683003744,0.03882223862991921,0.20986353803609825,0.9951690450732559,"{'alpha': 0.20986353803609825, 'lambda': 0.9951690450732559}",0.8988240864967249,0.897166758740431,0.8974743488555643,0.8978217313642401,0.0007198100575595957,224,random search for 2 group,8
0.6520101229349772,0.11052029381821167,0.22393401463826498,0.028655086323648535,0.4079867705546857,0.7588851206579481,"{'alpha': 0.4079867705546857, 'lambda': 0.7588851206579481}",0.89985005129824,0.8974035198484729,0.8981057616416732,0.898453110929462,0.0010285483879301231,157,random search for 2 group,8
0.5469919045766195,0.0937815388093046,0.22008164723714194,0.04350527436337561,0.5784696914286368,0.14981476796622584,"{'alpha': 0.5784696914286368, 'lambda': 0.14981476796622584}",0.89985005129824,0.8992186883434614,0.8960536700868192,0.8983741365761735,0.0016609391603003732,166,random search for 2 group,8
0.5305875937143961,0.18581962424505047,0.124146302541097,0.06823610117829788,0.10817198762943725,0.40221747290600895,"{'alpha': 0.10817198762943725, 'lambda': 0.40221747290600895}",0.8992186883434614,0.8997711309288927,0.8988161010260458,0.8992686400994666,0.00039148598295805063,58,random search for 2 group,8
0.5602646668752035,0.15536681361928656,0.188017209370931,0.050375218985022056,0.004032842972804596,0.8810209207905998,"{'alpha': 0.004032842972804596, 'lambda': 0.8810209207905998}",0.901270617946492,0.8979559624339042,0.8972375690607735,0.8988213831470565,0.001756527936339895,113,random search for 2 group,8
0.7618613243103027,0.09384591240051118,0.22969476381937662,0.02325184924162716,0.7614047125482237,0.8767269399620284,"{'alpha': 0.7614047125482237, 'lambda': 0.8767269399620284}",0.8999289716675875,0.90103385683845,0.8983425414364641,0.8997684566475005,0.0011045718482733048,22,random search for 2 group,8
0.9080835978190104,0.15999043298455326,0.23498996098836264,0.10366912102409377,0.010331533890907352,0.07253653549740036,"{'alpha': 0.010331533890907352, 'lambda': 0.07253653549740036}",0.900323573514324,0.8993765290821562,0.8976322020520916,0.8991107682161906,0.0011147022667776475,77,random search for 2 group,8
0.3825697104136149,0.05456167994991454,0.12945262591044107,0.07470769190944089,0.2823546148347511,0.9185119302237033,"{'alpha': 0.2823546148347511, 'lambda': 0.9185119302237033}",0.9004024938836713,0.8988240864967249,0.8968429360694554,0.8986898388166171,0.0014562806020583388,129,random search for 2 group,8
0.8644838333129883,0.04518833763178361,0.25049599011739093,0.029902884791705647,0.433680162570535,0.37107021206473756,"{'alpha': 0.433680162570535, 'lambda': 0.37107021206473756}",0.8992186883434614,0.8988240864967249,0.8954222573007103,0.8978216773802989,0.00170427701056517,226,random search for 2 group,8
0.6854199568430582,0.0880116840239224,0.2486573855082194,0.033045021972846395,0.9957151783376246,0.8011877592426683,"{'alpha': 0.9957151783376246, 'lambda': 0.8011877592426683}",0.8977192013258622,0.9001657327756294,0.8958168902920284,0.8979006081311733,0.0017800354038713456,215,random search for 2 group,8
0.7841118971506754,0.17182953151690528,0.2526686191558838,0.06125200776732373,0.8249507237666109,0.7320785217687379,"{'alpha': 0.8249507237666109, 'lambda': 0.7320785217687379}",0.8977981216952096,0.9001657327756294,0.8977111286503552,0.8985583277070647,0.0011371617411487904,141,random search for 2 group,8
0.7001363436381022,0.2073645399026672,0.14839959144592285,0.05845378387894727,0.022726064622956232,0.9706068749186111,"{'alpha': 0.022726064622956232, 'lambda': 0.9706068749186111}",0.8992976087128087,0.8981927235419461,0.8978689818468824,0.8984531047005456,0.0006116057778923229,159,random search for 2 group,8
0.3526342709859212,0.01606919910402455,0.08296974500020345,0.006822896971257115,0.10527878282941028,0.1585186016336213,"{'alpha': 0.10527878282941028, 'lambda': 0.1585186016336213}",0.89985005129824,0.8977192013258622,0.8986582478295185,0.8987425001512069,0.0008719534549802571,119,random search for 2 group,8
0.3696305751800537,0.012117794000181708,0.07710123062133789,0.002085457691819366,0.7277506746580437,0.5626643093323117,"{'alpha': 0.7277506746580437, 'lambda': 0.5626643093323117}",0.900797095730408,0.8992976087128087,0.8947908445146014,0.8982951829859394,0.0025524375826859536,175,random search for 2 group,8
0.36287760734558105,0.033074884184158104,0.08992894490559895,0.00940698807670333,0.47897121004591947,0.8954275390308236,"{'alpha': 0.47897121004591947, 'lambda': 0.8954275390308236}",0.8989030068660722,0.8982716439112935,0.896921862667719,0.8980321711483615,0.0008263346726384735,204,random search for 2 group,8
0.348491907119751,0.023922905115797352,0.09328643480936687,0.01696659155059638,0.5337809942024061,0.981637729923883,"{'alpha': 0.5337809942024061, 'lambda': 0.981637729923883}",0.9002446531449767,0.900797095730408,0.8951854775059195,0.8987424087937681,0.0025252218836380345,120,random search for 2 group,8
0.4092523256937663,0.04525734590496164,0.07254799207051595,0.004827938277222314,0.1523095976111376,0.4158343527178585,"{'alpha': 0.1523095976111376, 'lambda': 0.4158343527178585}",0.9005603346223661,0.8976402809565148,0.8971586424625099,0.8984530860137969,0.001502967383426154,160,random search for 2 group,8
0.3414433002471924,0.014555162757018758,0.08747275670369466,0.006128766385041513,0.14933930614646884,0.5079534788834823,"{'alpha': 0.14933930614646884, 'lambda': 0.5079534788834823}",0.8980348828032515,0.8996132901901981,0.8970797158642463,0.898242629619232,0.0010447069033762686,184,random search for 2 group,8
0.5675561428070068,0.1665063980227981,0.21581125259399414,0.02680333767178797,0.7787852228100688,0.10674760095045133,"{'alpha': 0.7787852228100688, 'lambda': 0.10674760095045133}",0.89985005129824,0.8975613605871675,0.8973164956590371,0.8982426358481481,0.0011410019077262564,182,random search for 2 group,8
0.7740357716878256,0.09658580304205598,0.29391853014628094,0.04520698920814389,0.6063414268205689,0.03489909103732369,"{'alpha': 0.6063414268205689, 'lambda': 0.03489909103732369}",0.9019809012706179,0.8989819272354195,0.8968429360694554,0.8992685881918309,0.0021073367837212997,63,random search for 2 group,8
0.7738273938496908,0.06824687907990573,0.2658400535583496,0.02188628883524415,0.9117639840635243,0.9329284508751787,"{'alpha': 0.9117639840635243, 'lambda': 0.9329284508751787}",0.8990608476047668,0.8982716439112935,0.8981846882399369,0.8985057265853325,0.00039413181539400664,151,random search for 2 group,8
0.5556987126668295,0.16617462748196235,0.16048502922058105,0.051829845412460156,0.49822705973254044,0.41970729293123965,"{'alpha': 0.49822705973254044, 'lambda': 0.41970729293123965}",0.8996132901901981,0.9002446531449767,0.8997632202052092,0.899873721180128,0.00026933578083896645,11,random search for 2 group,8
0.6457836627960205,0.11786712942354009,0.19732046127319336,0.048989548211936365,0.936026009066168,0.5816617741959311,"{'alpha': 0.936026009066168, 'lambda': 0.5816617741959311}",0.8997711309288927,0.8980348828032515,0.8960536700868192,0.8979532279396545,0.0015187449677610322,214,random search for 2 group,8
0.7625696659088135,0.19623422703334803,0.2127228577931722,0.036415163398831524,0.615901915262007,0.2555513966769454,"{'alpha': 0.615901915262007, 'lambda': 0.2555513966769454}",0.8992186883434614,0.8993765290821562,0.8966850828729281,0.8984267667661819,0.0012332411261151404,163,random search for 2 group,8
0.9257025718688965,0.18151147216494865,0.22577635447184244,0.03534564610991666,0.515491694186229,0.009978822638744278,"{'alpha': 0.515491694186229, 'lambda': 0.009978822638744278}",0.8987451661273774,0.8999289716675875,0.898973954222573,0.8992160306725125,0.0005127050126336597,68,random search for 2 group,8
0.7051138083140055,0.06377433478070067,0.24780734380086264,0.02310445814085625,0.2747239431840628,0.6658940569594697,"{'alpha': 0.2747239431840628, 'lambda': 0.6658940569594697}",0.8999289716675875,0.8986662457580301,0.8972375690607735,0.898610928828797,0.0010994565233138692,134,random search for 2 group,8
0.39046724637349445,0.007738583921757595,0.16956106821695963,0.13037840199650433,0.8711686176675111,0.3893256193408694,"{'alpha': 0.8711686176675111, 'lambda': 0.3893256193408694}",0.9000078920369348,0.8973245994791256,0.8958958168902921,0.8977427694687842,0.0017045899033877932,230,random search for 2 group,8
0.7235564390818278,0.08930677865064433,0.2671384811401367,0.04138165912914873,0.34931311628536765,0.6591900938214307,"{'alpha': 0.34931311628536765, 'lambda': 0.6591900938214307}",0.8995343698208508,0.89985005129824,0.8945540647198106,0.8979794952796337,0.0024255713538490604,211,random search for 2 group,8
0.7601984341939291,0.16822674959567147,0.2613871892293294,0.026758086682944767,0.346021177540337,0.8181114773732234,"{'alpha': 0.346021177540337, 'lambda': 0.8181114773732234}",0.8992976087128087,0.8983505642806409,0.8966061562746646,0.8980847764227047,0.0011147380696132955,199,random search for 2 group,8
0.7021682262420654,0.11274599677810425,0.23958253860473633,0.04011393758812367,0.20132110736704367,0.642788713266776,"{'alpha': 0.20132110736704367, 'lambda': 0.642788713266776}",0.8995343698208508,0.8992186883434614,0.8973164956590371,0.8986898512744498,0.0009796233744253403,126,random search for 2 group,8
0.3522531986236572,0.027389894457293312,0.08107304573059082,0.0045240077607774515,0.6242077403919706,0.9720091236425522,"{'alpha': 0.6242077403919706, 'lambda': 0.9720091236425522}",0.9000868124062821,0.8963775550469576,0.8970007892659826,0.8978217189064074,0.0016217463108887152,225,random search for 2 group,8
0.3592499891916911,0.01365432922166679,0.08267903327941895,0.0025480183027316496,0.6661767215540562,0.28543237373866504,"{'alpha': 0.6661767215540562, 'lambda': 0.28543237373866504}",0.9008760160997553,0.8985084050193355,0.9003157063930545,0.8999000425040484,0.0010102732001788463,10,random search for 2 group,8
0.36702648798624676,0.02938890399600732,0.09524019559224446,0.010849233510433586,0.9112274630616374,0.1527484999238008,"{'alpha': 0.9112274630616374, 'lambda': 0.1527484999238008}",0.9015862994238814,0.8979559624339042,0.8974743488555643,0.89900553690445,0.001835436241694195,96,random search for 2 group,8
0.37538933753967285,0.016004108259295192,0.10169331232706706,0.02863951935763394,0.8889955346891866,0.4025562646565103,"{'alpha': 0.8889955346891866, 'lambda': 0.4025562646565103}",0.900797095730408,0.8992186883434614,0.8978689818468824,0.899294921973584,0.0011966122745749519,53,random search for 2 group,8
0.3674868742624919,0.019014436001538522,0.08461062113444011,0.004932644383210087,0.9873626086776754,0.042482440159126056,"{'alpha': 0.9873626086776754, 'lambda': 0.042482440159126056}",0.900323573514324,0.8990608476047668,0.8975532754538279,0.8989792321909729,0.0011324409161404968,99,random search for 2 group,8
0.3555409908294678,0.020241542084331918,0.09329891204833984,0.00887720500445062,0.049432231022831674,0.5113444884960633,"{'alpha': 0.049432231022831674, 'lambda': 0.5113444884960633}",0.902691184594744,0.8989030068660722,0.8980268350434096,0.8998736755014086,0.0020241355988796107,13,random search for 2 group,8
0.4899076620737712,0.06559772510691621,0.1615916887919108,0.05755008365836495,0.12731291088859764,0.9864221548583872,"{'alpha': 0.12731291088859764, 'lambda': 0.9864221548583872}",0.9004024938836713,0.8988240864967249,0.8964483030781374,0.8985582944861777,0.0016251954295397318,143,random search for 2 group,8
0.8129660288492838,0.09904840162455877,0.2777693271636963,0.09803897191145851,0.4310459589507144,0.6047805994426244,"{'alpha': 0.4310459589507144, 'lambda': 0.6047805994426244}",0.8999289716675875,0.8973245994791256,0.896921862667719,0.898058477938144,0.0013328188996086223,202,random search for 2 group,8
0.6706510384877523,0.09332051224889866,0.1876685619354248,0.04277175670723005,0.44281179741577825,0.07053474270295224,"{'alpha': 0.44281179741577825, 'lambda': 0.07053474270295224}",0.9004024938836713,0.8983505642806409,0.8952644041041831,0.8980058207561651,0.002111733524661895,207,random search for 2 group,8
1.0403251647949219,0.43202534143299026,0.22303342819213867,0.048805981722417395,0.23328694291940721,0.3241225623570364,"{'alpha': 0.23328694291940721, 'lambda': 0.3241225623570364}",0.9006392549917134,0.8989030068660722,0.8976322020520916,0.8990581546366258,0.0012325163875726763,84,random search for 2 group,8
0.6152133146921793,0.07224041994016889,0.2831980387369792,0.03456173848227436,0.32551955955883816,0.019751088148358686,"{'alpha': 0.32551955955883816, 'lambda': 0.019751088148358686}",0.8983505642806409,0.8969299976323889,0.8988950276243094,0.8980585298457798,0.0008283714145419183,200,random search for 2 group,8
0.4175401528676351,0.08329144846332494,0.1182268460591634,0.04778764434610885,0.050348237583921374,0.27546793910089995,"{'alpha': 0.050348237583921374, 'lambda': 0.27546793910089995}",0.9000078920369348,0.8978770420645569,0.896921862667719,0.8982689322564035,0.0012899813328790903,178,random search for 2 group,8
0.8920408089955648,0.14633095923349548,0.20623159408569336,0.01101449404235974,0.7138854288534161,0.5826192736254499,"{'alpha': 0.7138854288534161, 'lambda': 0.5826192736254499}",0.8987451661273774,0.8985873253886828,0.8967640094711918,0.8980321669957507,0.0008990350586487498,205,random search for 2 group,8
0.7402586142222086,0.1839897832398981,0.2427351474761963,0.028049114065406496,0.9580823175383899,0.3428979449245536,"{'alpha': 0.9580823175383899, 'lambda': 0.3428979449245536}",0.8989819272354195,0.9005603346223661,0.8970797158642463,0.8988739925740106,0.0014230048379383455,110,random search for 2 group,8
1.1881099541982014,0.21941448357999777,0.22673137982686362,0.02037846569464854,0.2743118538192174,0.031015776887938995,"{'alpha': 0.2743118538192174, 'lambda': 0.031015776887938995}",0.8997711309288927,0.8996132901901981,0.8973954222573007,0.8989266144587972,0.0010846322243478245,105,random search for 2 group,8
0.775244951248169,0.2861685986283975,0.17658106486002603,0.0798543186801342,0.6697502315520901,0.2095188197825011,"{'alpha': 0.6697502315520901, 'lambda': 0.2095188197825011}",0.9006392549917134,0.8977981216952096,0.8967640094711918,0.898400462052705,0.0016383919740162508,164,random search for 2 group,8
0.6557870705922445,0.15375160576600222,0.21427520116170248,0.03546423825392166,0.4121861355637184,0.6089390781734563,"{'alpha': 0.4121861355637184, 'lambda': 0.6089390781734563}",0.901744140162576,0.8985873253886828,0.8966850828729281,0.8990055161413957,0.002086412837739395,98,random search for 2 group,8
0.8707489967346191,0.23884387431336895,0.215561310450236,0.04730634587017548,0.7101090359021087,0.7488089212335428,"{'alpha': 0.7101090359021087, 'lambda': 0.7488089212335428}",0.8988240864967249,0.8982716439112935,0.8974743488555643,0.8981900264211943,0.0005540421079117735,188,random search for 2 group,8
0.9065977732340494,0.046159216383156274,0.1505601406097412,0.02915725208401472,0.6302695039553843,0.4341123974307626,"{'alpha': 0.6302695039553843, 'lambda': 0.4341123974307626}",0.8987451661273774,0.8983505642806409,0.8978689818468824,0.8983215707516335,0.0003582877725049991,167,random search for 2 group,8
0.5741191705067953,0.07621072238277245,0.07993761698404948,0.004270453427279641,0.6797010922607024,0.04500716361832913,"{'alpha': 0.6797010922607024, 'lambda': 0.04500716361832913}",0.9011127772077974,0.8991397679741141,0.8968429360694554,0.8990318270837889,0.001744825543050546,93,random search for 2 group,8
0.5915474891662598,0.029678914919061862,0.0829932689666748,0.013755460807459086,0.8299524953553632,0.14541865023814315,"{'alpha': 0.8299524953553632, 'lambda': 0.14541865023814315}",0.8994554494515035,0.8973245994791256,0.8950276243093923,0.8972692244133404,0.0018080760807574704,239,random search for 2 group,8
0.5388700167338053,0.06861113686123844,0.08273084958394368,0.005409762645617806,0.3325786963436591,0.967819160276928,"{'alpha': 0.3325786963436591, 'lambda': 0.967819160276928}",0.8990608476047668,0.8969299976323889,0.8981846882399369,0.8980585111590308,0.0008744792328409682,201,random search for 2 group,8
0.5671242078145345,0.0245008773834125,0.09502816200256348,0.015092561426154545,0.11034675775813729,0.5378078447015309,"{'alpha': 0.11034675775813729, 'lambda': 0.5378078447015309}",0.900797095730408,0.8997711309288927,0.8973164956590371,0.899294907439446,0.0014603049506027462,54,random search for 2 group,8
0.5421801408131918,0.08041627014085471,0.087647279103597,0.010768295046973107,0.5984629096242831,0.946694295933529,"{'alpha': 0.5984629096242831, 'lambda': 0.946694295933529}",0.9002446531449767,0.8989819272354195,0.8959747434885557,0.8984004412896507,0.0017910195508600594,165,random search for 2 group,8
0.8057168324788412,0.23295784208789777,0.19763453801472983,0.01675573886588611,0.31643553437420757,0.3934063121747696,"{'alpha': 0.31643553437420757, 'lambda': 0.3934063121747696}",0.9019809012706179,0.8996132901901981,0.8978689818468824,0.8998210577692328,0.0016851005631706203,19,random search for 2 group,8
0.8330521583557129,0.1190525585908323,0.19985628128051758,0.06439406372064918,0.3201645756863416,0.6960874706878587,"{'alpha': 0.3201645756863416, 'lambda': 0.6960874706878587}",0.8996132901901981,0.8989819272354195,0.8951065509076559,0.8979005894444244,0.0019924262100728136,216,random search for 2 group,8
0.8035585880279541,0.14940303711635874,0.26517828305562335,0.036902780294517004,0.7487149270433366,0.06566956859380624,"{'alpha': 0.7487149270433366, 'lambda': 0.06566956859380624}",0.900323573514324,0.8995343698208508,0.8962904498816101,0.8987161310722617,0.0017452139403634547,124,random search for 2 group,8
0.6841508547465006,0.23163385026580796,0.17009902000427246,0.10242110959783651,0.34212792600759034,0.741148000034166,"{'alpha': 0.34212792600759034, 'lambda': 0.741148000034166}",0.9007181753610607,0.8987451661273774,0.8963693764798737,0.8986109059894373,0.0017779261825196055,136,random search for 2 group,8
0.843724807103475,0.05828747202214012,0.19750523567199707,0.016547226866644033,0.8398850779720741,0.2917913206987026,"{'alpha': 0.8398850779720741, 'lambda': 0.2917913206987026}",0.9016652197932287,0.8981138031725988,0.8983425414364641,0.8993738548007638,0.0016229285145191456,43,random search for 2 group,8
1.099262793858846,0.17798499078785082,0.2729376157124837,0.008962726385190675,0.8864106910224892,0.30721948497215645,"{'alpha': 0.8864106910224892, 'lambda': 0.30721948497215645}",0.901270617946492,0.8981927235419461,0.8985003946329914,0.8993212453738099,0.0013841255832739926,51,random search for 2 group,8
1.0661743481953938,0.220582499003653,0.24184346199035645,0.024417310928726604,0.03783864798967662,0.32123976016298517,"{'alpha': 0.03783864798967662, 'lambda': 0.32123976016298517}",0.9001657327756294,0.8987451661273774,0.8988950276243094,0.8992686421757722,0.0006372823944060942,57,random search for 2 group,8
0.6742412249247233,0.08299089571264692,0.12001832326253255,0.06565053654392375,0.4950958020822157,0.17460769923960529,"{'alpha': 0.4950958020822157, 'lambda': 0.17460769923960529}",0.9002446531449767,0.8981138031725988,0.8970797158642463,0.898479390727274,0.0013176867844419157,154,random search for 2 group,8
0.8563711643218994,0.21149655342499302,0.28000442186991376,0.019969991012942938,0.18152221918452305,0.25927963551353195,"{'alpha': 0.18152221918452305, 'lambda': 0.25927963551353195}",0.9007181753610607,0.8996132901901981,0.8981057616416732,0.8994790757309774,0.001070727634557894,38,random search for 2 group,8
0.7690008481343588,0.07798301499167672,0.27612733840942383,0.05445303322113166,0.37981095519072094,0.37863362447952764,"{'alpha': 0.37981095519072094, 'lambda': 0.37863362447952764}",0.8981927235419461,0.8974035198484729,0.8957379636937648,0.8971114023613946,0.0010232174574199783,241,random search for 2 group,8
1.0201764901479085,0.1164383453668113,0.22606762250264487,0.07627470664514518,0.8496014406451813,0.3555773846634094,"{'alpha': 0.8496014406451813, 'lambda': 0.3555773846634094}",0.900797095730408,0.8972456791097783,0.8992107340173638,0.8990845029525167,0.0014526047213243366,79,random search for 2 group,8
0.5740385055541992,0.028370959455472095,0.08347256978352864,0.013645945630551314,0.07138106242050013,0.5918393305743959,"{'alpha': 0.07138106242050013, 'lambda': 0.5918393305743959}",0.9019809012706179,0.9000078920369348,0.8974743488555643,0.8998210473877056,0.001844530086429516,20,random search for 2 group,8
0.49057785669962567,0.052633787752946415,0.08116237322489421,0.005862879729191895,0.5311410120785723,0.6122039701338509,"{'alpha': 0.5311410120785723, 'lambda': 0.6122039701338509}",0.8995343698208508,0.8986662457580301,0.8977900552486188,0.8986635569424998,0.0007121159802644278,132,random search for 2 group,8
0.6132782300313314,0.09375651593168823,0.07727972666422527,0.007995492018004922,0.393209032975232,0.910622886725299,"{'alpha': 0.393209032975232, 'lambda': 0.910622886725299}",0.8967721568936943,0.8969299976323889,0.8961325966850828,0.8966115837370553,0.0003447703309604814,243,random search for 2 group,8
0.5701631704966227,0.06677443495756494,0.09188548723856609,0.008068803182241714,0.4582798192571349,0.864726421301715,"{'alpha': 0.4582798192571349, 'lambda': 0.864726421301715}",0.8972456791097783,0.8978770420645569,0.8978689818468824,0.8976639010070725,0.0002957458461917739,233,random search for 2 group,8
0.5444736480712891,0.056810544345502687,0.1484986146291097,0.06318066346286963,0.7937818311506913,0.9622683931765638,"{'alpha': 0.7937818311506913, 'lambda': 0.9622683931765638}",0.8980348828032515,0.8973245994791256,0.896527229676401,0.897295570652926,0.0006158389899361881,238,random search for 2 group,8
0.942172129948934,0.10827766212873147,0.3209393819173177,0.022919703784077556,0.8334811341958978,0.6169148755296351,"{'alpha': 0.8334811341958978, 'lambda': 0.6169148755296351}",0.8984294846499882,0.8986662457580301,0.896921862667719,0.898005864358579,0.0007725752196004245,206,random search for 2 group,8
1.0344160397847493,0.14784389598606543,0.2526249885559082,0.026679238775884285,0.8080949329686165,0.23191978660069879,"{'alpha': 0.8080949329686165, 'lambda': 0.23191978660069879}",0.9004024938836713,0.8978770420645569,0.8970797158642463,0.8984530839374916,0.0014163525034689337,161,random search for 2 group,8
0.7745221455891927,0.1385101106294735,0.2086054484049479,0.01703453826829082,0.08300745895155903,0.7504246731113601,"{'alpha': 0.08300745895155903, 'lambda': 0.7504246731113601}",0.9009549364691026,0.9005603346223661,0.897947908445146,0.8998210598455382,0.001334278776706832,18,random search for 2 group,8
0.6740663846333822,0.1621820179273488,0.10915605227152507,0.04055687283610223,0.10023428546222257,0.40866599823259764,"{'alpha': 0.10023428546222257, 'lambda': 0.40866599823259764}",0.8991397679741141,0.8966143161549996,0.8985003946329914,0.898084826254035,0.0010720695036107867,195,random search for 2 group,8
0.7743675708770752,0.28133133193192456,0.20210973421732584,0.022709227821272045,0.06266923910627065,0.498563250076548,"{'alpha': 0.06266923910627065, 'lambda': 0.498563250076548}",0.8999289716675875,0.8985873253886828,0.8992107340173638,0.8992423436912113,0.0005481806654958651,65,random search for 2 group,8
0.9191213448842367,0.22037787597776143,0.2521664301554362,0.0074502588211087534,0.9215235337774578,0.5559897698844208,"{'alpha': 0.9215235337774578, 'lambda': 0.5559897698844208}",0.9002446531449767,0.8985084050193355,0.8983425414364641,0.899031866533592,0.0008602388062222656,88,random search for 2 group,8
0.936651865641276,0.22953483991503437,0.3288589318593343,0.05856830358304475,0.17481206763073065,0.652701461754669,"{'alpha': 0.17481206763073065, 'lambda': 0.652701461754669}",0.8997711309288927,0.9000868124062821,0.8946329913180742,0.8981636448844164,0.0024998732838466173,193,random search for 2 group,8
0.6479051113128662,0.07629748547506389,0.12546658515930176,0.06407653775711687,0.7284232039408154,0.930068455355428,"{'alpha': 0.7284232039408154, 'lambda': 0.930068455355428}",0.9000868124062821,0.8984294846499882,0.898579321231255,0.8990318727625084,0.0007484588562619544,87,random search for 2 group,8
0.8875143527984619,0.15615147019008016,0.2347569465637207,0.066292448522376,0.5674968703214806,0.324966040154527,"{'alpha': 0.5674968703214806, 'lambda': 0.324966040154527}",0.901270617946492,0.8996922105595454,0.8973164956590371,0.8994264413883583,0.0016251657772469316,41,random search for 2 group,8
0.9563600222269694,0.05488654158201887,0.31554047266642254,0.10803049375846793,0.2663048038633379,0.23667646794162478,"{'alpha': 0.2663048038633379, 'lambda': 0.23667646794162478}",0.8990608476047668,0.9004814142530188,0.8982636148382005,0.8992686255653286,0.0009172558064733063,60,random search for 2 group,8
0.7358606656392416,0.16391251655435227,0.1302774747212728,0.053272384795968214,0.47635201343614253,0.12372221082239387,"{'alpha': 0.47635201343614253, 'lambda': 0.12372221082239387}",0.900797095730408,0.9013495383158393,0.8956590370955012,0.8992685570472495,0.002562261229734558,64,random search for 2 group,8
0.5370397567749023,0.02366457465847837,0.09432689348856609,0.007751780143398675,0.790960037653777,0.29587975376660547,"{'alpha': 0.790960037653777, 'lambda': 0.29587975376660547}",0.900323573514324,0.8990608476047668,0.8978689818468824,0.8990844676553245,0.0010022220291464924,82,random search for 2 group,8
0.5620423952738444,0.03873006255539926,0.0825047492980957,0.01114009820863853,0.9210608301172298,0.9064439214463597,"{'alpha': 0.9210608301172298, 'lambda': 0.9064439214463597}",0.8993765290821562,0.8958251124615263,0.894869771112865,0.8966904708855159,0.0019389603313665269,242,random search for 2 group,8
0.5327006975809733,0.05935820082576231,0.07946077982584636,0.003156959602335784,0.9547121809718305,0.636800865325815,"{'alpha': 0.9547121809718305, 'lambda': 0.636800865325815}",0.9005603346223661,0.8984294846499882,0.896921862667719,0.8986372273133577,0.0014926458168469869,133,random search for 2 group,8
0.738430897394816,0.1768190888887068,0.25008463859558105,0.03458323058075931,0.4803056220928633,0.4208772408165984,"{'alpha': 0.4803056220928633, 'lambda': 0.4208772408165984}",0.9008760160997553,0.8992186883434614,0.8970007892659826,0.8990318312363997,0.0015875625839931755,92,random search for 2 group,8
0.8135745525360107,0.24551908712183282,0.20958725611368814,0.030480645091228248,0.5651600745023287,0.5592326811969629,"{'alpha': 0.5651600745023287, 'lambda': 0.5592326811969629}",0.8981927235419461,0.8983505642806409,0.8973954222573007,0.8979795700266292,0.0004180509434718272,209,random search for 2 group,8
0.9158071676890055,0.14040987539027805,0.2093639373779297,0.04174001865029588,0.7066753251486546,0.3077226473071907,"{'alpha': 0.7066753251486546, 'lambda': 0.3077226473071907}",0.9013495383158393,0.8977981216952096,0.897947908445146,0.899031856152065,0.00163998922289597,89,random search for 2 group,8
0.6926937103271484,0.1773977420794002,0.1753096580505371,0.12110954804315009,0.12895395103935825,0.3865929564697602,"{'alpha': 0.12895395103935825, 'lambda': 0.3865929564697602}",0.9001657327756294,0.8989819272354195,0.8978689818468824,0.8990055472859771,0.0009377933806784068,95,random search for 2 group,8
0.846306324005127,0.30327521872056784,0.2718687852223714,0.019781970369074524,0.2399861509198481,0.9061670459089324,"{'alpha': 0.2399861509198481, 'lambda': 0.9061670459089324}",0.9014284586851866,0.8977192013258622,0.8966061562746646,0.8985846054285712,0.0020616083252921343,140,random search for 2 group,8
0.7404215335845947,0.1139196267935269,0.2785503069559733,0.07049932731350422,0.5314144145268319,0.03437622599601431,"{'alpha': 0.5314144145268319, 'lambda': 0.03437622599601431}",0.8985873253886828,0.8994554494515035,0.8966850828729281,0.8982426192377049,0.0011569642728028484,185,random search for 2 group,8
0.8543171087900797,0.17244834372153614,0.23735356330871582,0.14068704651357675,0.23226336336910391,0.2631377971954355,"{'alpha': 0.23226336336910391, 'lambda': 0.2631377971954355}",0.8989030068660722,0.8996922105595454,0.8987371744277821,0.8991107972844666,0.00041665825062892547,76,random search for 2 group,8
0.8998326460520426,0.0786109854507341,0.2349210580190023,0.022962728965892146,0.7154926890679877,0.34145056749618397,"{'alpha': 0.7154926890679877, 'lambda': 0.34145056749618397}",0.9009549364691026,0.8989030068660722,0.8973164956590371,0.899058146331404,0.001489432570335667,85,random search for 2 group,8
0.855733315149943,0.08301451207871614,0.17943747838338217,0.023583940872661746,0.6051070547850151,0.4465780743677591,"{'alpha': 0.6051070547850151, 'lambda': 0.4465780743677591}",0.8996132901901981,0.8969299976323889,0.8981057616416732,0.8982163498214201,0.0010982370863717118,186,random search for 2 group,8
0.8881564140319824,0.07734857584897399,0.22068158785502115,0.030702873749532872,0.9374337046676771,0.3749065763448979,"{'alpha': 0.9374337046676771, 'lambda': 0.3749065763448979}",0.9016652197932287,0.8972456791097783,0.8983425414364641,0.899084480113157,0.001878996135023159,80,random search for 2 group,8
0.5991714795430502,0.07191771226492318,0.07171901067097981,0.004926477149123828,0.9145572650261881,0.9057782767479738,"{'alpha': 0.9145572650261881, 'lambda': 0.9057782767479738}",0.900323573514324,0.8980348828032515,0.8973164956590371,0.8985583173255375,0.0012822160715677078,142,random search for 2 group,8
0.5747249126434326,0.09852284894996352,0.08546638488769531,0.003427967378691002,0.9881119008411678,0.8288672779992137,"{'alpha': 0.9881119008411678, 'lambda': 0.8288672779992137}",0.9004814142530188,0.9001657327756294,0.8968429360694554,0.8991633610327012,0.0016458417717249883,74,random search for 2 group,8
0.5267253716786703,0.05138013611569892,0.07577625910441081,0.004952331403432201,0.23455229401924382,0.304377311933699,"{'alpha': 0.23455229401924382, 'lambda': 0.304377311933699}",0.8991397679741141,0.8981927235419461,0.8980268350434096,0.8984531088531567,0.0004902416477495216,158,random search for 2 group,8
1.0423206488291423,0.43354802060262576,0.27730385462443036,0.08897299055596276,0.3736225214726636,0.3920669671429594,"{'alpha': 0.3736225214726636, 'lambda': 0.3920669671429594}",0.9011916975771447,0.8984294846499882,0.8973954222573007,0.8990055348281446,0.0016024568495135913,97,random search for 2 group,8
0.9481925169626871,0.25210985557701576,0.25589561462402344,0.03165178373733841,0.9958549902935973,0.8853043631459839,"{'alpha': 0.9958549902935973, 'lambda': 0.8853043631459839}",0.8986662457580301,0.8992976087128087,0.8956590370955012,0.89787429718878,0.0015874902111660235,221,random search for 2 group,8
0.7200836340586344,0.08241500923163024,0.21889646848042807,0.07966998308802088,0.7760440164415454,0.9139671360008372,"{'alpha': 0.7760440164415454, 'lambda': 0.9139671360008372}",0.8999289716675875,0.8996922105595454,0.8992896606156274,0.8996369476142534,0.00026390673874346305,27,random search for 2 group,8
0.6243520577748617,0.18868497977714893,0.16455642382303873,0.05790948347631073,0.8184785413838205,0.8981906379704163,"{'alpha': 0.8184785413838205, 'lambda': 0.8981906379704163}",0.8999289716675875,0.8960618735695683,0.8966850828729281,0.8975586427033613,0.0016952761835829918,237,random search for 2 group,8
0.7549837430318197,0.12367300011993461,0.23529895146687826,0.010230340358434743,0.7431048955513325,0.256024108503342,"{'alpha': 0.7431048955513325, 'lambda': 0.256024108503342}",0.9015862994238814,0.8975613605871675,0.8964483030781374,0.8985319876963954,0.0022070099457706244,148,random search for 2 group,8
0.7321666876475016,0.20186489984816988,0.24988706906636557,0.043858773305141395,0.17808204863942179,0.7277916265814218,"{'alpha': 0.17808204863942179, 'lambda': 0.7277916265814218}",0.8983505642806409,0.9007181753610607,0.8977111286503552,0.8989266227640189,0.0012934359956578365,104,random search for 2 group,8
0.7942489782969157,0.13842517936653548,0.14690216382344565,0.07089809352558837,0.5865464330380237,0.6011664153130893,"{'alpha': 0.5865464330380237, 'lambda': 0.6011664153130893}",0.9018230605319233,0.8978770420645569,0.8981057616416732,0.8992686214127179,0.001808673099546477,61,random search for 2 group,8
0.6914464632670084,0.12605210361760738,0.2077054182688395,0.0491038053132566,0.1760860849311331,0.7712813285328471,"{'alpha': 0.1760860849311331, 'lambda': 0.7712813285328471}",0.8996922105595454,0.8997711309288927,0.8963693764798737,0.8986109059894373,0.0015853281495971593,136,random search for 2 group,8
0.82696000734965,0.1607733517661211,0.26803096135457355,0.0349852185467738,0.6714041819747233,0.7447144169160812,"{'alpha': 0.6714041819747233, 'lambda': 0.7447144169160812}",0.900323573514324,0.8986662457580301,0.8966061562746646,0.8985319918490062,0.0015205954573774675,146,random search for 2 group,8
0.7677431106567383,0.0897517925133781,0.2209149201711019,0.02521540114289174,0.7728627242413231,0.17487630540333632,"{'alpha': 0.7728627242413231, 'lambda': 0.17487630540333632}",0.9011127772077974,0.8968510772630416,0.8959747434885557,0.8979795326531316,0.002244237999943187,210,random search for 2 group,8
0.8932439486185709,0.18461600502235861,0.28736042976379395,0.05718479377889879,0.13614696820735084,0.885729628348976,"{'alpha': 0.13614696820735084, 'lambda': 0.885729628348976}",0.8981927235419461,0.90103385683845,0.8976322020520916,0.898952927477496,0.0014891264417118068,101,random search for 2 group,8
0.7604249318440756,0.15349475829661208,0.17113415400187174,0.10568997385930029,0.5674828932710462,0.40489292417145706,"{'alpha': 0.5674828932710462, 'lambda': 0.40489292417145706}",0.9011916975771447,0.8972456791097783,0.8982636148382005,0.8989003305083744,0.001672686575479306,107,random search for 2 group,8
0.5323397318522135,0.02976570688355493,0.08554959297180176,0.005484531960295543,0.5459227895497455,0.17685025414740974,"{'alpha': 0.5459227895497455, 'lambda': 0.17685025414740974}",0.8997711309288927,0.901270617946492,0.8971586424625099,0.8994001304459648,0.0016990814408511105,42,random search for 2 group,8
0.5000510215759277,0.06124305440461601,0.08122833569844563,0.004392380029441589,0.07257210905562383,0.522507678114796,"{'alpha': 0.07257210905562383, 'lambda': 0.522507678114796}",0.900797095730408,0.8994554494515035,0.8993685872138911,0.8998737107986009,0.00065389400838215,12,random search for 2 group,8
0.7079536120096842,0.178127167042726,0.2115476926167806,0.011903594183613206,0.709467742280287,0.5630080366039538,"{'alpha': 0.709467742280287, 'lambda': 0.5630080366039538}",0.8997711309288927,0.8992186883434614,0.8958958168902921,0.8982952120542155,0.0017115531089322534,174,random search for 2 group,8
0.9207385381062826,0.1220689994517151,0.23856147130330405,0.02295290951025888,0.5478642312192292,0.7226202268535448,"{'alpha': 0.5478642312192292, 'lambda': 0.7226202268535448}",0.9004814142530188,0.8969299976323889,0.8968429360694554,0.8980847826516211,0.0016950471386854872,197,random search for 2 group,8
0.8505426247914633,0.10300322160916013,0.252452294031779,0.01596847370645677,0.43007399117034784,0.42879999786459677,"{'alpha': 0.43007399117034784, 'lambda': 0.42879999786459677}",0.9015862994238814,0.8987451661273774,0.8976322020520916,0.8993212225344501,0.0016648527951935758,52,random search for 2 group,8
0.8373024463653564,0.09564735604819312,0.27974406878153485,0.05233097553644678,0.9772262115701987,0.19475419518808768,"{'alpha': 0.9772262115701987, 'lambda': 0.19475419518808768}",0.90221766237866,0.8985873253886828,0.8973164956590371,0.8993738278087934,0.002076743981334617,45,random search for 2 group,8
0.6842537720998129,0.18030163172077734,0.1264801820119222,0.06863984319380473,0.8676214466474403,0.8683851072406361,"{'alpha': 0.8676214466474403, 'lambda': 0.8683851072406361}",0.8997711309288927,0.8983505642806409,0.8978689818468824,0.8986635590188053,0.0008074722129944327,131,random search for 2 group,8
0.7712345123291016,0.2582900295992198,0.23775204022725424,0.09300081389947845,0.8842304148381578,0.8359758498990503,"{'alpha': 0.8842304148381578, 'lambda': 0.8359758498990503}",0.8983505642806409,0.8973245994791256,0.8973954222573007,0.8976901953390223,0.00046784564460787553,231,random search for 2 group,8
0.9008050759633383,0.08806774691774683,0.2463675340016683,0.041050049785604344,0.908237744157138,0.5093855323460158,"{'alpha': 0.908237744157138, 'lambda': 0.5093855323460158}",0.8989819272354195,0.8986662457580301,0.8962115232833465,0.8979532320922653,0.0012382988007991222,213,random search for 2 group,8
0.9213624795277914,0.1491013910851815,0.21810690561930338,0.033831218814901184,0.6856797876687385,0.985019161418514,"{'alpha': 0.6856797876687385, 'lambda': 0.985019161418514}",0.8977981216952096,0.8989030068660722,0.8992896606156274,0.8986635963923031,0.0006320127208598929,130,random search for 2 group,8
0.9477412700653076,0.1428801429359773,0.2301644484202067,0.07332797916633427,0.8728440142520985,0.6114814492274875,"{'alpha': 0.8728440142520985, 'lambda': 0.6114814492274875}",0.8991397679741141,0.8983505642806409,0.8961325966850828,0.8978743096466126,0.001273023604839688,219,random search for 2 group,8
0.7403199672698975,0.19813848019328262,0.162994384765625,0.053853879865443946,0.8784358836554012,0.8329483784567497,"{'alpha': 0.8784358836554012, 'lambda': 0.8329483784567497}",0.8983505642806409,0.8987451661273774,0.8961325966850828,0.8977427756977003,0.0011499086902496461,229,random search for 2 group,8
0.8257985909779867,0.15856042160034062,0.21869850158691406,0.016400727770525193,0.7721163569625572,0.8725368360088575,"{'alpha': 0.7721163569625572, 'lambda': 0.8725368360088575}",0.8992976087128087,0.90103385683845,0.8984214680347277,0.8995843111953289,0.0010856004638189589,30,random search for 2 group,8
0.7395443916320801,0.08831704407114074,0.22698012987772623,0.05602417094755526,0.17815917925665103,0.5808462158806031,"{'alpha': 0.17815917925665103, 'lambda': 0.5808462158806031}",0.901270617946492,0.90103385683845,0.8988161010260458,0.9003735252703292,0.001105498880771867,3,random search for 2 group,8
0.7932496070861816,0.11542762949928345,0.2490715185801188,0.014843547399415909,0.0028431726160899062,0.335243860316051,"{'alpha': 0.0028431726160899062, 'lambda': 0.335243860316051}",0.8996132901901981,0.8997711309288927,0.8984214680347277,0.8992686297179394,0.0006024896197305724,59,random search for 2 group,8
0.5576380888621012,0.011223690121672748,0.07667930920918782,0.010778348910149522,0.38325675534456993,0.7614549937603735,"{'alpha': 0.38325675534456993, 'lambda': 0.7614549937603735}",0.9020598216399652,0.8981927235419461,0.8985003946329914,0.8995843132716342,0.0017549495028487893,29,random search for 2 group,8
0.4686683813730876,0.02788246656511599,0.07990686098734538,0.0046361937411416275,0.08775934142683717,0.47194091622235135,"{'alpha': 0.08775934142683717, 'lambda': 0.47194091622235135}",0.9009549364691026,0.8994554494515035,0.8978689818468824,0.8994264559224961,0.0012600025003001373,40,random search for 2 group,8
0.5872414112091064,0.047212827473040904,0.10953315099080403,0.032961686503199264,0.5523663757834186,0.9770474802142474,"{'alpha': 0.5523663757834186, 'lambda': 0.9770474802142474}",0.8994554494515035,0.8990608476047668,0.896921862667719,0.8984793865746631,0.0011130553130576405,155,random search for 2 group,8
0.7592461903889974,0.25280613090640003,0.2375960350036621,0.0573446055812574,0.517153183637038,0.5713879454436438,"{'alpha': 0.517153183637038, 'lambda': 0.5713879454436438}",0.8989819272354195,0.8977192013258622,0.8981057616416732,0.8982689634009849,0.0005282646378149389,176,random search for 2 group,8
0.9061246713002523,0.19803235623019463,0.2721865177154541,0.08048485181761118,0.29509193550128787,0.8118180592455987,"{'alpha': 0.29509193550128787, 'lambda': 0.8118180592455987}",0.9000078920369348,0.8989030068660722,0.8971586424625099,0.898689847121839,0.0011729261391242255,128,random search for 2 group,8
0.8229979674021403,0.1036181840840177,0.21778583526611328,0.06183613196982925,0.7449763342335546,0.9507409771825017,"{'alpha': 0.7449763342335546, 'lambda': 0.9507409771825017}",0.900323573514324,0.8980348828032515,0.8971586424625099,0.8985056995933619,0.0013342784512166543,152,random search for 2 group,8
0.8170664310455322,0.21391936566704922,0.14046518007914224,0.0987297003493273,0.32367398751273657,0.8144816011686518,"{'alpha': 0.32367398751273657, 'lambda': 0.8144816011686518}",0.9002446531449767,0.9001657327756294,0.8962904498816101,0.8989002786007387,0.001845708818415643,109,random search for 2 group,8
0.7283028761545817,0.0889500208301443,0.23386700948079428,0.08197537247681762,0.8333176726370795,0.2722740775965222,"{'alpha': 0.8333176726370795, 'lambda': 0.2722740775965222}",0.90221766237866,0.8977981216952096,0.8971586424625099,0.8990581421787932,0.002249319799745169,86,random search for 2 group,8
0.8765818277994791,0.22138119043529492,0.20363267262776694,0.024307364200751115,0.20270722130224017,0.5464138966575681,"{'alpha': 0.20270722130224017, 'lambda': 0.5464138966575681}",0.902691184594744,0.9011127772077974,0.8996053670086819,0.9011364429370744,0.0012598908930721365,1,random search for 2 group,8
1.0286235809326172,0.23091108873139185,0.24116738637288412,0.008749852132874457,0.7357428724198377,0.16145744758879566,"{'alpha': 0.7357428724198377, 'lambda': 0.16145744758879566}",0.9009549364691026,0.8986662457580301,0.8981057616416732,0.8992423146229352,0.001232434123229104,66,random search for 2 group,8
0.5720118681589762,0.09411895590136979,0.19236286481221518,0.09179270068187657,0.243737715872147,0.17954214062316332,"{'alpha': 0.243737715872147, 'lambda': 0.17954214062316332}",0.8999289716675875,0.8987451661273774,0.8978689818468824,0.8988477065472824,0.0008441071885481032,111,random search for 2 group,8
0.7893489201863607,0.1628372468708721,0.2371523380279541,0.03219633724166478,0.5143330523788608,0.03506511059616624,"{'alpha': 0.5143330523788608, 'lambda': 0.03506511059616624}",0.8989819272354195,0.9007181753610607,0.8973954222573007,0.8990318416179269,0.0013569673617599,91,random search for 2 group,8
0.8881498177846273,0.05798688489210911,0.20532401402791342,0.03506818295486728,0.715887535617326,0.43312509018465284,"{'alpha': 0.715887535617326, 'lambda': 0.43312509018465284}",0.8999289716675875,0.8988240864967249,0.8990528808208367,0.899268646328383,0.00047617145083331773,56,random search for 2 group,8
0.7251908779144287,0.07218279135742166,0.216931422551473,0.07324375502234687,0.4874781030342844,0.939399521770889,"{'alpha': 0.4874781030342844, 'lambda': 0.939399521770889}",0.900797095730408,0.8981138031725988,0.8972375690607735,0.8987161559879269,0.0015143049480559351,123,random search for 2 group,8
0.5208580493927002,0.025524256431555935,0.07953381538391113,0.006718442748614941,0.05364692195923071,0.8221591242845184,"{'alpha': 0.05364692195923071, 'lambda': 0.8221591242845184}",0.8993765290821562,0.9013495383158393,0.8978689818468824,0.8995316830816259,0.0014251603198852459,34,random search for 2 group,8
0.5851187705993652,0.09203513450869005,0.09009695053100586,0.02221671961688209,0.4018528139768913,0.5385980579277757,"{'alpha': 0.4018528139768913, 'lambda': 0.5385980579277757}",0.8989819272354195,0.9014284586851866,0.8970007892659826,0.8991370583955295,0.0018109138354371363,75,random search for 2 group,8
0.7917927106221517,0.26890794355754943,0.19481937090555826,0.0601539981213812,0.840287077665977,0.294772057145575,"{'alpha': 0.840287077665977, 'lambda': 0.294772057145575}",0.9016652197932287,0.8981138031725988,0.8983425414364641,0.8993738548007638,0.0016229285145191456,43,random search for 2 group,8
1.019864797592163,0.11138639874140192,0.2508847713470459,0.05878572998087417,0.3315152024292606,0.6917968670973171,"{'alpha': 0.3315152024292606, 'lambda': 0.6917968670973171}",0.8997711309288927,0.9008760160997553,0.8962904498816101,0.898979198970086,0.0019540081125357296,100,random search for 2 group,8
0.9392127990722656,0.23117021160606607,0.24175127347310385,0.035728543339270516,0.734842216423126,0.8455822870969006,"{'alpha': 0.734842216423126, 'lambda': 0.8455822870969006}",0.9007181753610607,0.8985084050193355,0.8987371744277821,0.8993212516027261,0.0009921797049963577,50,random search for 2 group,8
0.7330362796783447,0.03440942283038454,0.1987605094909668,0.07831313471797692,0.3061386393244152,0.4644951970037213,"{'alpha': 0.3061386393244152, 'lambda': 0.4644951970037213}",0.9008760160997553,0.9005603346223661,0.8990528808208367,0.9001630771809861,0.0007955357387146116,7,random search for 2 group,8
0.5189661184946696,0.06498306422894988,0.1661988894144694,0.06312281098381639,0.4775005252238801,0.1443912337668457,"{'alpha': 0.4775005252238801, 'lambda': 0.1443912337668457}",0.8982716439112935,0.8989819272354195,0.8980268350434096,0.8984268020633742,0.0004050562207293847,162,random search for 2 group,8
0.9257223606109619,0.16071695886972923,0.2451921304066976,0.04100534942148035,0.2153905626995496,0.9633207503098911,"{'alpha': 0.2153905626995496, 'lambda': 0.9633207503098911}",0.9011916975771447,0.8993765290821562,0.8952644041041831,0.8986108769211613,0.002479632957029515,139,random search for 2 group,8
0.8252433935801188,0.18412535937568428,0.25415730476379395,0.021071028179460962,0.5589800164061846,0.47766441051541775,"{'alpha': 0.5589800164061846, 'lambda': 0.47766441051541775}",0.900323573514324,0.897166758740431,0.897947908445146,0.8984794135666337,0.0013424463117242508,153,random search for 2 group,8
0.8059065341949463,0.29878889458569036,0.14307522773742676,0.08832361962838092,0.7594376216000017,0.7280668936809794,"{'alpha': 0.7594376216000017, 'lambda': 0.7280668936809794}",0.8993765290821562,0.8997711309288927,0.8985003946329914,0.8992160182146801,0.0005310464432694593,70,random search for 2 group,8
0.7798538208007812,0.281757559188944,0.33104872703552246,0.05088682259222888,0.8554642341001696,0.5790062187145838,"{'alpha': 0.8554642341001696, 'lambda': 0.5790062187145838}",0.8992186883434614,0.8978770420645569,0.896527229676401,0.8978743200281397,0.001098785085518057,217,random search for 2 group,8
0.9859198729197184,0.036754873833917935,0.2773830095926921,0.024909916619953468,0.29928754409028313,0.1500815993115353,"{'alpha': 0.29928754409028313, 'lambda': 0.1500815993115353}",0.9008760160997553,0.8984294846499882,0.9,0.8997685002499144,0.001012117626363053,21,random search for 2 group,8
0.6962667306264242,0.1868946407884752,0.07572738329569499,0.021036077224863562,0.8656372514435915,0.8094136886121314,"{'alpha': 0.8656372514435915, 'lambda': 0.8094136886121314}",0.8991397679741141,0.8997711309288927,0.8981057616416732,0.8990055535148933,0.0006864759556369206,94,random search for 2 group,8
0.5085670153299967,0.04628479225865245,0.08447535832722981,0.006756644463293179,0.8845280781866556,0.33564103547811386,"{'alpha': 0.8845280781866556, 'lambda': 0.33564103547811386}",0.9000868124062821,0.8981927235419461,0.9001578531965272,0.8994791297149184,0.0009100887611896867,37,random search for 2 group,8
0.5123215516408285,0.065775167019845,0.12545410792032877,0.03606493308892558,0.7334630846008601,0.7365560949990055,"{'alpha': 0.7334630846008601, 'lambda': 0.7365560949990055}",0.8994554494515035,0.9004814142530188,0.8995264404104183,0.8998211013716468,0.00046781032840327737,16,random search for 2 group,8
0.8689014911651611,0.13980580008872293,0.3116134802500407,0.08675159147466834,0.5156079042835551,0.2753291120445228,"{'alpha': 0.5156079042835551, 'lambda': 0.2753291120445228}",0.9015073790545339,0.9007181753610607,0.8970797158642463,0.8997684234266137,0.0019283104667724863,25,random search for 2 group,8
0.9934790134429932,0.17514308541320558,0.34757455190022785,0.06537855826860928,0.9287612724712199,0.1632744811051403,"{'alpha': 0.9287612724712199, 'lambda': 0.1632744811051403}",0.8995343698208508,0.8975613605871675,0.8977900552486188,0.8982952618855456,0.0008811419365596406,170,random search for 2 group,8
0.6642791430155436,0.20184058825687573,0.15020012855529785,0.05177122310621684,0.9921888654377018,0.6025830111744843,"{'alpha': 0.9921888654377018, 'lambda': 0.6025830111744843}",0.9005603346223661,0.8975613605871675,0.8964483030781374,0.8981899994292236,0.0017365849533858473,191,random search for 2 group,8
0.8728234767913818,0.1274529445003671,0.2089691956837972,0.009356619033155046,0.7177324433774704,0.3828961561021179,"{'alpha': 0.7177324433774704, 'lambda': 0.3828961561021179}",0.901270617946492,0.8987451661273774,0.8974743488555643,0.8991633776431446,0.0015777812283125946,73,random search for 2 group,8
0.8936023712158203,0.15197605218901156,0.29322997728983563,0.009865922899893008,0.1825631868591242,0.9814743192461958,"{'alpha': 0.1825631868591242, 'lambda': 0.9814743192461958}",0.8992976087128087,0.8977981216952096,0.896527229676401,0.8978743200281397,0.0011322851939913065,217,random search for 2 group,8
0.8022293249766032,0.40981503434894073,0.19322919845581055,0.12335750494295541,0.00784169283698799,0.5286024300531211,"{'alpha': 0.00784169283698799, 'lambda': 0.5286024300531211}",0.89985005129824,0.8976402809565148,0.8986582478295185,0.8987161933614245,0.0009030649678707052,122,random search for 2 group,8
0.7388497988382975,0.14189007009375135,0.22275145848592123,0.04849270416134671,0.49444625749973947,0.10423073393831139,"{'alpha': 0.49444625749973947, 'lambda': 0.10423073393831139}",0.8983505642806409,0.900797095730408,0.8981057616416732,0.8990844738842408,0.001215123388518912,81,random search for 2 group,8
0.7432896296183268,0.08917523418408874,0.2793112595876058,0.04200585842807374,0.4865166425839006,0.38357113632265627,"{'alpha': 0.4865166425839006, 'lambda': 0.38357113632265627}",0.9011127772077974,0.9000868124062821,0.8981057616416732,0.8997684504185841,0.0012480789024567405,23,random search for 2 group,8
0.7557961146036783,0.06474392838610471,0.17356514930725098,0.07708971106078975,0.5228470098549365,0.6450182631762503,"{'alpha': 0.5228470098549365, 'lambda': 0.6450182631762503}",0.900323573514324,0.8964564754163049,0.8980268350434096,0.8982689613246796,0.0015879926064032194,177,random search for 2 group,8
0.8696291446685791,0.38302213021865483,0.0774846871693929,0.008714925277231202,0.529698287587479,0.10122959058881631,"{'alpha': 0.529698287587479, 'lambda': 0.10122959058881631}",0.8987451661273774,0.89985005129824,0.8977111286503552,0.8987687820253242,0.0008733711721009776,118,random search for 2 group,8
0.39374812444051105,0.06442417870355312,0.07900238037109375,0.008990763722243257,0.6082213627183961,0.7467772972008424,"{'alpha': 0.6082213627183961, 'lambda': 0.7467772972008424}",0.8996132901901981,0.8972456791097783,0.8960536700868192,0.8976375464622652,0.001479390378174638,235,random search for 2 group,8
0.737567663192749,0.24995266196384805,0.17687233289082846,0.06789431833171636,0.015637609522842433,0.025190654085629482,"{'alpha': 0.015637609522842433, 'lambda': 0.025190654085629482}",0.9002446531449767,0.8985873253886828,0.8960536700868192,0.8982952162068263,0.0017233843794569631,173,random search for 2 group,8
0.738909641901652,0.1263296891783274,0.23701977729797363,0.017582404748090225,0.29742566930619607,0.8286679562323309,"{'alpha': 0.29742566930619607, 'lambda': 0.8286679562323309}",0.901270617946492,0.8988240864967249,0.8976322020520916,0.8992423021651028,0.0015145287086778235,67,random search for 2 group,8
0.8872915108998617,0.06927888101932612,0.2527681191762288,0.029253608769862934,0.73252810930204,0.04792455540813034,"{'alpha': 0.73252810930204, 'lambda': 0.04792455540813034}",0.9009549364691026,0.9001657327756294,0.9004735595895816,0.900531409611438,0.00032477744812874234,2,random search for 2 group,8
0.6821964581807455,0.24939288676245835,0.18069235483805338,0.08874463339299854,0.6499728836377453,0.09299525723478885,"{'alpha': 0.6499728836377453, 'lambda': 0.09299525723478885}",0.8999289716675875,0.9011127772077974,0.8988161010260458,0.8999526166338102,0.0009377631841344532,9,random search for 2 group,8
0.5027565161387125,0.13537924898869333,0.18240253130594888,0.06153086218393309,0.181209635459484,0.6003462729899008,"{'alpha': 0.181209635459484, 'lambda': 0.6003462729899008}",0.9008760160997553,0.90103385683845,0.8990528808208367,0.9003209179196808,0.0008989501238413133,5,random search for 2 group,8
0.7811956405639648,0.24656857014475483,0.27942697207132977,0.022395590353802203,0.5324648895886928,0.04822363137827168,"{'alpha': 0.5324648895886928, 'lambda': 0.04822363137827168}",0.8982716439112935,0.8990608476047668,0.896921862667719,0.8980847847279264,0.0008831766173066375,196,random search for 2 group,8
0.6863533655802408,0.0178600133790699,0.2749772866566976,0.04073548205918287,0.6150505175674624,0.7726790737964279,"{'alpha': 0.6150505175674624, 'lambda': 0.7726790737964279}",0.8976402809565148,0.8989819272354195,0.8964483030781374,0.8976901704233572,0.0010349491329745657,232,random search for 2 group,8
0.35993560155232746,0.0324042577480863,0.096344788869222,0.02812405363380347,0.9744996443813465,0.2687929112932579,"{'alpha': 0.9744996443813465, 'lambda': 0.2687929112932579}",0.8992976087128087,0.8981138031725988,0.8974743488555643,0.8982952535803239,0.0007553199386606268,171,random search for 2 group,8
0.6788756052652994,0.16253415861394918,0.18787852923075357,0.043629865359344815,0.14702743440710186,0.25755262764955633,"{'alpha': 0.14702743440710186, 'lambda': 0.25755262764955633}",0.9001657327756294,0.8986662457580301,0.8998421468034727,0.8995580417790441,0.0006442836216379661,31,random search for 2 group,8
0.7276923656463623,0.06699761778936601,0.20974556605021158,0.02391393131924023,0.987069233174517,0.996614083397472,"{'alpha': 0.987069233174517, 'lambda': 0.996614083397472}",0.8984294846499882,0.8984294846499882,0.8970007892659826,0.8979532528553197,0.0006734934628535118,212,random search for 2 group,8
0.9167234102884928,0.07906395101790692,0.3078756332397461,0.034175492980409214,0.970509837504508,0.9268522961278516,"{'alpha': 0.970509837504508, 'lambda': 0.9268522961278516}",0.89985005129824,0.8988240864967249,0.8949486977111286,0.8978742785020312,0.0021106741682158504,222,random search for 2 group,8
0.5955305894215902,0.13278168910371918,0.18681438763936362,0.06702365037472602,0.6331199562961236,0.8702181708808208,"{'alpha': 0.6331199562961236, 'lambda': 0.8702181708808208}",0.89985005129824,0.8985084050193355,0.8980268350434096,0.8987950971203285,0.0007714374671344543,116,random search for 2 group,8
0.4241774082183838,0.074902945813535,0.12950674692789713,0.05945303454375619,0.5779045550841212,0.5855187713047728,"{'alpha': 0.5779045550841212, 'lambda': 0.5855187713047728}",0.9000078920369348,0.8974035198484729,0.8970007892659826,0.8981374003837969,0.0013328171289571798,194,random search for 2 group,8
0.38708098729451496,0.04097498219564801,0.0843511422475179,0.013678798138179616,0.19348078444973982,0.6577840656647974,"{'alpha': 0.19348078444973982, 'lambda': 0.6577840656647974}",0.9000868124062821,0.8994554494515035,0.8985003946329914,0.8993475521635923,0.0006521307161436816,47,random search for 2 group,8
0.35648520787556964,0.016516309719271007,0.08351969718933105,0.010421023823601043,0.4186475769051232,0.24469682311429508,"{'alpha': 0.4186475769051232, 'lambda': 0.24469682311429508}",0.9000078920369348,0.9002446531449767,0.8958958168902921,0.8987161206907346,0.001996596954931543,125,random search for 2 group,8
0.6851186752319336,0.07638566219189932,0.21638997395833334,0.046942691786996,0.9538063547086618,0.9914931897405264,"{'alpha': 0.9538063547086618, 'lambda': 0.9914931897405264}",0.8980348828032515,0.8979559624339042,0.8981057616416732,0.898032202292943,6.11846359455971e-05,203,random search for 2 group,8
0.6762689749399821,0.14052390722722724,0.2413965861002604,0.03237660340224453,0.2390347683597719,0.07728806080971073,"{'alpha': 0.2390347683597719, 'lambda': 0.07728806080971073}",0.9018230605319233,0.9000868124062821,0.8976322020520916,0.8998473583300991,0.0017192687186601218,15,random search for 2 group,8
0.8414258162180582,0.28697848208106747,0.1843243439992269,0.07807312726223983,0.08176533554610099,0.05161670712476574,"{'alpha': 0.08176533554610099, 'lambda': 0.05161670712476574}",0.8983505642806409,0.8986662457580301,0.8983425414364641,0.8984531171583784,0.00015074026557694464,156,random search for 2 group,8
0.42226966222127277,0.07435367367701692,0.13141957918802896,0.0663383653721345,0.8012708594856589,0.35303223352831026,"{'alpha': 0.8012708594856589, 'lambda': 0.35303223352831026}",0.9005603346223661,0.8979559624339042,0.8977900552486188,0.8987687841016297,0.0012686268823142238,117,random search for 2 group,8
0.6506546338399252,0.1184487608537408,0.21405458450317383,0.03103069649928977,0.5826532790635481,0.5543903632284887,"{'alpha': 0.5826532790635481, 'lambda': 0.5543903632284887}",0.897166758740431,0.8977192013258622,0.897947908445146,0.897611289503813,0.0003279049011503188,236,random search for 2 group,8
0.7630211512247721,0.24422711099843702,0.23177925745646158,0.01748665422651493,0.6715781717344462,0.4885434278523475,"{'alpha': 0.6715781717344462, 'lambda': 0.4885434278523475}",0.8984294846499882,0.8995343698208508,0.8988161010260458,0.8989266518322948,0.0004577910154715915,102,random search for 2 group,8
0.8223385810852051,0.14864324073558058,0.334705114364624,0.05592228371074628,0.4588110372694165,0.5323031960339977,"{'alpha': 0.4588110372694165, 'lambda': 0.5323031960339977}",0.8975613605871675,0.8990608476047668,0.8981057616416732,0.8982426566112025,0.0006197690448863524,181,random search for 2 group,8
0.4556080500284831,0.0887085114210117,0.11984825134277344,0.05321801468442582,0.5436589267387005,0.8033517804421022,"{'alpha': 0.5436589267387005, 'lambda': 0.8033517804421022}",0.8979559624339042,0.8969299976323889,0.8968429360694554,0.8972429653785827,0.0005054163495626115,240,random search for 2 group,8
0.731788158416748,0.14042105383458875,0.22382338841756186,0.07642604905192395,0.35993596778247516,0.27188197694610927,"{'alpha': 0.35993596778247516, 'lambda': 0.27188197694610927}",0.9023755031173546,0.8999289716675875,0.8962115232833465,0.8995053326894294,0.0025342012990783457,36,random search for 2 group,8
0.6829666296641032,0.011034624053921005,0.24918977419535318,0.028026467894073526,0.9638997280065044,0.4563773078002926,"{'alpha': 0.9638997280065044, 'lambda': 0.4563773078002926}",0.8992186883434614,0.8967721568936943,0.896921862667719,0.8976375693016249,0.00111968924946094,234,random search for 2 group,8
0.601168155670166,0.19692281640072068,0.1827700138092041,0.0847418252957548,0.8645970918206494,0.7021636138227351,"{'alpha': 0.8645970918206494, 'lambda': 0.7021636138227351}",0.9004024938836713,0.9009549364691026,0.8981846882399369,0.899847372864237,0.0011971322183903608,14,random search for 2 group,8
0.3425639470418294,0.018353241743531663,0.08452328046162923,0.009116648535153623,0.9428031613370117,0.3536415753002997,"{'alpha': 0.9428031613370117, 'lambda': 0.3536415753002997}",0.8996922105595454,0.8977981216952096,0.8972375690607735,0.8982426337718428,0.0010502410712396617,183,random search for 2 group,8
0.43327514330546063,0.0562448434818272,0.08324718475341797,0.013334298765597654,0.26087305030037233,0.7696302091380409,"{'alpha': 0.26087305030037233, 'lambda': 0.7696302091380409}",0.9018230605319233,0.9000868124062821,0.8973954222573007,0.8997684317318354,0.0018215414467096292,24,random search for 2 group,8
0.39135368665059406,0.05368225422938445,0.08065112431844075,0.006611889231992976,0.8571466085813757,0.7610591575803242,"{'alpha': 0.8571466085813757, 'lambda': 0.7610591575803242}",0.8986662457580301,0.8990608476047668,0.8978689818468824,0.8985320250698932,0.0004957468379777077,145,random search for 2 group,8
0.808170477549235,0.16947782388092344,0.2255856196085612,0.026160571049588455,0.44135615897234626,0.3412361107249502,"{'alpha': 0.44135615897234626, 'lambda': 0.3412361107249502}",0.9019019809012706,0.9009549364691026,0.8947908445146014,0.8992159206283249,0.0031527974084728256,71,random search for 2 group,8
0.7240159511566162,0.12563585531938046,0.28117696444193524,0.030644376837255398,0.6545937878720687,0.14956425939442575,"{'alpha': 0.6545937878720687, 'lambda': 0.14956425939442575}",0.8987451661273774,0.8996922105595454,0.8982636148382005,0.8989003305083744,0.0005934522854219946,107,random search for 2 group,8
0.8031816482543945,0.13848643913747047,0.24574851989746094,0.05576651256670232,0.20308796281710773,0.2831926752248869,"{'alpha': 0.20308796281710773, 'lambda': 0.2831926752248869}",0.8996922105595454,0.8992186883434614,0.8987371744277821,0.8992160244435964,0.00038989641830894367,69,random search for 2 group,8
0.4871474901835124,0.1000085305835371,0.1504213809967041,0.08009777326655712,0.06985322341435773,0.5200787526203825,"{'alpha': 0.06985322341435773, 'lambda': 0.5200787526203825}",0.89985005129824,0.8994554494515035,0.8993685872138911,0.8995580293212115,0.00020951354511737627,32,random search for 2 group,8
0.6673292318979899,0.20324350620786147,0.21127629280090332,0.052420059414746076,0.6341083070619026,0.1041778852325077,"{'alpha': 0.6341083070619026, 'lambda': 0.1041778852325077}",0.8999289716675875,0.8989030068660722,0.8959747434885557,0.8982689073407384,0.0016754187096531276,180,random search for 2 group,8
0.8519791762034098,0.0262582083225248,0.22005359331766763,0.010688176345657186,0.5352794793432292,0.1473001925378593,"{'alpha': 0.5352794793432292, 'lambda': 0.1473001925378593}",0.8999289716675875,0.8989030068660722,0.8961325966850828,0.8983215250729142,0.0016034767556318455,168,random search for 2 group,8
0.7637747923533121,0.10320443114879056,0.186082124710083,0.07536691173080648,0.1445565600551495,0.4119042319995857,"{'alpha': 0.1445565600551495, 'lambda': 0.4119042319995857}",0.9000868124062821,0.8987451661273774,0.8972375690607735,0.8986898491981443,0.0011638562003031497,127,random search for 2 group,8
0.46832021077473956,0.04320231853304588,0.10719958941141765,0.02955946355100921,0.051032843942844464,0.45523813404939717,"{'alpha': 0.051032843942844464, 'lambda': 0.45523813404939717}",0.9004024938836713,0.8975613605871675,0.8968429360694554,0.8982689301800981,0.0015369025136762011,179,random search for 2 group,8
0.8141369819641113,0.08017413355289059,0.21791736284891763,0.05870605528786433,0.638346896548997,0.8949375062459223,"{'alpha': 0.638346896548997, 'lambda': 0.8949375062459223}",0.8995343698208508,0.8975613605871675,0.8974743488555643,0.8981900264211942,0.0009512578138126009,189,random search for 2 group,8
0.7356491883595785,0.19840284840361605,0.20325875282287598,0.03234139427375636,0.08454728623832042,0.5663594714350146,"{'alpha': 0.08454728623832042, 'lambda': 0.5663594714350146}",0.9015862994238814,0.9000078920369348,0.8985003946329914,0.9000315286979359,0.0012599262183204517,8,random search for 2 group,8
0.7435522079467773,0.15964991931006137,0.22358282407124838,0.061185958576532244,0.7065361017335049,0.9796366069332915,"{'alpha': 0.7065361017335049, 'lambda': 0.9796366069332915}",0.8989030068660722,0.8976402809565148,0.8998421468034727,0.8987951448753533,0.0009021378160722131,115,random search for 2 group,8
0.6627988815307617,0.06436477439181136,0.30004556973775226,0.029628256052983925,0.15910007232397916,0.38759580559288,"{'alpha': 0.15910007232397916, 'lambda': 0.38759580559288}",0.9013495383158393,0.8992186883434614,0.8988950276243094,0.8998210847612035,0.001088827126404039,17,random search for 2 group,8
0.7578670183817545,0.10785199984813366,0.15851521492004395,0.041560635399044414,0.9436427454227496,0.12499753401203895,"{'alpha': 0.9436427454227496, 'lambda': 0.12499753401203895}",0.9004024938836713,0.8993765290821562,0.8977111286503552,0.899163383872061,0.0011090340737824162,72,random search for 2 group,8
0.4805907408396403,0.09242646964813347,0.07925645510355632,0.0020875716612514823,0.7482474495764286,0.042405263079552946,"{'alpha': 0.7482474495764286, 'lambda': 0.042405263079552946}",0.8999289716675875,0.9000078920369348,0.8968429360694554,0.8989265999246593,0.001473725076642299,106,random search for 2 group,8
0.591615358988444,0.25606576093595085,0.080931822458903,0.013920742555065454,0.05723780898108255,0.6675945190684636,"{'alpha': 0.05723780898108255, 'lambda': 0.6675945190684636}",0.9006392549917134,0.9007181753610607,0.8972375690607735,0.8995316664711824,0.0016224917673152456,35,random search for 2 group,8
0.37112855911254883,0.02752990612729694,0.09308719635009766,0.027457731767356386,0.5145227205155518,0.5250408300809177,"{'alpha': 0.5145227205155518, 'lambda': 0.5250408300809177}",0.9022965827480073,0.8988240864967249,0.8993685872138911,0.9001630854862078,0.0015248995993896808,6,random search for 2 group,8
0.474393367767334,0.14349701279605642,0.18218819300333658,0.03536743358134208,0.020269490046462724,0.9294656147849727,"{'alpha': 0.020269490046462724, 'lambda': 0.9294656147849727}",0.8994554494515035,0.9023755031173546,0.8970797158642463,0.8996368894777014,0.0021657994705383283,28,random search for 2 group,8
0.7171984513600668,0.1116091723023274,0.27536996205647785,0.032978684532848176,0.14535433302884504,0.0271803194011212,"{'alpha': 0.14535433302884504, 'lambda': 0.0271803194011212}",0.8990608476047668,0.8981138031725988,0.8992896606156274,0.8988214371309976,0.0005090174933432784,112,random search for 2 group,8
0.7169941266377767,0.11570189407890363,0.25240548451741535,0.037625094452257535,0.9508173818739664,0.8448558768151989,"{'alpha': 0.9508173818739664, 'lambda': 0.8448558768151989}",0.8985873253886828,0.8989819272354195,0.8966850828729281,0.8980847784990101,0.0010027590400545907,198,random search for 2 group,8
0.8449739615122477,0.2355854700773933,0.2124048868815104,0.02778662479242561,0.8413930952850933,0.10316157596344855,"{'alpha': 0.8413930952850933, 'lambda': 0.10316157596344855}",0.8991397679741141,0.8974824402178202,0.896921862667719,0.8978480236198845,0.0009416348920654003,223,random search for 2 group,8
0.6888838609059652,0.10784996603655006,0.2190099557240804,0.047563769352463196,0.4286663381118615,0.3494906823317676,"{'alpha': 0.4286663381118615, 'lambda': 0.3494906823317676}",0.9004024938836713,0.8999289716675875,0.8955011838989739,0.8986108831500775,0.0022073706676371254,138,random search for 2 group,8
0.6241442362467448,0.030211680660061663,0.16910235087076822,0.06920986019036657,0.6409616721869446,0.6373983519245805,"{'alpha': 0.6409616721869446, 'lambda': 0.6373983519245805}",0.8996922105595454,0.9000078920369348,0.8959747434885557,0.8985582820283454,0.001831377849002472,144,random search for 2 group,8
0.47575775782267254,0.1074943541790086,0.11811765034993489,0.043945599010251794,0.23448464096512223,0.2344411650826329,"{'alpha': 0.23448464096512223, 'lambda': 0.2344411650826329}",0.8995343698208508,0.8968510772630416,0.8991318074191003,0.8985057515009975,0.0011815171735646015,149,random search for 2 group,8
0.729938268661499,0.22711250989085663,0.32380278905232746,0.06340327597920294,0.06699036369601996,0.23433620919594833,"{'alpha': 0.06699036369601996, 'lambda': 0.23433620919594833}",0.9013495383158393,0.8985873253886828,0.8978689818468824,0.8992686151838015,0.001500374435954609,62,random search for 2 group,8
0.6070795059204102,0.0316205560504136,0.2631463209788005,0.0290140859595913,0.5361002985511026,0.9874981840866417,"{'alpha': 0.5361002985511026, 'lambda': 0.9874981840866417}",0.8997711309288927,0.9011916975771447,0.8962904498816101,0.8990844261292158,0.002059001352544511,83,random search for 2 group,8
0.7378116448720297,0.11650593086181313,0.22600261370340982,0.014531919582434806,0.4097017517591389,0.6190179802323386,"{'alpha': 0.4097017517591389, 'lambda': 0.6190179802323386}",0.901744140162576,0.8980348828032515,0.8966850828729281,0.8988213686129186,0.002138914851287984,114,random search for 2 group,8
0.5921401182810465,0.18783357091688457,0.1264780362447103,0.06256258029258491,0.7608792934580372,0.3513579302955473,"{'alpha': 0.7608792934580372, 'lambda': 0.3513579302955473}",0.8999289716675875,0.8974035198484729,0.9004735595895816,0.8992686837018806,0.0013374780125892881,55,random search for 2 group,8
0.6239003340403239,0.1538552867373917,0.17477051417032877,0.06859226437327069,0.7551749580725678,0.4186322632289986,"{'alpha': 0.7551749580725678, 'lambda': 0.4186322632289986}",0.900797095730408,0.8987451661273774,0.8985003946329914,0.8993475521635923,0.0010298416335173966,47,random search for 2 group,8
0.9218207200368246,0.047329522486820576,0.23054814338684082,0.007597729135413967,0.5039716630989414,0.8730373295123058,"{'alpha': 0.5039716630989414, 'lambda': 0.8730373295123058}",0.9006392549917134,0.8992186883434614,0.8987371744277821,0.8995317059209856,0.0008074497387043634,33,random search for 2 group,8
