split0_test_score,split1_test_score,split2_test_score,mean_test_score,std_test_score,rank_test_score,mean_fit_time,std_fit_time,mean_score_time,std_score_time,param_reg_alpha,param_reg_lambda,params,experiment_name,run_number
0.8405212392256465,0.6911906594703514,0.3193198270974449,0.6170105752644809,0.21914947968711582,198,0.4512222607930501,0.005973228965867252,0.0009436607360839844,2.7043435933016277e-05,0.5659115499713872,0.7241923760141862,"OrderedDict([('reg_alpha', 0.5659115499713872), ('reg_lambda', 0.7241923760141862)])",BO for 2 group,2
0.8582337761691823,0.6661204701279866,0.31900592699588937,0.614453391097686,0.22314985043337487,210,0.4552304744720459,0.003347851739534472,0.0010128021240234375,7.755777510645389e-05,0.18922282310150956,0.32686836100647004,"OrderedDict([('reg_alpha', 0.18922282310150956), ('reg_lambda', 0.32686836100647004)])",BO for 2 group,2
0.8294514133766294,0.7140176406625961,0.3160334198050493,0.6198341579480916,0.2199278750605022,178,0.452653964360555,0.005332204098987136,0.0009396870930989584,2.433998240012098e-06,0.5225111336786211,0.9859257747265087,"OrderedDict([('reg_alpha', 0.5225111336786211), ('reg_lambda', 0.9859257747265087)])",BO for 2 group,2
0.854219666393336,0.6577856569461873,0.31764934967658576,0.6098848910053697,0.2216570755749613,223,0.450971523920695,0.004689951984461564,0.0009101231892903646,2.4005276850500093e-05,0.19246948884682785,0.13040897400466658,"OrderedDict([('reg_alpha', 0.19246948884682785), ('reg_lambda', 0.13040897400466658)])",BO for 2 group,2
0.8572584190066035,0.6624100163851101,0.30259411034697037,0.6074208485795612,0.22975491326944789,229,0.45158910751342773,0.005913029580238956,0.0009044011433919271,6.060815164228319e-06,0.2528434326214169,0.32297568743785193,"OrderedDict([('reg_alpha', 0.2528434326214169), ('reg_lambda', 0.32297568743785193)])",BO for 2 group,2
0.8537933072095938,0.6274338690679595,0.32386501248234967,0.601697396253301,0.21710638546242098,236,0.453049103418986,0.006793674906228007,0.0009593963623046875,3.253751263505344e-05,0.9212592487416893,0.09097186133106629,"OrderedDict([('reg_alpha', 0.9212592487416893), ('reg_lambda', 0.09097186133106629)])",BO for 2 group,2
0.8511022535534821,0.6330952003943255,0.32212123795507486,0.6021062306342942,0.21706445417735828,234,0.45638203620910645,0.004639288467598255,0.0010068416595458984,6.564092587440588e-06,0.12568174876650165,0.08695619662579081,"OrderedDict([('reg_alpha', 0.12568174876650165), ('reg_lambda', 0.08695619662579081)])",BO for 2 group,2
0.8540794286631486,0.684572757284957,0.3364095443495314,0.6250205767658791,0.21549226426138995,114,0.45258617401123047,0.0059810683462253435,0.0009377797444661459,4.896289283242105e-05,0.11515921267159526,0.39635966967938485,"OrderedDict([('reg_alpha', 0.11515921267159526), ('reg_lambda', 0.39635966967938485)])",BO for 2 group,2
0.8493454120849483,0.6348453473708522,0.3315190206245292,0.6052365933601099,0.21243595373473748,231,0.4521823724110921,0.004660307714551445,0.001001437505086263,4.632620169142272e-05,0.1768058510922769,0.09367995995581581,"OrderedDict([('reg_alpha', 0.1768058510922769), ('reg_lambda', 0.09367995995581581)])",BO for 2 group,2
0.8534048119707024,0.6499695959506725,0.33135478150942166,0.6115763964769322,0.2148481431159054,218,0.45700685183207196,0.00494836587242569,0.0011106332143147786,0.00023486616795446273,0.0797593789258292,0.2079313541078252,"OrderedDict([('reg_alpha', 0.0797593789258292), ('reg_lambda', 0.2079313541078252)])",BO for 2 group,2
0.83923046884928,0.7221899921459953,0.3167594423756621,0.6260599677903125,0.22386711767336015,97,0.4534047444661458,0.003049003408180163,0.0009369850158691406,2.6819705857161534e-05,0.0,1.0,"OrderedDict([('reg_alpha', 0.0), ('reg_lambda', 1.0)])",BO for 2 group,2
0.837353739149063,0.7211779255872554,0.33634969347330146,0.6316271194032066,0.21411176771650506,21,0.4538862705230713,0.006045623015774996,0.0009447733561197916,3.5598341483012074e-05,0.004852074528853087,0.9963404242961237,"OrderedDict([('reg_alpha', 0.004852074528853087), ('reg_lambda', 0.9963404242961237)])",BO for 2 group,2
0.8441990429995088,0.7134690393670539,0.31957028671172294,0.6257461230260951,0.22298029138549347,103,0.456012487411499,0.0050410153026324775,0.0010738372802734375,0.00015737661075996317,0.9964224104649547,0.999110625334532,"OrderedDict([('reg_alpha', 0.9964224104649547), ('reg_lambda', 0.999110625334532)])",BO for 2 group,2
0.839240380326415,0.7217388259491555,0.3132802468997158,0.6247531510584288,0.22540804679375742,117,0.4575003782908122,0.0037176987764739175,0.0009836355845133464,4.558113196524841e-05,0.005518246662067906,0.9983830800739726,"OrderedDict([('reg_alpha', 0.005518246662067906), ('reg_lambda', 0.9983830800739726)])",BO for 2 group,2
0.8434623308590191,0.7106333675516721,0.3155498418364172,0.6232151800823695,0.2242087623054658,135,0.4544399579366048,0.00488662176232611,0.0009416739145914713,3.8032226705821194e-05,0.976967842531002,0.9983077672623694,"OrderedDict([('reg_alpha', 0.976967842531002), ('reg_lambda', 0.9983077672623694)])",BO for 2 group,2
0.8380128670407505,0.7248601920657202,0.3058972496235811,0.6229234362433506,0.22888146017171698,138,0.4547317822774251,0.00444342416188593,0.0009494622548421224,2.775048422973032e-05,0.002609844729590472,0.9827874744487887,"OrderedDict([('reg_alpha', 0.002609844729590472), ('reg_lambda', 0.9827874744487887)])",BO for 2 group,2
0.8436303585465103,0.7130753457588113,0.3261579619602467,0.6276212220885228,0.21972896296175964,74,0.45553867022196454,0.004370981654178734,0.0009705225626627604,3.830674277403823e-05,0.9906070728527618,0.9953865814467374,"OrderedDict([('reg_alpha', 0.9906070728527618), ('reg_lambda', 0.9953865814467374)])",BO for 2 group,2
0.8434390783388994,0.7154218414572928,0.32117277778288367,0.6266778991930253,0.22225681487949833,89,0.45363863309224445,0.002711713465959402,0.0009323755900065104,1.745546782428901e-05,0.9630444010502539,0.9998636508467991,"OrderedDict([('reg_alpha', 0.9630444010502539), ('reg_lambda', 0.9998636508467991)])",BO for 2 group,2
0.8391868453335358,0.7221766014519165,0.33636078871017383,0.6325747451652087,0.21483308294637798,8,0.4512522220611572,0.004430342386654084,0.0008937517801920573,1.7254580964230816e-05,7.6310264973678e-05,0.9978578461757457,"OrderedDict([('reg_alpha', 7.6310264973678e-05), ('reg_lambda', 0.9978578461757457)])",BO for 2 group,2
0.8373343711047917,0.7234191410836066,0.3363271311307543,0.6323602144397176,0.21443081202375985,14,0.45408829053243,0.0048425540706922435,0.0009466012318929037,4.043114858444416e-05,0.002841954400013225,0.9927161686447685,"OrderedDict([('reg_alpha', 0.002841954400013225), ('reg_lambda', 0.9927161686447685)])",BO for 2 group,2
0.8391849521530832,0.7221718887138371,0.3363560838475739,0.6325709749048314,0.21483398321635314,10,0.45549440383911133,0.004872062719384233,0.0009240309397379557,7.869819744858508e-06,0.00031770459372482135,0.9970977516820622,"OrderedDict([('reg_alpha', 0.00031770459372482135), ('reg_lambda', 0.9970977516820622)])",BO for 2 group,2
0.8373447113110823,0.7233895425705497,0.33633984364750447,0.6323580325097121,0.21442406771569444,15,0.4525292714436849,0.004268676567710892,0.0010098616282145183,0.00015010153274214332,0.003961948852937548,0.9946367539351342,"OrderedDict([('reg_alpha', 0.003961948852937548), ('reg_lambda', 0.9946367539351342)])",BO for 2 group,2
0.8408620417658705,0.7162394572221147,0.32451084872100755,0.6272041159029976,0.22000016309474577,78,0.45247427622477215,0.0032676830683023945,0.0009197394053141276,2.4664002207805844e-05,0.9936636313819113,0.9924854668285888,"OrderedDict([('reg_alpha', 0.9936636313819113), ('reg_lambda', 0.9924854668285888)])",BO for 2 group,2
0.8373528637552624,0.7233672692434363,0.3363314628053783,0.6323505319346924,0.21442737061795197,16,0.45397575696309406,0.005724781860259543,0.001108249028523763,0.00016761739891927725,0.007864763408693244,0.9937771845423534,"OrderedDict([('reg_alpha', 0.007864763408693244), ('reg_lambda', 0.9937771845423534)])",BO for 2 group,2
0.8396778414703263,0.7217225464222482,0.33779802512668333,0.6330661376730858,0.21426744444347443,5,0.4531369209289551,0.004377614756448702,0.0009210109710693359,1.4117118208968603e-05,0.009447979136692599,0.9972461455053755,"OrderedDict([('reg_alpha', 0.009447979136692599), ('reg_lambda', 0.9972461455053755)])",BO for 2 group,2
0.8454771064147346,0.7152546650637224,0.3195755425703847,0.6267691046829472,0.22362973044806014,86,0.45388182004292804,0.002572250308557854,0.0009732246398925781,7.614553441036539e-05,0.9929068885579623,0.9994910069742718,"OrderedDict([('reg_alpha', 0.9929068885579623), ('reg_lambda', 0.9994910069742718)])",BO for 2 group,2
0.8391924284620493,0.7211866676460248,0.3363548589501636,0.6322446516860792,0.21470043778936818,17,0.453080415725708,0.002982278178800444,0.00093841552734375,1.9834171374911668e-05,0.0030917775512469,0.9970811053112981,"OrderedDict([('reg_alpha', 0.0030917775512469), ('reg_lambda', 0.9970811053112981)])",BO for 2 group,2
0.8378327874537631,0.7257776521337103,0.33631919911729147,0.6333098795682549,0.2149289596493743,4,0.45435412724812824,0.0033172097911877696,0.0009654362996419271,2.664486888370397e-05,0.003182592978881461,0.991464844805585,"OrderedDict([('reg_alpha', 0.003182592978881461), ('reg_lambda', 0.991464844805585)])",BO for 2 group,2
0.8396939284762872,0.7253801816996248,0.3282210218458266,0.6310983773405795,0.2191923470822692,33,0.4575800895690918,0.006019890379691432,0.0009506543477376302,1.9677197603777533e-05,0.01575861698524306,0.9969250928864561,"OrderedDict([('reg_alpha', 0.01575861698524306), ('reg_lambda', 0.9969250928864561)])",BO for 2 group,2
0.8391868046121378,0.7221750843480838,0.3363595270381158,0.6325738053327791,0.21483343884508838,9,0.4539070129394531,0.0034339682345180867,0.0010038216908772786,7.429110002377237e-05,0.00028304777046717083,0.9976748547494665,"OrderedDict([('reg_alpha', 0.00028304777046717083), ('reg_lambda', 0.9976748547494665)])",BO for 2 group,2
0.838779953578384,0.7162155352932678,0.34044268438515346,0.6318127244189351,0.2120186852290113,19,0.4543318748474121,0.004620928510343607,0.0009515285491943359,3.44122070974956e-05,0.9972960521772224,0.9885595985841727,"OrderedDict([('reg_alpha', 0.9972960521772224), ('reg_lambda', 0.9885595985841727)])",BO for 2 group,2
0.840511309478391,0.7167868913278983,0.31461683809295893,0.6239716796330828,0.22450277860181872,124,0.45447540283203125,0.004666769923824054,0.0010433197021484375,0.00015731627987081772,0.997756308640499,0.9960453602355263,"OrderedDict([('reg_alpha', 0.997756308640499), ('reg_lambda', 0.9960453602355263)])",BO for 2 group,2
0.8396923155044871,0.7258129920751173,0.3225891568425874,0.6293648214740639,0.22184920762197294,41,0.4560972849527995,0.005487018394760995,0.0009567737579345703,2.777619081860326e-05,0.012126669379965097,0.9995993487011291,"OrderedDict([('reg_alpha', 0.012126669379965097), ('reg_lambda', 0.9995993487011291)])",BO for 2 group,2
0.8442044023093036,0.7152336890062692,0.3032398662712734,0.6208926525289488,0.23070302798969594,163,0.45560582478841144,0.0032194993662708485,0.0009794235229492188,4.1022316701619066e-05,0.9998436567791216,0.9983683754207583,"OrderedDict([('reg_alpha', 0.9998436567791216), ('reg_lambda', 0.9983683754207583)])",BO for 2 group,2
0.8373603450802241,0.7211703457144414,0.3363471873602423,0.6316259593849692,0.21411397882822156,22,0.45474449793497723,0.0037499581122747913,0.0009440581003824869,4.371599677430704e-05,0.007496880586336798,0.996106999578293,"OrderedDict([('reg_alpha', 0.007496880586336798), ('reg_lambda', 0.996106999578293)])",BO for 2 group,2
0.8380422636610195,0.7204023686276513,0.32932116540199097,0.6292552658968873,0.2174551826708627,44,0.459245761235555,0.006085121635201878,0.0010909239451090496,0.0001445650857234745,0.0013320292508942624,0.9897629276368448,"OrderedDict([('reg_alpha', 0.0013320292508942624), ('reg_lambda', 0.9897629276368448)])",BO for 2 group,2
0.83734725089473,0.7211708364684978,0.33634241435867396,0.631620167240634,0.2141120475008335,25,0.45234115918477374,0.004154921138163348,0.0009247461954752604,2.2284450611107214e-05,0.004258247170963237,0.9950830961309637,"OrderedDict([('reg_alpha', 0.004258247170963237), ('reg_lambda', 0.9950830961309637)])",BO for 2 group,2
0.8373469778678945,0.7211728826105861,0.3363438357478995,0.6316212320754601,0.21411159191521442,24,0.45575833320617676,0.004474610170612287,0.0009334087371826172,3.8060945624897517e-05,0.0039045695446872095,0.9952827859053552,"OrderedDict([('reg_alpha', 0.0039045695446872095), ('reg_lambda', 0.9952827859053552)])",BO for 2 group,2
0.8362974620823864,0.7221639354685955,0.3363481096174673,0.6316031690561497,0.21391318810431825,27,0.4561573664347331,0.002796875647903148,0.0010111331939697266,3.358290228391532e-05,0.0001430720760983162,0.9957552579294972,"OrderedDict([('reg_alpha', 0.0001430720760983162), ('reg_lambda', 0.9957552579294972)])",BO for 2 group,2
0.8408706023180756,0.7162247879326495,0.3245011801578567,0.6271988568028606,0.22000538985164894,79,0.4545728365580241,0.003915759831140586,0.0009751319885253906,3.620405291821739e-05,0.9983445474546367,0.9907780871278604,"OrderedDict([('reg_alpha', 0.9983445474546367), ('reg_lambda', 0.9907780871278604)])",BO for 2 group,2
0.847036210817273,0.7258488245350632,0.3152130748336722,0.6293660367286694,0.2275824513577853,40,0.4536737600962321,0.005699538646985318,0.0009680589040120443,3.6361938267551855e-05,0.02757891570950422,0.9996597273791694,"OrderedDict([('reg_alpha', 0.02757891570950422), ('reg_lambda', 0.9996597273791694)])",BO for 2 group,2
0.8454804501458784,0.7152450417728059,0.3032450718370856,0.6213235212519232,0.23111431570420707,157,0.454456090927124,0.002337951526841328,0.001073757807413737,0.00017975404644936358,0.9950996575808736,0.9986518525539921,"OrderedDict([('reg_alpha', 0.9950996575808736), ('reg_lambda', 0.9986518525539921)])",BO for 2 group,2
0.8373576017214568,0.7242170717031087,0.33634141593472766,0.6326386964530978,0.2145448728745643,7,0.45277635256449383,0.0036387914863857357,0.0009586811065673828,5.9483404832018954e-05,0.007858634534020139,0.9951409523094539,"OrderedDict([('reg_alpha', 0.007858634534020139), ('reg_lambda', 0.9951409523094539)])",BO for 2 group,2
0.8459642792327245,0.6905485034543299,0.329895555827203,0.6221361128380858,0.21616648400669233,151,0.4523509343465169,0.0039782918010233224,0.0009517669677734375,5.0812811096175556e-05,0.003016308817320624,0.6906912607433445,"OrderedDict([('reg_alpha', 0.003016308817320624), ('reg_lambda', 0.6906912607433445)])",BO for 2 group,2
0.8399765873877589,0.7211876504621354,0.33635807828425,0.6325074387113814,0.21495121251891738,11,0.4531888961791992,0.0041742719876522805,0.0009236335754394531,1.5851996939734292e-05,0.004625655273328034,0.9977268530083649,"OrderedDict([('reg_alpha', 0.004625655273328034), ('reg_lambda', 0.9977268530083649)])",BO for 2 group,2
0.8373435906455177,0.7252404174589806,0.3363496846735302,0.6329778975926761,0.21468271609412704,6,0.4530051549275716,0.004318701310225466,0.0009275277455647787,8.316978106149756e-06,0.0016450266081995406,0.9961247277764659,"OrderedDict([('reg_alpha', 0.0016450266081995406), ('reg_lambda', 0.9961247277764659)])",BO for 2 group,2
0.8454828257527305,0.7152413329559805,0.30324304251937695,0.6213224004093627,0.231115512314024,158,0.4550659656524658,0.004227602187676345,0.0009368260701497396,1.4790067871624093e-05,0.9966480561009834,0.998550415350387,"OrderedDict([('reg_alpha', 0.9966480561009834), ('reg_lambda', 0.998550415350387)])",BO for 2 group,2
0.8330619258083332,0.7248493056662056,0.3058905369730671,0.621267256149202,0.22733873264101312,160,0.45205410321553546,0.004179318753487168,0.0009318192799886068,1.0938422224734785e-05,0.004523122801424751,0.9816321366384618,"OrderedDict([('reg_alpha', 0.004523122801424751), ('reg_lambda', 0.9816321366384618)])",BO for 2 group,2
0.840515269533032,0.7132926909856601,0.3146211727902263,0.6228097111029728,0.22402608104648736,141,0.4534035523732503,0.004895527687939708,0.0009594758351643881,3.46991647531741e-05,0.9995191475895391,0.9966772690488183,"OrderedDict([('reg_alpha', 0.9995191475895391), ('reg_lambda', 0.9966772690488183)])",BO for 2 group,2
0.8363020718584449,0.7202171242942637,0.3337094285326827,0.6300762082284638,0.21485480344204608,36,0.45560630162556964,0.004118490508375535,0.0010826587677001953,0.00017416538398995485,0.012053767451622125,0.9894943007920326,"OrderedDict([('reg_alpha', 0.012053767451622125), ('reg_lambda', 0.9894943007920326)])",BO for 2 group,2
0.8362951824755664,0.7221573661912639,0.33634253922447443,0.6315983626304349,0.2139140968050588,29,0.4559635321299235,0.0014812137988743624,0.000964959462483724,5.348316800799916e-05,0.00044971415829919714,0.9948229530018512,"OrderedDict([('reg_alpha', 0.00044971415829919714), ('reg_lambda', 0.9948229530018512)])",BO for 2 group,2
0.84805421747149,0.6575813547551348,0.3003034587400999,0.6019796769889082,0.22704828172368663,235,0.4501618544260661,0.006147674468340481,0.0009644031524658203,3.3519651209443265e-05,0.9859764439427143,0.00033758938223693585,"OrderedDict([('reg_alpha', 0.9859764439427143), ('reg_lambda', 0.00033758938223693585)])",BO for 2 group,2
0.8373536955462425,0.7211738443812965,0.336346936405028,0.631624825444189,0.2141124521845854,23,0.4559243520100911,0.005057999178247702,0.0009717146555582682,3.6714052834179334e-05,0.005400082670047769,0.995937796369032,"OrderedDict([('reg_alpha', 0.005400082670047769), ('reg_lambda', 0.995937796369032)])",BO for 2 group,2
0.8487078040447112,0.7152548182883998,0.31957682224945594,0.6278464815275223,0.22468505657976742,68,0.4529572327931722,0.004322597950285087,0.0009411970774332682,1.5174530433252434e-05,0.9939899428548081,0.9998163385921895,"OrderedDict([('reg_alpha', 0.9939899428548081), ('reg_lambda', 0.9998163385921895)])",BO for 2 group,2
0.8373418330020863,0.7211736727153679,0.3363422222581667,0.6316192426585403,0.21411079600445526,26,0.45538878440856934,0.005737889419295098,0.0009717146555582682,3.6332745564698457e-05,0.0026030503431860867,0.9949332249346632,"OrderedDict([('reg_alpha', 0.0026030503431860867), ('reg_lambda', 0.9949332249346632)])",BO for 2 group,2
0.848710174839449,0.7152486028126088,0.3195730717742913,0.627843949808783,0.22468674265161,69,0.45445744196573895,0.004477681187207919,0.0009267330169677734,5.939765593546166e-06,0.9958715813104461,0.9994431824907599,"OrderedDict([('reg_alpha', 0.9958715813104461), ('reg_lambda', 0.9994431824907599)])",BO for 2 group,2
0.8396804574021609,0.7217339200164099,0.3225915255069649,0.6280019676418452,0.22126078134799732,63,0.4519799550374349,0.0037503690091120483,0.0009246667226155599,1.7162089989129856e-05,0.008678407164969372,0.9987436622076867,"OrderedDict([('reg_alpha', 0.008678407164969372), ('reg_lambda', 0.9987436622076867)])",BO for 2 group,2
0.8527059581753058,0.696376221045452,0.3393229629297989,0.6294683807168523,0.2148612254066798,39,0.45323936144510907,0.004647557549510194,0.0010026295979817708,9.343865802099915e-05,0.0019900413078259853,0.6771374757664732,"OrderedDict([('reg_alpha', 0.0019900413078259853), ('reg_lambda', 0.6771374757664732)])",BO for 2 group,2
0.8320455254560624,0.6870228731152409,0.3172344878144142,0.6121009621285726,0.2167449663834408,216,0.4521936575571696,0.004857613526930228,0.0009373823801676432,1.0763805995519648e-05,0.9998361878944791,0.632099577205471,"OrderedDict([('reg_alpha', 0.9998361878944791), ('reg_lambda', 0.632099577205471)])",BO for 2 group,2
0.8392364956319127,0.7217459117424069,0.3132835909131898,0.6247553327625032,0.22540629066001125,116,0.45359158515930176,0.0026987263270305834,0.0009363492329915365,2.3468054231378875e-05,0.0036170693819418407,0.9987870613896194,"OrderedDict([('reg_alpha', 0.0036170693819418407), ('reg_lambda', 0.9987870613896194)])",BO for 2 group,2
0.8380424002677451,0.7204033894323878,0.32932201068740075,0.6292559334625113,0.21745498038449212,43,0.4513551394144694,0.003625055231642557,0.0009123484293619791,1.3551928659930355e-05,0.0011681200449084053,0.9898903035475891,"OrderedDict([('reg_alpha', 0.0011681200449084053), ('reg_lambda', 0.9898903035475891)])",BO for 2 group,2
0.854771643199829,0.6547654680119537,0.28364041506862636,0.5977258420934697,0.23662608919327333,241,0.45212022463480633,0.004782677625149144,0.0009319782257080078,2.368237880985155e-06,0.005953659135428337,5.171283760185831e-05,"OrderedDict([('reg_alpha', 0.005953659135428337), ('reg_lambda', 5.171283760185831e-05)])",BO for 2 group,2
0.8513300092872558,0.6935841190816833,0.3342023693025167,0.6263721658904852,0.2163998367187898,93,0.45267343521118164,0.004952641534882141,0.0010114510854085286,2.7317632303615655e-05,0.0016913689376614198,0.6822737767897474,"OrderedDict([('reg_alpha', 0.0016913689376614198), ('reg_lambda', 0.6822737767897474)])",BO for 2 group,2
0.8459569592514573,0.6905405456823456,0.32988222039514825,0.6221265751096504,0.21616912753450418,153,0.4515560468037923,0.0060816742259124715,0.0009404023488362631,3.566959389208177e-05,0.0010935727546325105,0.6896069072535483,"OrderedDict([('reg_alpha', 0.0010935727546325105), ('reg_lambda', 0.6896069072535483)])",BO for 2 group,2
0.8495810500127371,0.693232566500506,0.3245492320677401,0.6224542828603278,0.22010872546682358,147,0.45249366760253906,0.0039046560411961214,0.0009411970774332682,3.789397291813061e-05,0.9997675251078499,0.668325306574212,"OrderedDict([('reg_alpha', 0.9997675251078499), ('reg_lambda', 0.668325306574212)])",BO for 2 group,2
0.8445054264502472,0.6878823402229397,0.34672424482136643,0.6263706704981845,0.207820900986413,94,0.450708548227946,0.004866605605532288,0.0009810129801432292,3.6310835635399706e-05,0.005276741974665434,0.6875417553538937,"OrderedDict([('reg_alpha', 0.005276741974665434), ('reg_lambda', 0.6875417553538937)])",BO for 2 group,2
0.8513376122301073,0.6895523439034563,0.3475874294327711,0.6294924618554449,0.20999437094170437,38,0.4515968958536784,0.0053967616445264755,0.0009734630584716797,2.0360258002922898e-05,0.0011486351701549549,0.6864823122280607,"OrderedDict([('reg_alpha', 0.0011486351701549549), ('reg_lambda', 0.6864823122280607)])",BO for 2 group,2
0.8353964739571259,0.6900384589426906,0.3101806809611015,0.6118718712869726,0.22142781949944013,217,0.4501473903656006,0.006293799791793087,0.0009895165761311848,4.850683787848881e-05,0.0012333389139957964,0.7095134453492504,"OrderedDict([('reg_alpha', 0.0012333389139957964), ('reg_lambda', 0.7095134453492504)])",BO for 2 group,2
0.843624998163232,0.7106486303053494,0.32067472110761286,0.6249827831920648,0.22192074574701165,115,0.4504971504211426,0.007274616623620689,0.0009003480275472006,2.2348977730412885e-05,0.9758395346638963,0.9991836725543599,"OrderedDict([('reg_alpha', 0.9758395346638963), ('reg_lambda', 0.9991836725543599)])",BO for 2 group,2
0.836531289885941,0.7211911040136381,0.33635775896718034,0.6313600509555864,0.21384668001175355,32,0.45179065068562824,0.0036480923994562336,0.0009187062581380209,2.173346606023988e-05,0.002411217555037149,0.9974947192327501,"OrderedDict([('reg_alpha', 0.002411217555037149), ('reg_lambda', 0.9974947192327501)])",BO for 2 group,2
0.8484362329710766,0.6858050508558118,0.32204771646612684,0.6187630000976717,0.220063922538374,189,0.4538723627726237,0.0066378118915074525,0.0010013580322265625,2.6282336768189754e-05,0.9982754849652237,0.6567132801011858,"OrderedDict([('reg_alpha', 0.9982754849652237), ('reg_lambda', 0.6567132801011858)])",BO for 2 group,2
0.8362969970522273,0.7221636168927656,0.33634868144669583,0.6316030984638962,0.2139127317276545,28,0.4503778616587321,0.005480803475555211,0.0010683536529541016,0.00012107673873907086,4.366073409112215e-05,0.995655464508977,"OrderedDict([('reg_alpha', 4.366073409112215e-05), ('reg_lambda', 0.995655464508977)])",BO for 2 group,2
0.840849647505108,0.7152565649977449,0.31957476867308077,0.6252269937253112,0.22212739228193634,111,0.452581246693929,0.007963739859791619,0.0011101563771565754,0.0001124969138057396,0.9909543512843497,0.9991618561890522,"OrderedDict([('reg_alpha', 0.9909543512843497), ('reg_lambda', 0.9991618561890522)])",BO for 2 group,2
0.8497793709223112,0.6875111603277416,0.3392426908687244,0.6255110740395925,0.21298659338846984,108,0.4520572821299235,0.004025770128896697,0.0009753704071044922,2.9185264840719213e-05,0.0005043117095899775,0.6946906955586576,"OrderedDict([('reg_alpha', 0.0005043117095899775), ('reg_lambda', 0.6946906955586576)])",BO for 2 group,2
0.8373335413689016,0.7265269091919099,0.3363245765493771,0.6333950090367294,0.2148761795814336,3,0.45059768358866376,0.006845992292755572,0.0009654362996419271,6.180802083735024e-05,0.003120769002388225,0.9922766606101276,"OrderedDict([('reg_alpha', 0.003120769002388225), ('reg_lambda', 0.9922766606101276)])",BO for 2 group,2
0.8559909640215357,0.6906589470000088,0.32443939749978423,0.6236964361737763,0.22211070867181978,127,0.454012393951416,0.005824184024596091,0.0009761651357014974,3.862936924403784e-05,0.9996250490307493,0.650725426319465,"OrderedDict([('reg_alpha', 0.9996250490307493), ('reg_lambda', 0.650725426319465)])",BO for 2 group,2
0.8513295041245812,0.6954302437282329,0.33419882898986564,0.6269861922808933,0.21659405181924432,80,0.45373018582661945,0.00617940716555914,0.0009766419728597004,1.942522191041589e-05,0.0020964113433936675,0.6817433589262493,"OrderedDict([('reg_alpha', 0.0020964113433936675), ('reg_lambda', 0.6817433589262493)])",BO for 2 group,2
0.8459590650280401,0.6905506326345292,0.3298914675740031,0.6221337217455241,0.216166751308939,152,0.45031364758809406,0.006331254062626139,0.0009600321451822916,3.691631957891311e-05,0.0005768560421720582,0.6908611248366763,"OrderedDict([('reg_alpha', 0.0005768560421720582), ('reg_lambda', 0.6908611248366763)])",BO for 2 group,2
0.8396960447770785,0.7218072223612308,0.32258273418842487,0.6280286671089114,0.22128014983409391,54,0.4501737753550212,0.006120909185243693,0.0009477933247884115,5.1363328284157226e-05,0.014019385293649215,0.9991615602718616,"OrderedDict([('reg_alpha', 0.014019385293649215), ('reg_lambda', 0.9991615602718616)])",BO for 2 group,2
0.8604760962326049,0.6860675629195405,0.32194091558543647,0.622828191579194,0.22435752533892755,139,0.4512091477711995,0.0066195659642464865,0.0009917418162027996,8.496722893030034e-05,0.9966190339442186,0.6418485741639286,"OrderedDict([('reg_alpha', 0.9966190339442186), ('reg_lambda', 0.6418485741639286)])",BO for 2 group,2
0.8438190849847019,0.7131159391135249,0.32067794071447964,0.625870988270902,0.2223029843745365,102,0.45386632283528644,0.005287030289123342,0.0009346803029378256,1.6805080683274097e-05,0.9802987875273647,0.9997276750168341,"OrderedDict([('reg_alpha', 0.9802987875273647), ('reg_lambda', 0.9997276750168341)])",BO for 2 group,2
0.851326881372494,0.6954187067447595,0.33418904853884124,0.6269782122186983,0.21659633808108056,81,0.4534642696380615,0.006949126119629109,0.0010651747385660808,0.00010873705403320212,0.002240860650560617,0.6804811659553376,"OrderedDict([('reg_alpha', 0.002240860650560617), ('reg_lambda', 0.6804811659553376)])",BO for 2 group,2
0.8491838570949831,0.6377077373365936,0.2965643456344622,0.5944853133553464,0.22766673679280602,243,0.4506208101908366,0.006142958242933377,0.0010196367899576824,3.517048936103412e-05,0.9891421876807506,0.0032390537742096335,"OrderedDict([('reg_alpha', 0.9891421876807506), ('reg_lambda', 0.0032390537742096335)])",BO for 2 group,2
0.8541336088312477,0.6923565008496761,0.3102178717168861,0.6189026604659366,0.22804631440492482,186,0.45177658398946124,0.007564201272775965,0.0009685357411702474,3.251032553752958e-05,0.0022894651884974864,0.7137393725952683,"OrderedDict([('reg_alpha', 0.0022894651884974864), ('reg_lambda', 0.7137393725952683)])",BO for 2 group,2
0.8539192999809042,0.6906271708829186,0.32459863630636,0.6230483690567276,0.2213146509541151,136,0.4511417547861735,0.007943014968966293,0.0009795824686686199,4.1150214873336386e-05,0.9991375860444068,0.6742509021950899,"OrderedDict([('reg_alpha', 0.9991375860444068), ('reg_lambda', 0.6742509021950899)])",BO for 2 group,2
0.839600533708653,0.7211818759392681,0.3363560950301856,0.6323795015593688,0.2148303788834845,13,0.4535082181294759,0.005229305485454412,0.001042763392130534,2.7701963585489138e-05,0.006526028480638215,0.9975150681305964,"OrderedDict([('reg_alpha', 0.006526028480638215), ('reg_lambda', 0.9975150681305964)])",BO for 2 group,2
0.8396901094293865,0.7218071339365194,0.3225831758940376,0.6280268064199811,0.2212780416119274,55,0.4516081015268962,0.004410826576302263,0.0009592374165852865,3.755494168591735e-05,0.012422360825507076,0.9986268178426535,"OrderedDict([('reg_alpha', 0.012422360825507076), ('reg_lambda', 0.9986268178426535)])",BO for 2 group,2
0.8436409425694535,0.7130920147045783,0.31370514390154136,0.6234793670585245,0.22543411105546463,134,0.45282737414042157,0.004219430078866969,0.0009415944417317709,2.391908641438054e-05,0.9840579916862252,0.997899320850531,"OrderedDict([('reg_alpha', 0.9840579916862252), ('reg_lambda', 0.997899320850531)])",BO for 2 group,2
0.8447541196643034,0.7152447782100272,0.3195737400361077,0.6265242126368128,0.22339369112746105,91,0.4539330800374349,0.004969367484022604,0.0009891192118326824,1.346214883289863e-05,0.9995017353089192,0.9999636541591185,"OrderedDict([('reg_alpha', 0.9995017353089192), ('reg_lambda', 0.9999636541591185)])",BO for 2 group,2
0.8396952203315129,0.7218146007598785,0.3225892669959397,0.6280330293624438,0.22127792342678038,49,0.4500269889831543,0.005334720754388311,0.0009342829386393229,2.050984962014196e-05,0.012848396751946493,0.9998872111254229,"OrderedDict([('reg_alpha', 0.012848396751946493), ('reg_lambda', 0.9998872111254229)])",BO for 2 group,2
0.845951958168665,0.6878974717248099,0.3467301195996969,0.6268598498310572,0.20832635373515715,84,0.4509265422821045,0.008944869409230569,0.0011222362518310547,0.00021696675820198256,0.00027198212916423886,0.6884428274803821,"OrderedDict([('reg_alpha', 0.00027198212916423886), ('reg_lambda', 0.6884428274803821)])",BO for 2 group,2
0.8449883872164602,0.6796886160469864,0.33529970040793944,0.6199922345571286,0.212317973548144,175,0.4526739915211995,0.008522994471620738,0.0009494622548421224,4.6705030594659484e-05,0.999068660052172,0.5890232257596546,"OrderedDict([('reg_alpha', 0.999068660052172), ('reg_lambda', 0.5890232257596546)])",BO for 2 group,2
0.8472264402570142,0.694583517116683,0.33416478249653747,0.6253249132900782,0.21510560479136767,110,0.45503004391988117,0.005813316306749433,0.0010201136271158855,1.2581836336239688e-05,0.0008069701793144148,0.7342897281588704,"OrderedDict([('reg_alpha', 0.0008069701793144148), ('reg_lambda', 0.7342897281588704)])",BO for 2 group,2
0.8514035139271805,0.6445039040409046,0.29917150583881347,0.5983596412689662,0.22779671848587849,239,0.4505034287770589,0.00593644886941378,0.0009307066599527994,1.8065703621975084e-05,0.007313039759299535,0.0006910232174847098,"OrderedDict([('reg_alpha', 0.007313039759299535), ('reg_lambda', 0.0006910232174847098)])",BO for 2 group,2
0.8486424070502447,0.6838413551774414,0.3331333875612137,0.6218723832629666,0.21496899373900144,155,0.4506247043609619,0.006436642545349591,0.0009561379750569662,1.2541109362908324e-05,0.9986344052910057,0.4426739173384324,"OrderedDict([('reg_alpha', 0.9986344052910057), ('reg_lambda', 0.4426739173384324)])",BO for 2 group,2
0.8517474762907604,0.6847039835938882,0.3339890264516997,0.6234801621121161,0.21576178273358285,133,0.4508230686187744,0.006116383279736146,0.0009804566701253254,2.5647703112133223e-05,0.0022225411922714993,0.4428456402384907,"OrderedDict([('reg_alpha', 0.0022225411922714993), ('reg_lambda', 0.4428456402384907)])",BO for 2 group,2
0.858206091830643,0.7063777794787355,0.3034058189329567,0.6226632300807784,0.23410386589078225,142,0.44965410232543945,0.00614840362961958,0.0010103384653727214,0.00013577588622683476,0.0014162104099958441,0.850472536764572,"OrderedDict([('reg_alpha', 0.0014162104099958441), ('reg_lambda', 0.850472536764572)])",BO for 2 group,2
0.8371112466376065,0.688074295047973,0.3209302237521927,0.6153719218125907,0.2169100249754886,207,0.4523138999938965,0.004833034812639409,0.0011244614919026692,0.0001408877409214133,0.0012184993533255197,0.48801483738961615,"OrderedDict([('reg_alpha', 0.0012184993533255197), ('reg_lambda', 0.48801483738961615)])",BO for 2 group,2
0.8555288370735982,0.6754846082043291,0.33049108547235095,0.6205015102500927,0.21784324019365714,167,0.45342079798380536,0.004426042304334603,0.0009801387786865234,2.0208934081455623e-05,0.9971479954005772,0.3551992064064495,"OrderedDict([('reg_alpha', 0.9971479954005772), ('reg_lambda', 0.3551992064064495)])",BO for 2 group,2
0.8538040681007828,0.7045070968982226,0.3101279064344137,0.6228130238111397,0.22934890941421865,140,0.4506839911142985,0.005893031075379437,0.0009383360544840494,2.3080538508054286e-05,0.010695760339026085,0.857147181311748,"OrderedDict([('reg_alpha', 0.010695760339026085), ('reg_lambda', 0.857147181311748)])",BO for 2 group,2
0.8591426318676887,0.7204817108010402,0.3095149404996983,0.6297130943894756,0.23338359850052162,37,0.45193036397298175,0.007909658838384435,0.0009806156158447266,5.424254101577466e-05,0.014581331526155154,0.8583414371745364,"OrderedDict([('reg_alpha', 0.014581331526155154), ('reg_lambda', 0.8583414371745364)])",BO for 2 group,2
0.8488832597542746,0.6839564631038197,0.3282661856798553,0.6203686361793165,0.21724501260740567,170,0.454039732615153,0.006546255281798102,0.000949859619140625,2.77959664188188e-05,0.9954200591414182,0.38475290058295275,"OrderedDict([('reg_alpha', 0.9954200591414182), ('reg_lambda', 0.38475290058295275)])",BO for 2 group,2
0.8456559912276234,0.6822160463903819,0.31189255491428813,0.6132548641774311,0.22329738761781462,212,0.4501945972442627,0.006218125539342674,0.0009668668111165365,4.428913449489668e-05,0.0006640787922138626,0.4681381984098606,"OrderedDict([('reg_alpha', 0.0006640787922138626), ('reg_lambda', 0.4681381984098606)])",BO for 2 group,2
0.8424444740049771,0.7086845401372313,0.3166192006184385,0.6225827382535489,0.22313403258836706,145,0.4594678084055583,0.004471168728187718,0.0009492238362630209,3.957907993924322e-05,0.9995889772815818,0.840990447650318,"OrderedDict([('reg_alpha', 0.9995889772815818), ('reg_lambda', 0.840990447650318)])",BO for 2 group,2
0.8492961712874937,0.6725760982568247,0.3096058222225265,0.610492697255615,0.22465852566116765,221,0.4580954710642497,0.004079602093748928,0.0010486443837483723,6.778312836947146e-05,0.9993380193087356,0.34955234686378184,"OrderedDict([('reg_alpha', 0.9993380193087356), ('reg_lambda', 0.34955234686378184)])",BO for 2 group,2
0.8582024186981254,0.7063739928573396,0.2965453510935335,0.6203739208829995,0.23722236359196974,169,0.45598562558492023,0.004997719530841563,0.0009485085805257162,2.6521559095469793e-05,0.001268959093068678,0.8465758071274005,"OrderedDict([('reg_alpha', 0.001268959093068678), ('reg_lambda', 0.8465758071274005)])",BO for 2 group,2
0.8438733004476694,0.7084575928192676,0.32030405054955735,0.6242116479388314,0.22189220247876526,123,0.4503391583760579,0.006002915592481529,0.0009569327036539713,5.6585234199943463e-05,0.9998079906837845,0.8476002377397738,"OrderedDict([('reg_alpha', 0.9998079906837845), ('reg_lambda', 0.8476002377397738)])",BO for 2 group,2
0.8537897660135656,0.7045187236785,0.30404835060388335,0.620785613431983,0.23210964545206753,164,0.4567069212595622,0.0058311465154380435,0.0009537537892659506,5.8002013186862055e-05,0.0016133896097083604,0.857426960901605,"OrderedDict([('reg_alpha', 0.0016133896097083604), ('reg_lambda', 0.857426960901605)])",BO for 2 group,2
0.845378004215028,0.6859208176350929,0.3365147439550118,0.6226045219350442,0.21251222613690604,143,0.4546932379404704,0.004344700357595918,0.0009938875834147136,3.0873339296695565e-05,0.001592619553316355,0.4330996945872744,"OrderedDict([('reg_alpha', 0.001592619553316355), ('reg_lambda', 0.4330996945872744)])",BO for 2 group,2
0.8582063219281927,0.7032883577196258,0.32103289220347364,0.6275091906170974,0.22575161132775864,76,0.45798468589782715,0.006807271434415636,0.0009424686431884766,2.6532035337912666e-05,0.0020836006345577034,0.8586228640127024,"OrderedDict([('reg_alpha', 0.0020836006345577034), ('reg_lambda', 0.8586228640127024)])",BO for 2 group,2
0.8448640865216445,0.7127727613560066,0.32270612940028487,0.6267809924259787,0.22167268857345265,85,0.45517969131469727,0.0047438477420600166,0.0009336471557617188,4.401519512184467e-05,0.99801256248988,0.8535943115275654,"OrderedDict([('reg_alpha', 0.99801256248988), ('reg_lambda', 0.8535943115275654)])",BO for 2 group,2
0.8554206328199367,0.6678328717207357,0.31049011652298475,0.6112478736878857,0.2260364475030504,219,0.4555181662241618,0.005121164486233273,0.0009467601776123047,1.7219038090961255e-05,0.997705013445206,0.3271347540308836,"OrderedDict([('reg_alpha', 0.997705013445206), ('reg_lambda', 0.3271347540308836)])",BO for 2 group,2
0.8424425443726123,0.7069724487907211,0.3166273807042488,0.6220141246225274,0.22291079564106342,154,0.4563206036885579,0.00613627663262695,0.0009171168009440104,8.47271633455125e-06,0.9984061997658111,0.8421401872783165,"OrderedDict([('reg_alpha', 0.9984061997658111), ('reg_lambda', 0.8421401872783165)])",BO for 2 group,2
0.8515361031793789,0.6690206378156243,0.30741276386441585,0.609323168286473,0.22611264596502123,225,0.45678091049194336,0.005247666675309946,0.0009686946868896484,3.396439815985612e-05,0.0029374145339078348,0.46464321696412847,"OrderedDict([('reg_alpha', 0.0029374145339078348), ('reg_lambda', 0.46464321696412847)])",BO for 2 group,2
0.8413515753629528,0.7097364775018042,0.31785488499447323,0.6229809792864102,0.2223467015865671,137,0.4561637242635091,0.004768841173308279,0.0009558200836181641,3.156023258614632e-05,0.0018644572945241138,0.83866839676485,"OrderedDict([('reg_alpha', 0.0018644572945241138), ('reg_lambda', 0.83866839676485)])",BO for 2 group,2
0.8578804469836148,0.7096255260452596,0.30663471440373213,0.6247135624775355,0.23291700322872916,118,0.45506755510965985,0.004622067446948129,0.0009335676829020182,3.7659235744176275e-05,0.9988835892207377,0.8127135311863372,"OrderedDict([('reg_alpha', 0.9988835892207377), ('reg_lambda', 0.8127135311863372)])",BO for 2 group,2
0.8454778743297882,0.7152524004987612,0.31957349139683633,0.6267679220751284,0.22363062132073794,87,0.45765042304992676,0.004991769743201797,0.0009656747182210287,5.831802704074937e-05,0.9934681503439816,0.9992876826258178,"OrderedDict([('reg_alpha', 0.9934681503439816), ('reg_lambda', 0.9992876826258178)])",BO for 2 group,2
0.8396724778444956,0.7217396593974432,0.3225965627351979,0.6280028999923789,0.22125672953133216,62,0.45613884925842285,0.00519883474346511,0.0009539922078450521,2.141111527167578e-05,0.005895837361095115,0.9986192648056801,"OrderedDict([('reg_alpha', 0.005895837361095115), ('reg_lambda', 0.9986192648056801)])",BO for 2 group,2
0.849294419512571,0.6727586779740511,0.3075729472983936,0.6098753482616718,0.2255826134424087,224,0.4576212565104167,0.005196918451911042,0.000957330067952474,1.951475448540662e-05,0.9980062892335434,0.3490319136239967,"OrderedDict([('reg_alpha', 0.9980062892335434), ('reg_lambda', 0.3490319136239967)])",BO for 2 group,2
0.8449361210684582,0.7130872524061094,0.3261663964411502,0.6280632566385727,0.22015497070576115,47,0.46042919158935547,0.007472026251742874,0.0009325345357259115,4.406954595487937e-05,0.9890564472949569,0.9970149960002469,"OrderedDict([('reg_alpha', 0.9890564472949569), ('reg_lambda', 0.9970149960002469)])",BO for 2 group,2
0.8487094718066802,0.7148858477471981,0.3195760678495132,0.6277237958011305,0.2246381642707688,71,0.4584004878997803,0.00577356703488806,0.0009966691335042317,6.710719520066021e-05,0.9951793330213118,0.9998023925419133,"OrderedDict([('reg_alpha', 0.9951793330213118), ('reg_lambda', 0.9998023925419133)])",BO for 2 group,2
0.8406732763823491,0.7033834733749179,0.3100758414195034,0.6180441970589236,0.22486366767279392,193,0.45554200808207196,0.004076848494930427,0.0010772546132405598,0.00016333445725795587,0.0030032240231708815,0.8425966556357459,"OrderedDict([('reg_alpha', 0.0030032240231708815), ('reg_lambda', 0.8425966556357459)])",BO for 2 group,2
0.8396916060596595,0.7218148314590656,0.32258968053981485,0.6280320393528466,0.22127661333801404,50,0.4568968613942464,0.006286291500398954,0.0009596347808837891,4.1494879839643456e-05,0.011901868586334467,0.9995920266470762,"OrderedDict([('reg_alpha', 0.011901868586334467), ('reg_lambda', 0.9995920266470762)])",BO for 2 group,2
0.8448623338542793,0.7086775007376355,0.3226883496840385,0.6254093947586511,0.2211584658731551,109,0.4584098656972249,0.006954844246513566,0.0009775956471761067,5.309024965356385e-05,0.9969349723154158,0.8505547555100129,"OrderedDict([('reg_alpha', 0.9969349723154158), ('reg_lambda', 0.8505547555100129)])",BO for 2 group,2
0.8486776162260052,0.6640860665803009,0.3024404540501088,0.605068045618805,0.22687162953845777,232,0.45699270566304523,0.006388905353613354,0.0010213057200113933,9.265833381505494e-05,0.9993504336552654,0.001777031094993387,"OrderedDict([('reg_alpha', 0.9993504336552654), ('reg_lambda', 0.001777031094993387)])",BO for 2 group,2
0.8493532103378877,0.7258453272351539,0.31518228602907694,0.6301269412007061,0.22833623038991127,35,0.4573625723520915,0.004774803041685341,0.0009481906890869141,3.002938555495031e-05,0.027758418546262494,0.9990880796454196,"OrderedDict([('reg_alpha', 0.027758418546262494), ('reg_lambda', 0.9990880796454196)])",BO for 2 group,2
0.8449357049085736,0.7130868067690821,0.32616596589065516,0.6280628258561035,0.22015497348897617,48,0.4579833348592122,0.006526985806578686,0.0009926954905192058,7.905204942933355e-05,0.9887609632720121,0.9968966842283383,"OrderedDict([('reg_alpha', 0.9887609632720121), ('reg_lambda', 0.9968966842283383)])",BO for 2 group,2
0.8392365722939383,0.7221812130005307,0.3226080619254974,0.6280086157399888,0.22117506337360265,56,0.46023742357889813,0.003953748434544559,0.0010191599527994792,4.36778383172144e-05,0.0028520027330752877,0.9995340248116928,"OrderedDict([('reg_alpha', 0.0028520027330752877), ('reg_lambda', 0.9995340248116928)])",BO for 2 group,2
0.8408530237011866,0.7125948507012848,0.3032452402157271,0.6188977048727329,0.22925953061737678,187,0.4565572738647461,0.006043243352518947,0.0009286403656005859,2.685641811780763e-05,0.9929481322054426,0.9984165821265959,"OrderedDict([('reg_alpha', 0.9929481322054426), ('reg_lambda', 0.9984165821265959)])",BO for 2 group,2
0.8437248708771431,0.7092688807578844,0.31110066543286186,0.6213648056892964,0.22615257514420942,156,0.4575950304667155,0.0071896898102811685,0.0009345213572184244,8.038945907848226e-06,0.9976662946141105,0.804515194054463,"OrderedDict([('reg_alpha', 0.9976662946141105), ('reg_lambda', 0.804515194054463)])",BO for 2 group,2
0.8348075114985081,0.6831650193421246,0.36586553460327875,0.6279460218146372,0.1953859389167278,65,0.4547356764475505,0.005204202060195595,0.0009741783142089844,4.779009079926631e-05,0.00011812215029383125,0.4204993354875788,"OrderedDict([('reg_alpha', 0.00011812215029383125), ('reg_lambda', 0.4204993354875788)])",BO for 2 group,2
0.8423865183331343,0.703858770830227,0.3215307116637557,0.6225920002757056,0.22026636728072851,144,0.4582994778951009,0.0040447047291798845,0.0009713172912597656,3.660378775703163e-05,0.008218131947370979,0.8280471412915016,"OrderedDict([('reg_alpha', 0.008218131947370979), ('reg_lambda', 0.8280471412915016)])",BO for 2 group,2
0.8424351234336991,0.6804285307630215,0.3252910280707719,0.6160515607558308,0.21597499784722787,203,0.45573846499125165,0.005400812816385595,0.000950018564860026,3.7240307055988114e-05,0.00018615819047607124,0.4980028725137289,"OrderedDict([('reg_alpha', 0.00018615819047607124), ('reg_lambda', 0.4980028725137289)])",BO for 2 group,2
0.8391921935346949,0.7211838244537994,0.33635260544042067,0.632242874476305,0.21470100492837196,18,0.45554224650065106,0.004794359028649952,0.0009697278340657552,4.032838499994419e-05,0.0034265187104276515,0.9967252686723924,"OrderedDict([('reg_alpha', 0.0034265187104276515), ('reg_lambda', 0.9967252686723924)])",BO for 2 group,2
0.8365284695464115,0.7221783437901265,0.33636275544012184,0.6316898562588866,0.21398218021388632,20,0.4593019485473633,0.004369938232717964,0.0009482701619466146,2.8427076430686725e-05,0.0003284485147280192,0.998219628829931,"OrderedDict([('reg_alpha', 0.0003284485147280192), ('reg_lambda', 0.998219628829931)])",BO for 2 group,2
0.854765744875788,0.6586185195400114,0.28365023628612973,0.5990115002339763,0.23693596687828064,238,0.4544547398885091,0.004446887264761008,0.000934441884358724,1.2450128003277497e-05,0.003108073975572113,0.0005587623814438115,"OrderedDict([('reg_alpha', 0.003108073975572113), ('reg_lambda', 0.0005587623814438115)])",BO for 2 group,2
0.8413498752316428,0.7067395421156356,0.31018973211571077,0.6194263831543297,0.2254631754183464,181,0.4561479886372884,0.005665445401983313,0.0009492238362630209,5.4546062793483984e-05,0.0006112968530136432,0.8413629149260481,"OrderedDict([('reg_alpha', 0.0006112968530136432), ('reg_lambda', 0.8413629149260481)])",BO for 2 group,2
0.8439371555013687,0.6817608640207078,0.30725939166415916,0.6109858037287452,0.22474072085972777,220,0.4591527779897054,0.00464907677617992,0.0010512669881184895,9.766674492408011e-05,0.9983601898881048,0.49894969007323664,"OrderedDict([('reg_alpha', 0.9983601898881048), ('reg_lambda', 0.49894969007323664)])",BO for 2 group,2
0.8519817070470231,0.6631312119818128,0.3388999253982744,0.6180042814757035,0.21188134817650653,195,0.4545763333638509,0.004283698492779084,0.0009261767069498698,1.1291300747449933e-05,0.0008470524838325446,0.31519066167505555,"OrderedDict([('reg_alpha', 0.0008470524838325446), ('reg_lambda', 0.31519066167505555)])",BO for 2 group,2
0.8487109837062967,0.7152463983678503,0.31957144854605135,0.6278429435400662,0.22468746420198066,70,0.45709021886189777,0.004906041321787926,0.0009320576985677084,1.1690346907266713e-05,0.9965703698370673,0.9993186275858821,"OrderedDict([('reg_alpha', 0.9965703698370673), ('reg_lambda', 0.9993186275858821)])",BO for 2 group,2
0.8413495114585032,0.7054160586736227,0.3101789390264893,0.6189815030528717,0.22529794134058104,185,0.4568898677825928,0.006567212165790237,0.0011947949727376301,0.00037204027326569606,0.00015835501237559948,0.8398260239985174,"OrderedDict([('reg_alpha', 0.00015835501237559948), ('reg_lambda', 0.8398260239985174)])",BO for 2 group,2
0.8531328359511654,0.666444571376976,0.3362562194734622,0.6186112089338679,0.21370756044545233,190,0.4574291706085205,0.0033736185864622114,0.0009425481160481771,1.3685494116433408e-05,0.9985742780429765,0.2714772158611049,"OrderedDict([('reg_alpha', 0.9985742780429765), ('reg_lambda', 0.2714772158611049)])",BO for 2 group,2
0.8396984397519535,0.7218103686595014,0.3225850031509495,0.6280312705208014,0.22128031395209422,53,0.4586373170216878,0.005066846667814801,0.0010251998901367188,2.7784375532704468e-05,0.014298527886424498,0.999708485887393,"OrderedDict([('reg_alpha', 0.014298527886424498), ('reg_lambda', 0.999708485887393)])",BO for 2 group,2
0.8396885978524711,0.7217386682078122,0.3225954447378303,0.6280075702660378,0.22126224454334453,58,0.4567572275797526,0.005647051407459122,0.0009117921193440756,1.69264131737746e-05,0.0103143977139345,0.9999954441436387,"OrderedDict([('reg_alpha', 0.0103143977139345), ('reg_lambda', 0.9999954441436387)])",BO for 2 group,2
0.8513406130666631,0.6754659669640801,0.33135322463537864,0.619386601555374,0.2159558480343907,182,0.45758692423502606,0.005019036643905534,0.0009458065032958984,5.4960869478892993e-05,0.0019487868153478254,0.2792102356858414,"OrderedDict([('reg_alpha', 0.0019487868153478254), ('reg_lambda', 0.2792102356858414)])",BO for 2 group,2
0.845586240033638,0.6850290091579501,0.34750529961420384,0.626040182935264,0.2075747528267422,100,0.4584936300913493,0.004559827491643502,0.0009958744049072266,3.811318172472172e-05,0.002643641748757753,0.5375606401455527,"OrderedDict([('reg_alpha', 0.002643641748757753), ('reg_lambda', 0.5375606401455527)])",BO for 2 group,2
0.8442005145457954,0.7152436915598405,0.3195698793453411,0.6263380284836589,0.22321512574639688,95,0.45899081230163574,0.006821104008598688,0.0009988149007161458,1.771407079082948e-05,0.9974124566759722,0.9991398649578628,"OrderedDict([('reg_alpha', 0.9974124566759722), ('reg_lambda', 0.9991398649578628)])",BO for 2 group,2
0.8521229262269462,0.7125078394341737,0.3108118513325031,0.6251475389978743,0.22946065242953922,113,0.45719218254089355,0.005216228462102771,0.0009182294209798177,9.205825415791665e-06,0.0048363830033547614,0.8703405861669778,"OrderedDict([('reg_alpha', 0.0048363830033547614), ('reg_lambda', 0.8703405861669778)])",BO for 2 group,2
0.8486432009344677,0.6800303255763622,0.3263424671253332,0.6183386645453878,0.21764483287374498,192,0.4598230520884196,0.004759446889174552,0.0011181036631266277,0.0001721949291639677,0.9993235364630451,0.5178088982334862,"OrderedDict([('reg_alpha', 0.9993235364630451), ('reg_lambda', 0.5178088982334862)])",BO for 2 group,2
0.859132499564401,0.711798017075709,0.3047149065751459,0.6252151410717519,0.23447411039293484,112,0.45447301864624023,0.0035707607775138607,0.0008944670359293619,2.3788817003720227e-06,0.001096318354046555,0.8626443430263095,"OrderedDict([('reg_alpha', 0.001096318354046555), ('reg_lambda', 0.8626443430263095)])",BO for 2 group,2
0.844204262436981,0.700530292481461,0.33326717998410005,0.6260005783008473,0.21514364856725918,101,0.45871663093566895,0.007412299413867846,0.0009232362111409506,2.496029852756801e-05,0.00014104007055582016,0.5054738246998716,"OrderedDict([('reg_alpha', 0.00014104007055582016), ('reg_lambda', 0.5054738246998716)])",BO for 2 group,2
0.848674935434102,0.6733061683658966,0.34102110847539036,0.6210007374251297,0.21052315088192539,162,0.4565412203470866,0.0046125258635179465,0.0009524027506510416,3.964556796143516e-05,5.262969917740891e-05,0.2675600205368987,"OrderedDict([('reg_alpha', 5.262969917740891e-05), ('reg_lambda', 0.2675600205368987)])",BO for 2 group,2
0.8377680175613058,0.6905906895627694,0.32004347795251864,0.6161340616921979,0.21781875769191722,202,0.45792214075724286,0.0058926822124746115,0.0009273687998453776,1.8526553779708107e-05,9.323936292804372e-05,0.5527822312260838,"OrderedDict([('reg_alpha', 9.323936292804372e-05), ('reg_lambda', 0.5527822312260838)])",BO for 2 group,2
0.8396960216601321,0.7218117793421465,0.32258680374391735,0.6280315349153986,0.22127891373714345,52,0.45746318499247235,0.006233407008518518,0.0009281635284423828,3.419956412704679e-05,0.013485719080432394,0.9996830254087171,"OrderedDict([('reg_alpha', 0.013485719080432394), ('reg_lambda', 0.9996830254087171)])",BO for 2 group,2
0.8477970569870144,0.7126482583776014,0.3062770879457535,0.6222408011034565,0.2301319917868791,150,0.4569105307261149,0.003271363859716292,0.0009570121765136719,2.5860082658242206e-05,0.9948339631445962,0.859065487976025,"OrderedDict([('reg_alpha', 0.9948339631445962), ('reg_lambda', 0.859065487976025)])",BO for 2 group,2
0.8615761734985758,0.6505550211134437,0.33641760631304096,0.6161829336416869,0.2157683332804972,201,0.45802585283915204,0.0043690863246269975,0.0009622573852539062,4.2883543311914666e-05,0.9981540315551403,0.24283993246527286,"OrderedDict([('reg_alpha', 0.9981540315551403), ('reg_lambda', 0.24283993246527286)])",BO for 2 group,2
0.854056998146605,0.7158968081208392,0.30689074917055503,0.6256148518126664,0.23232283534018386,104,0.45548105239868164,0.004966385894383746,0.0009634494781494141,2.819058160603768e-05,0.005397008756584999,0.8682282684015808,"OrderedDict([('reg_alpha', 0.005397008756584999), ('reg_lambda', 0.8682282684015808)])",BO for 2 group,2
0.8456668717829714,0.6830942449493664,0.33079574599640005,0.6198522875762459,0.21489955470943556,177,0.460788091023763,0.004621813275778027,0.0010033448537190754,1.329502797723258e-05,0.9976517095291713,0.5381576329339995,"OrderedDict([('reg_alpha', 0.9976517095291713), ('reg_lambda', 0.5381576329339995)])",BO for 2 group,2
0.8396756067183956,0.7217363807993998,0.32259359690360456,0.6280018614738,0.22125862891410863,64,0.4545717239379883,0.003605671092188034,0.0009477138519287109,5.804239793303875e-05,0.007105323288421396,0.998539576086333,"OrderedDict([('reg_alpha', 0.007105323288421396), ('reg_lambda', 0.998539576086333)])",BO for 2 group,2
0.8500073774807809,0.709451428712568,0.28922104659932046,0.6162266175975565,0.23824144095356276,200,0.45949117342631024,0.003968170460271391,0.0010018348693847656,6.619053981416447e-05,0.9993600519037525,0.8575075826258437,"OrderedDict([('reg_alpha', 0.9993600519037525), ('reg_lambda', 0.8575075826258437)])",BO for 2 group,2
0.8515607449245964,0.6695901124658483,0.33741693989839316,0.6195225990962793,0.21286307020079773,180,0.45679155985514325,0.005263303893618029,0.0009316603342692057,1.1014376410846973e-05,0.0024664858049603393,0.2574610414830785,"OrderedDict([('reg_alpha', 0.0024664858049603393), ('reg_lambda', 0.2574610414830785)])",BO for 2 group,2
0.8603695862007249,0.6509991682488325,0.33641189726869725,0.6159268839060849,0.2153376632090661,204,0.45678337415059406,0.004229130761027048,0.0009098052978515625,2.0039456241258687e-05,0.9993399565171195,0.2424723908006638,"OrderedDict([('reg_alpha', 0.9993399565171195), ('reg_lambda', 0.2424723908006638)])",BO for 2 group,2
0.841355156121341,0.6869528581047715,0.325799597555002,0.6180358705937049,0.216042506416157,194,0.45825990041097003,0.007706179818901357,0.0009830792744954426,6.852791283584851e-05,0.0007968037305013944,0.5251026170358418,"OrderedDict([('reg_alpha', 0.0007968037305013944), ('reg_lambda', 0.5251026170358418)])",BO for 2 group,2
0.8549721295025576,0.720019320693238,0.301814017277117,0.6256018224909708,0.23548810621810556,105,0.4585835933685303,0.005855962380827999,0.0009442965189615885,4.657177387564112e-05,0.001447141325391699,0.8740149760265673,"OrderedDict([('reg_alpha', 0.001447141325391699), ('reg_lambda', 0.8740149760265673)])",BO for 2 group,2
0.8534177111571513,0.6637733009601064,0.3289776717198555,0.6153895612790378,0.21681801653366992,206,0.45758922894795734,0.006622618481717624,0.0009667873382568359,3.915149592289609e-05,0.0007708073252779004,0.24310658571335925,"OrderedDict([('reg_alpha', 0.0007708073252779004), ('reg_lambda', 0.24310658571335925)])",BO for 2 group,2
0.8547416168069042,0.7132056976683181,0.30473410915587484,0.6242271412103657,0.2331879817516761,122,0.458049217859904,0.006267184141367275,0.0009546279907226562,3.566888561397181e-05,0.0003929200042326332,0.8654416797102468,"OrderedDict([('reg_alpha', 0.0003929200042326332), ('reg_lambda', 0.8654416797102468)])",BO for 2 group,2
0.8454836571380782,0.7152399659909188,0.3032421337480373,0.6213219189590115,0.2311160128460794,159,0.4586832523345947,0.005946106146967147,0.0010061264038085938,1.3776110763562806e-05,0.9970782613945418,0.9984726173595274,"OrderedDict([('reg_alpha', 0.9970782613945418), ('reg_lambda', 0.9984726173595274)])",BO for 2 group,2
0.8512944205893045,0.6808798781032883,0.3383872926214575,0.6235205304380168,0.2132854137120734,131,0.45644140243530273,0.006010621116358408,0.0010333855946858723,0.0001799484221106669,0.9992148151123884,0.5135465623661849,"OrderedDict([('reg_alpha', 0.9992148151123884), ('reg_lambda', 0.5135465623661849)])",BO for 2 group,2
0.8626254446069688,0.6531641347703916,0.3447108399053992,0.6201668064275866,0.21272126080721682,174,0.4598633448282878,0.007599018807896548,0.0009720325469970703,3.956647129880584e-05,0.9982476388611045,0.22547674397806133,"OrderedDict([('reg_alpha', 0.9982476388611045), ('reg_lambda', 0.22547674397806133)])",BO for 2 group,2
0.8496712315630321,0.6867087655185979,0.3007126317633726,0.6123642096150009,0.23019444073489698,213,0.45537002881368,0.005198352647696832,0.0010309219360351562,0.00014153565212760935,0.0019722028723302425,0.5326699491987164,"OrderedDict([('reg_alpha', 0.0019722028723302425), ('reg_lambda', 0.5326699491987164)])",BO for 2 group,2
0.849003639916211,0.6569671569008693,0.3142479871948566,0.6067395946706456,0.22118319411000117,230,0.455263614654541,0.004653972961182763,0.0009685357411702474,5.302203830744464e-05,0.9996178452421357,0.1948328786020483,"OrderedDict([('reg_alpha', 0.9996178452421357), ('reg_lambda', 0.1948328786020483)])",BO for 2 group,2
0.8397049255290027,0.7218073120798902,0.3152265087262561,0.6255795821117164,0.22466899271906618,107,0.4572279453277588,0.005667392593755399,0.0009263356526692709,2.2226557029460355e-05,0.01642045563987316,0.9999746222175665,"OrderedDict([('reg_alpha', 0.01642045563987316), ('reg_lambda', 0.9999746222175665)])",BO for 2 group,2
0.8518115781934734,0.7169276471779603,0.31815433592369513,0.6289645204317097,0.2265695578359678,46,0.4561803340911865,0.005564994856078262,0.0010186831156412761,0.00011032544780998085,0.0004825727985139362,0.8689804042555939,"OrderedDict([('reg_alpha', 0.0004825727985139362), ('reg_lambda', 0.8689804042555939)])",BO for 2 group,2
0.8495704413759733,0.70948651063236,0.3246236903444861,0.6278935474509398,0.22193892791362219,66,0.45768022537231445,0.006047863890261041,0.0009472370147705078,4.166576421502011e-05,0.9996735915123878,0.8640408452032102,"OrderedDict([('reg_alpha', 0.9996735915123878), ('reg_lambda', 0.8640408452032102)])",BO for 2 group,2
0.8365353829159763,0.721187982238458,0.3363570587254302,0.6313601412932882,0.2138478738950796,31,0.45961809158325195,0.004794656216354933,0.0010294119517008464,1.0811230320767346e-05,0.003838526480123617,0.9974904416095778,"OrderedDict([('reg_alpha', 0.003838526480123617), ('reg_lambda', 0.9974904416095778)])",BO for 2 group,2
0.8487032856022355,0.7152615830378221,0.3195792635057384,0.6278480440485986,0.22468333685264535,67,0.45601193110148114,0.004801840752636958,0.0009512901306152344,4.805696949547986e-05,0.9906389184715534,0.9998540525785464,"OrderedDict([('reg_alpha', 0.9906389184715534), ('reg_lambda', 0.9998540525785464)])",BO for 2 group,2
0.8405015340164618,0.7125917254262473,0.30870008025917517,0.6205977799006281,0.22664268657164416,166,0.45859185854593915,0.003216617326474465,0.0009522438049316406,1.551492607359877e-05,0.9927229841598249,0.997890676480464,"OrderedDict([('reg_alpha', 0.9927229841598249), ('reg_lambda', 0.997890676480464)])",BO for 2 group,2
0.8547416054527259,0.7132070615154997,0.3047365756854463,0.6242284142178907,0.23318702500855512,121,0.45564039548238117,0.004829331472052482,0.0009702841440836588,5.729205015156427e-05,0.00023744628441890741,0.8658021540368923,"OrderedDict([('reg_alpha', 0.00023744628441890741), ('reg_lambda', 0.8658021540368923)])",BO for 2 group,2
0.8392346287992768,0.7221815325670573,0.32260808823919906,0.6280080832018443,0.22117447792301165,57,0.4564813772837321,0.004696303501415175,0.0009515285491943359,4.138743268132959e-05,0.0022604271150078463,0.9993557330853308,"OrderedDict([('reg_alpha', 0.0022604271150078463), ('reg_lambda', 0.9993557330853308)])",BO for 2 group,2
0.8473692152619989,0.6875502650727277,0.3230231848413512,0.6193142217253592,0.21943382922611038,183,0.4618208408355713,0.0027272003339809153,0.001028140385945638,1.4201868961126377e-05,0.9953643762062722,0.5505172057915979,"OrderedDict([('reg_alpha', 0.9953643762062722), ('reg_lambda', 0.5505172057915979)])",BO for 2 group,2
0.8486781864884869,0.6668873001400966,0.2951965463414481,0.6035873443233438,0.23034849655795625,233,0.46018457412719727,0.005055219566022599,0.0009513696034749349,3.996734283242646e-05,0.9993217451891684,0.0020432319957806038,"OrderedDict([('reg_alpha', 0.9993217451891684), ('reg_lambda', 0.0020432319957806038)])",BO for 2 group,2
0.8397124776755591,0.7258658340545276,0.3152132313298385,0.6269305143533085,0.22526430841361159,83,0.4602239926656087,0.00402259726015875,0.0009609858194986979,4.323308958702088e-05,0.01964757642265347,0.9996053425880812,"OrderedDict([('reg_alpha', 0.01964757642265347), ('reg_lambda', 0.9996053425880812)])",BO for 2 group,2
0.843640191654912,0.7131061978233573,0.3137120834648389,0.6234861576477027,0.22543256739476353,132,0.46010271708170575,0.005531874559232174,0.0009164015452067057,3.462153748149307e-05,0.9834299157300204,0.9987817047207788,"OrderedDict([('reg_alpha', 0.9834299157300204), ('reg_lambda', 0.9987817047207788)])",BO for 2 group,2
0.8477976441605719,0.7094627724034803,0.28922098565079035,0.6154938007382809,0.2375213626670937,205,0.4581135908762614,0.004137903569246649,0.0010633468627929688,0.0002056932945481918,0.9954099417739787,0.8584406470863156,"OrderedDict([('reg_alpha', 0.9954099417739787), ('reg_lambda', 0.8584406470863156)])",BO for 2 group,2
0.8470359429069746,0.7258511985759779,0.31518833256871315,0.6293584913505552,0.2275940861364052,42,0.4589507579803467,0.007000040975148422,0.0009369055430094401,3.4108766290921877e-05,0.027288364359581936,0.9999519583625568,"OrderedDict([('reg_alpha', 0.027288364359581936), ('reg_lambda', 0.9999519583625568)])",BO for 2 group,2
0.8532804102229535,0.6395058609679685,0.2991751139694836,0.5973204617201352,0.22817080702302933,242,0.45781469345092773,0.006826725987714287,0.0009641647338867188,5.27442396348693e-05,0.00861310244778868,0.0007973336390113552,"OrderedDict([('reg_alpha', 0.00861310244778868), ('reg_lambda', 0.0007973336390113552)])",BO for 2 group,2
0.851454205159935,0.6826783081931644,0.3373309478483484,0.623821153733816,0.21397632953274323,126,0.45835264523824054,0.006354016439542585,0.0009426275889078776,3.4344047129489915e-05,0.9991898007838361,0.5120066972408173,"OrderedDict([('reg_alpha', 0.9991898007838361), ('reg_lambda', 0.5120066972408173)])",BO for 2 group,2
0.8408394009500603,0.7152720823628786,0.3206781815218084,0.6255965549449157,0.22162009342196218,106,0.46143507957458496,0.003456471429827475,0.0010208288828531902,2.4532281898684424e-05,0.9855283002080791,0.9998962715598032,"OrderedDict([('reg_alpha', 0.9855283002080791), ('reg_lambda', 0.9998962715598032)])",BO for 2 group,2
0.839687264239849,0.7217386567273558,0.3225952763355632,0.6280070657675894,0.22126189511766103,59,0.45636645952860516,0.004327571982483695,0.0009186267852783203,8.238388320527551e-06,0.009958343119504944,0.9998718594634268,"OrderedDict([('reg_alpha', 0.009958343119504944), ('reg_lambda', 0.9998718594634268)])",BO for 2 group,2
0.8396938240884495,0.721813279569278,0.3225882226035688,0.6280317754204321,0.2212777721358008,51,0.45737751324971515,0.004466733786549431,0.0010411739349365234,0.00015680633647287246,0.012680117554974005,0.9996309258810598,"OrderedDict([('reg_alpha', 0.012680117554974005), ('reg_lambda', 0.9996309258810598)])",BO for 2 group,2
0.8392306750034356,0.7221898449855134,0.31675924965354374,0.6260599232141643,0.2238672508007237,98,0.4567691485087077,0.005711962007963695,0.0009205341339111328,7.786718186642895e-06,7.107986443477544e-05,0.9999748285810003,"OrderedDict([('reg_alpha', 7.107986443477544e-05), ('reg_lambda', 0.9999748285810003)])",BO for 2 group,2
0.8564168805883359,0.6694707709843276,0.33298120601445436,0.6196229525290392,0.2165792081552261,179,0.4559592405954997,0.005396363659192295,0.0009104410807291666,4.6162718872889225e-06,0.0001978923200515182,0.2649802769064337,"OrderedDict([('reg_alpha', 0.0001978923200515182), ('reg_lambda', 0.2649802769064337)])",BO for 2 group,2
0.8420849111586612,0.6768307336605477,0.31144818550904674,0.6101212767760852,0.2217076865009436,222,0.4549766381581624,0.0036238934398107104,0.0009185473124186198,9.369037869063479e-06,0.00223806607397159,0.4924597377331418,"OrderedDict([('reg_alpha', 0.00223806607397159), ('reg_lambda', 0.4924597377331418)])",BO for 2 group,2
0.8460932094135634,0.7136851869553691,0.3077486603729318,0.6225090189139547,0.2290393468154579,146,0.4568849404652913,0.005432840530771256,0.000989834467569987,4.337660424887595e-05,0.0012333260923045322,0.8881918109837315,"OrderedDict([('reg_alpha', 0.0012333260923045322), ('reg_lambda', 0.8881918109837315)])",BO for 2 group,2
0.8515028624140263,0.6882116078420659,0.3321352792197173,0.6239499164919365,0.21684532943960902,125,0.4573519229888916,0.005617708397931013,0.0009280840555826823,2.4726917420853512e-05,0.9997384663870049,0.6229857172971571,"OrderedDict([('reg_alpha', 0.9997384663870049), ('reg_lambda', 0.6229857172971571)])",BO for 2 group,2
0.8470044405939015,0.6426530729628175,0.3054127481521407,0.5983567539029532,0.22331146147951098,240,0.45574204126993817,0.0059226209091749315,0.0009059906005859375,1.5866333991449687e-05,0.9970297091210025,0.20780346578650594,"OrderedDict([('reg_alpha', 0.9970297091210025), ('reg_lambda', 0.20780346578650594)])",BO for 2 group,2
0.8454777782411805,0.7133113594658848,0.3032441300049413,0.6206777559040022,0.2308535909785542,165,0.4581250349680583,0.004427789832820221,0.0009342034657796224,2.4346209317649226e-05,0.9936968256356081,0.9983274687770544,"OrderedDict([('reg_alpha', 0.9936968256356081), ('reg_lambda', 0.9983274687770544)])",BO for 2 group,2
0.8504958324658984,0.7169197033674725,0.312732420998977,0.6267159856107827,0.2286189037109308,88,0.4570229848225911,0.005294347655856728,0.00096893310546875,5.6843042762493136e-05,0.0018466573829526438,0.8672991287623636,"OrderedDict([('reg_alpha', 0.0018466573829526438), ('reg_lambda', 0.8672991287623636)])",BO for 2 group,2
0.8510878420517105,0.7199966257132044,0.31590447355787177,0.6289963137742622,0.22776611111377915,45,0.4598936239878337,0.0032028886079059665,0.0011641979217529297,0.00023301713516025836,0.9963109488610024,0.8321407211651044,"OrderedDict([('reg_alpha', 0.9963109488610024), ('reg_lambda', 0.8321407211651044)])",BO for 2 group,2
0.8399783218779505,0.7211840719724004,0.33635619744733836,0.6325061970992297,0.21495214222863196,12,0.4581757386525472,0.0027605258319620897,0.0009510517120361328,2.4429083216799936e-05,0.005526440402472522,0.9974871850580045,"OrderedDict([('reg_alpha', 0.005526440402472522), ('reg_lambda', 0.9974871850580045)])",BO for 2 group,2
0.8487111704827596,0.7148838120235699,0.3195752819596892,0.6277234214886729,0.22463881734823662,72,0.4552610715230306,0.003963932589541356,0.0010123252868652344,0.00015575005804589645,0.9964653644469337,0.999864184870746,"OrderedDict([('reg_alpha', 0.9964653644469337), ('reg_lambda', 0.999864184870746)])",BO for 2 group,2
0.8392302430670896,0.7221868293428322,0.316756990807759,0.6260580210725603,0.2238677223514034,99,0.45808903376261395,0.004329460312456825,0.0010439554850260417,0.00013262265479574027,0.0003564354890015498,0.9995960789255695,"OrderedDict([('reg_alpha', 0.0003564354890015498), ('reg_lambda', 0.9995960789255695)])",BO for 2 group,2
0.8582034296556517,0.7063048869076254,0.2965535375946001,0.6203539513859591,0.23721062764392173,171,0.456501563390096,0.006626380112914606,0.0008942286173502604,9.888544499138776e-06,0.0015571310389398412,0.8474943639492893,"OrderedDict([('reg_alpha', 0.0015571310389398412), ('reg_lambda', 0.8474943639492893)])",BO for 2 group,2
0.8410570252004174,0.7106468269917818,0.31938071847609995,0.623694856889433,0.2216709664914658,128,0.45894726117451984,0.0053798492174337905,0.0009744167327880859,0.00011129219916999853,0.9724819394446921,0.9994504700953442,"OrderedDict([('reg_alpha', 0.9724819394446921), ('reg_lambda', 0.9994504700953442)])",BO for 2 group,2
0.8396833178745335,0.7217360872112666,0.32259293419466895,0.6280041130934897,0.22126135142640568,61,0.4598391850789388,0.0070208915554024545,0.0009424686431884766,2.788852008382928e-05,0.009217908174375069,0.9992118845470441,"OrderedDict([('reg_alpha', 0.009217908174375069), ('reg_lambda', 0.9992118845470441)])",BO for 2 group,2
0.8455830686339003,0.6785448065896897,0.30351666414568446,0.6092148464564248,0.22666271454557846,226,0.46060991287231445,0.0058178351821272884,0.0009968280792236328,3.996481431398104e-05,0.0005154600274809297,0.5365680614586105,"OrderedDict([('reg_alpha', 0.0005154600274809297), ('reg_lambda', 0.5365680614586105)])",BO for 2 group,2
0.8566233943667346,0.7073973120409467,0.3159236273684781,0.6266481112587199,0.22800494816007616,90,0.45756085713704425,0.006393854305945142,0.0009341239929199219,2.0148838614269828e-05,0.9984075159831973,0.8360979304458178,"OrderedDict([('reg_alpha', 0.9984075159831973), ('reg_lambda', 0.8360979304458178)])",BO for 2 group,2
0.8396766598722883,0.7217433832381278,0.32259985206537634,0.6280066317252642,0.2212570755645791,60,0.4565914471944173,0.005165490907582479,0.0009520848592122396,4.169728212677783e-05,0.0065188845306790606,0.9993828672505987,"OrderedDict([('reg_alpha', 0.0065188845306790606), ('reg_lambda', 0.9993828672505987)])",BO for 2 group,2
0.8408445784661932,0.7134908739813766,0.31958167446963903,0.6246390423057363,0.22188546559703193,119,0.4581398169199626,0.004701211893609115,0.0011223951975504558,0.00017891524235429465,0.9883299621050912,0.9998841908775724,"OrderedDict([('reg_alpha', 0.9883299621050912), ('reg_lambda', 0.9998841908775724)])",BO for 2 group,2
0.8392608995264361,0.6808665876382448,0.32227068350456356,0.6141327235564149,0.2162710911904389,211,0.46044429143269855,0.007078622035299442,0.0009755293528238932,2.9493533577574526e-05,0.999096075040712,0.5035049145791199,"OrderedDict([('reg_alpha', 0.999096075040712), ('reg_lambda', 0.5035049145791199)])",BO for 2 group,2
0.8565062983632281,0.7074034823152741,0.3099893608312668,0.624633047169923,0.2306633903229863,120,0.45794955889383954,0.006697407345235825,0.0009441375732421875,2.7021006040871092e-05,0.9965210661123124,0.8386107839965301,"OrderedDict([('reg_alpha', 0.9965210661123124), ('reg_lambda', 0.8386107839965301)])",BO for 2 group,2
0.8537859243417504,0.7035733121280715,0.3023134085683119,0.6198908816793779,0.23278394244122835,176,0.4584978421529134,0.002743001517001017,0.0009692509969075521,6.00550903067459e-05,0.0013866312038265385,0.8555792538811682,"OrderedDict([('reg_alpha', 0.0013866312038265385), ('reg_lambda', 0.8555792538811682)])",BO for 2 group,2
0.8518444117054556,0.6734665817748956,0.3574686894582665,0.6275932276462058,0.20441805554813333,75,0.4574743111928304,0.0047347782046175905,0.0009702046712239584,6.319376776949994e-05,0.0018466577728160076,0.2694237910521741,"OrderedDict([('reg_alpha', 0.0018466577728160076), ('reg_lambda', 0.2694237910521741)])",BO for 2 group,2
0.8447116225628374,0.7173543181653078,0.3088341125355549,0.6236333510879001,0.22858826331886692,129,0.45569753646850586,0.004741920503730458,0.0009654362996419271,5.193014744686114e-05,0.0165730497407437,0.9316479628685715,"OrderedDict([('reg_alpha', 0.0165730497407437), ('reg_lambda', 0.9316479628685715)])",BO for 2 group,2
0.8530241596655934,0.7048663156587955,0.3251682402604339,0.6276862385282743,0.22229940941917575,73,0.4589218298594157,0.007076111702921856,0.0009469191233317057,2.470238420750809e-05,0.00030677030465797733,0.7713162645548269,"OrderedDict([('reg_alpha', 0.00030677030465797733), ('reg_lambda', 0.7713162645548269)])",BO for 2 group,2
0.8306330647014071,0.717877244728149,0.29557758550445024,0.614695964978002,0.2302981745807376,209,0.4607582887013753,0.0047673578191347816,0.0009677410125732422,4.786734192593133e-05,0.004951716230955806,0.9407823087796642,"OrderedDict([('reg_alpha', 0.004951716230955806), ('reg_lambda', 0.9407823087796642)])",BO for 2 group,2
0.8501850236929194,0.7064798209808996,0.3142140573827745,0.6236263006855312,0.2265167374991068,130,0.45537598927815753,0.003411182724323421,0.001089652379353841,0.00012334244152805666,0.9926262976437982,0.7713874293657368,"OrderedDict([('reg_alpha', 0.9926262976437982), ('reg_lambda', 0.7713874293657368)])",BO for 2 group,2
0.8488805382405828,0.6640333038559423,0.28974927731043654,0.6008877064689871,0.23259043630288614,237,0.4581170082092285,0.002296078173719155,0.0009696483612060547,1.3655925800765913e-05,0.021872560336033468,0.04129977183707113,"OrderedDict([('reg_alpha', 0.021872560336033468), ('reg_lambda', 0.04129977183707113)])",BO for 2 group,2
0.8433635519303293,0.6836141625589458,0.3308125028634088,0.619263405784228,0.2141384433771905,184,0.45824702580769855,0.00622878378111496,0.0009389718373616537,8.06013100529232e-06,0.9778872343985545,0.4116154850666883,"OrderedDict([('reg_alpha', 0.9778872343985545), ('reg_lambda', 0.4116154850666883)])",BO for 2 group,2
0.8508320390970658,0.6880093377350733,0.3071438825977999,0.6153284198099797,0.22783194062322668,208,0.4556887149810791,0.004334367754621592,0.0009542306264241537,1.591085553527286e-05,0.0021486653368639756,0.6115677844466041,"OrderedDict([('reg_alpha', 0.0021486653368639756), ('reg_lambda', 0.6115677844466041)])",BO for 2 group,2
0.8482985338679683,0.7081745382491828,0.3041456755184654,0.6202062492118721,0.23069373379670488,172,0.45527227719624835,0.004562918597720027,0.0009034474690755209,3.505825201688254e-06,0.0007318658236944443,0.7857498005184442,"OrderedDict([('reg_alpha', 0.0007318658236944443), ('reg_lambda', 0.7857498005184442)])",BO for 2 group,2
0.8500505729517234,0.7081399704718729,0.3054817695011739,0.6212241043082568,0.2306578581161855,161,0.4575996398925781,0.0054508799207995205,0.001131137212117513,0.00019480829212093203,0.9418545674090725,0.9059091364737824,"OrderedDict([('reg_alpha', 0.9418545674090725), ('reg_lambda', 0.9059091364737824)])",BO for 2 group,2
0.8377127071111744,0.6777472750204765,0.33557164763562597,0.617010543255759,0.20944867922222382,199,0.45854369799296063,0.004801675027919756,0.0009795824686686199,6.720707324791538e-05,0.01730181676107712,0.38538389314469357,"OrderedDict([('reg_alpha', 0.01730181676107712), ('reg_lambda', 0.38538389314469357)])",BO for 2 group,2
0.8503491112831287,0.6924563386320185,0.31778458748899685,0.6201966791347148,0.2233417960496383,173,0.4551519552866618,0.004403802170683504,0.001035133997599284,0.00019849510925612506,0.9909169224952521,0.7525617356051834,"OrderedDict([('reg_alpha', 0.9909169224952521), ('reg_lambda', 0.7525617356051834)])",BO for 2 group,2
0.8362452566769509,0.7120777925945743,0.30422146963083063,0.6175148396341186,0.22725747739832441,197,0.4587254524230957,0.004872904366477375,0.0009569327036539713,1.2665889621185644e-05,0.016350163682099076,0.9574747733477658,"OrderedDict([('reg_alpha', 0.016350163682099076), ('reg_lambda', 0.9574747733477658)])",BO for 2 group,2
0.8455162747493784,0.6580732463821686,0.3196923558165603,0.6077606256493692,0.21759475833793823,228,0.45593730608622235,0.006042950803883871,0.0009301503499348959,4.921763889925953e-05,0.007223676090987953,0.1568526901768438,"OrderedDict([('reg_alpha', 0.007223676090987953), ('reg_lambda', 0.1568526901768438)])",BO for 2 group,2
0.8588783775578619,0.7008882980816621,0.34470407116176427,0.6348235822670961,0.2150460638192378,1,0.4577796459197998,0.005963372306425504,0.0009338061014811198,3.89376463043971e-05,0.01798374897503297,0.646536193809658,"OrderedDict([('reg_alpha', 0.01798374897503297), ('reg_lambda', 0.646536193809658)])",BO for 2 group,2
0.8519646833190246,0.6888232834384251,0.32071311246645984,0.6205003597413032,0.2221982212803416,168,0.4599672158559163,0.006093316106610105,0.0009571711222330729,2.820760382364788e-05,0.9989892421803641,0.7307992473138056,"OrderedDict([('reg_alpha', 0.9989892421803641), ('reg_lambda', 0.7307992473138056)])",BO for 2 group,2
0.858868264729909,0.6873505559161515,0.3207643484648226,0.622327723036961,0.22443994411524598,149,0.45985690752665204,0.0064743259462069795,0.0009633700052897135,6.0355333535213595e-05,0.9992802026035782,0.7211199541452258,"OrderedDict([('reg_alpha', 0.9992802026035782), ('reg_lambda', 0.7211199541452258)])",BO for 2 group,2
0.8588633246618762,0.6873557767779304,0.320767111858387,0.6223287377660646,0.22443747519870283,148,0.45816699663798016,0.005393886305837985,0.0009601910909016927,3.70638447502916e-05,0.9957813761148232,0.7206818893282264,"OrderedDict([('reg_alpha', 0.9957813761148232), ('reg_lambda', 0.7206818893282264)])",BO for 2 group,2
0.8527545661287543,0.7069677861194389,0.3194368704435028,0.6263864075638986,0.2250584517559681,92,0.4587288697560628,0.006089191361849184,0.0010598500569661458,0.0001467525694196792,0.002032828013045052,0.6193975756293667,"OrderedDict([('reg_alpha', 0.002032828013045052), ('reg_lambda', 0.6193975756293667)])",BO for 2 group,2
0.858716859078452,0.6740327698848061,0.3039027145581066,0.6122174478404548,0.23068092576767274,215,0.4569414456685384,0.005649381032914626,0.0009319782257080078,5.213468055189747e-05,0.0015661110307629848,0.36419399036327943,"OrderedDict([('reg_alpha', 0.0015661110307629848), ('reg_lambda', 0.36419399036327943)])",BO for 2 group,2
0.8535772918677811,0.640346409958614,0.34315227955651884,0.6123586604609713,0.2093177948952185,214,0.4575823148091634,0.005495906317311622,0.0009985764821370442,0.00011331637080322607,0.9964099335938426,0.149330695313751,"OrderedDict([('reg_alpha', 0.9964099335938426), ('reg_lambda', 0.149330695313751)])",BO for 2 group,2
0.8533586893946385,0.6835220987333023,0.34152027289562903,0.6261336870078565,0.21286100864387278,96,0.46095728874206543,0.005369431265356845,0.0009954770406087239,6.457999983025524e-05,0.9922180113230493,0.42020135058430796,"OrderedDict([('reg_alpha', 0.9922180113230493), ('reg_lambda', 0.42020135058430796)])",BO for 2 group,2
0.8406598839855817,0.7075783091162066,0.3070416546632375,0.6184266159216752,0.22678642223594037,191,0.45608361562093097,0.003802930716832555,0.0010197957356770833,0.0001645219877442981,0.9864329317806428,0.9060045564293128,"OrderedDict([('reg_alpha', 0.9864329317806428), ('reg_lambda', 0.9060045564293128)])",BO for 2 group,2
0.8387867065925204,0.6801306507701643,0.3344047360468396,0.6177740311365082,0.21058102805015202,196,0.4585727055867513,0.003740611285617711,0.0009224414825439453,4.554273337213893e-05,0.019141894683760156,0.5840318074564165,"OrderedDict([('reg_alpha', 0.019141894683760156), ('reg_lambda', 0.5840318074564165)])",BO for 2 group,2
0.8521512629489553,0.7094275093176567,0.31924960694343807,0.6269427930700167,0.22523889547795828,82,0.4547265370686849,0.004790511316646532,0.0009043216705322266,3.8933590933214475e-07,0.006151640052942888,0.782811718257806,"OrderedDict([('reg_alpha', 0.006151640052942888), ('reg_lambda', 0.782811718257806)])",BO for 2 group,2
0.8567326969640394,0.7011537860934574,0.3447319500738997,0.6342061443771322,0.21431702569254474,2,0.45563340187072754,0.005276852749596242,0.0009081363677978516,2.197162280257322e-05,0.012559263749620912,0.6491712571553891,"OrderedDict([('reg_alpha', 0.012559263749620912), ('reg_lambda', 0.6491712571553891)])",BO for 2 group,2
0.8567767550975927,0.6950718348140263,0.34287231681374997,0.631573635575123,0.21455140627503946,30,0.4564843972524007,0.006006503108060501,0.0008845329284667969,1.258434602775254e-05,0.00013711719454156948,0.6495323638342415,"OrderedDict([('reg_alpha', 0.00013711719454156948), ('reg_lambda', 0.6495323638342415)])",BO for 2 group,2
0.8496863913241852,0.6563291672784326,0.31879896990212564,0.6082715095015812,0.2193817333770652,227,0.45554884274800617,0.003893638793547463,0.0009225209554036459,2.5737675490652624e-05,0.993534835923867,0.2932342745146695,"OrderedDict([('reg_alpha', 0.993534835923867), ('reg_lambda', 0.2932342745146695)])",BO for 2 group,2
0.8523744901948296,0.7020156567403311,0.3275920669804483,0.6273274046385363,0.2206549329914704,77,0.4579922358194987,0.006341123906613782,0.0010001659393310547,7.981671016158691e-05,0.013012720638302947,0.7567124119581787,"OrderedDict([('reg_alpha', 0.013012720638302947), ('reg_lambda', 0.7567124119581787)])",BO for 2 group,2
0.8587406033704018,0.6949956854080627,0.3369754298083002,0.6302372395289216,0.21787606005874646,34,0.4600009123484294,0.005504257665808066,0.001016855239868164,4.8628039489677285e-05,0.014265823784053947,0.6447060546685403,"OrderedDict([('reg_alpha', 0.014265823784053947), ('reg_lambda', 0.6447060546685403)])",BO for 2 group,2
0.8384697384542712,0.7039060947103812,0.3139575309326771,0.6187777880324431,0.2224310910644519,188,0.46085572242736816,0.0073401874707074094,0.0009881655375162761,7.39759572593594e-05,0.9920425153814907,0.7801872592524748,"OrderedDict([('reg_alpha', 0.9920425153814907), ('reg_lambda', 0.7801872592524748)])",BO for 2 group,2
