mean_fit_time,std_fit_time,mean_score_time,std_score_time,param_colsample_bytree,param_subsample,params,split0_test_score,split1_test_score,split2_test_score,mean_test_score,std_test_score,rank_test_score,experiment_name,run_number
0.6596882343292236,0.03307150367368584,0.13612190882364908,0.1121606142526996,0.8834863378725148,0.894508577779762,"{'colsample_bytree': 0.8834863378725148, 'subsample': 0.894508577779762}",0.704569107198827,0.6785140129897459,0.5939729462314733,0.6590186888066821,0.04720825107211144,133,random search for 3 group,2
0.6395458380381266,0.030502751031929693,0.08157515525817871,0.02497823309941485,0.515264260262674,0.8951122860780513,"{'colsample_bytree': 0.515264260262674, 'subsample': 0.8951122860780513}",0.7204600283930862,0.6712418423728297,0.5860645115700863,0.6592554607786675,0.05551752722231641,130,random search for 3 group,2
0.7222015062967936,0.061323377427892525,0.13893969853719076,0.04503195404385058,0.74468886533506,0.8763552845944764,"{'colsample_bytree': 0.74468886533506, 'subsample': 0.8763552845944764}",0.7227416194233282,0.6715627377179807,0.634212703986683,0.6761723537093306,0.036288461313829505,23,random search for 3 group,2
0.6563275655110677,0.05148576298817796,0.17214624087015787,0.08938710451836196,0.617844663138754,0.5279679847912642,"{'colsample_bytree': 0.617844663138754, 'subsample': 0.5279679847912642}",0.7202465592481324,0.6733637041601633,0.5429797779323285,0.6455300137802081,0.07499739408646884,217,random search for 3 group,2
0.6099888483683268,0.09025867276478303,0.14499743779500326,0.08019019207448805,0.5260820271403719,0.7526051093162601,"{'colsample_bytree': 0.5260820271403719, 'subsample': 0.7526051093162601}",0.7135745859562326,0.6720047728101224,0.5571917097038244,0.6475903561567264,0.06613596500965879,203,random search for 3 group,2
0.4697401523590088,0.17459530206733456,0.12702679634094238,0.052861039860841806,0.7972401697275138,0.5020064086564321,"{'colsample_bytree': 0.7972401697275138, 'subsample': 0.5020064086564321}",0.7142345567813413,0.6675888484706747,0.6529803673692249,0.6782679242070803,0.026122160758913396,14,random search for 3 group,2
0.6480355262756348,0.040494182104048336,0.18102431297302246,0.018790698468092254,0.6131463118526024,0.5121165402139467,"{'colsample_bytree': 0.6131463118526024, 'subsample': 0.5121165402139467}",0.712943507589149,0.666248477172805,0.501856010499752,0.6270159984205687,0.0905312962411344,240,random search for 3 group,2
0.5833233197530111,0.04120436471721082,0.050945679346720375,0.003041228993693972,0.5009598266516997,0.7415158694240261,"{'colsample_bytree': 0.5009598266516997, 'subsample': 0.7415158694240261}",0.7190475423263433,0.6748395066702296,0.5785474295144719,0.6574781595036816,0.058657950337046946,148,random search for 3 group,2
0.683392604192098,0.13261435261844884,0.08791049321492513,0.04669955831469701,0.5068108835604532,0.8030040315285458,"{'colsample_bytree': 0.5068108835604532, 'subsample': 0.8030040315285458}",0.7199659133080469,0.6703834166196654,0.5820156640318697,0.6574549979865273,0.05705509515725489,149,random search for 3 group,2
0.6997883319854736,0.04054705190530838,0.14335234959920248,0.06140708848555047,0.6828401844632015,0.8504595361718489,"{'colsample_bytree': 0.6828401844632015, 'subsample': 0.8504595361718489}",0.7244529897294052,0.6619814488987572,0.624723685697501,0.6703860414418878,0.04114576853524575,64,random search for 3 group,2
0.6642301082611084,0.013412695848098366,0.1348284880320231,0.0458979355908974,0.7419638281777283,0.7160097148790259,"{'colsample_bytree': 0.7419638281777283, 'subsample': 0.7160097148790259}",0.7193141893478602,0.6742945812529761,0.6214630944927286,0.671690621697855,0.03998995411442327,54,random search for 3 group,2
0.6340785026550293,0.05064486319206851,0.08676028251647949,0.04309718576764392,0.8345691907781095,0.6936104008700467,"{'colsample_bytree': 0.8345691907781095, 'subsample': 0.6936104008700467}",0.716802692138063,0.6615479251109556,0.6372168701933507,0.6718558291474565,0.03329830253804885,52,random search for 3 group,2
0.7109698454538981,0.06908811096676377,0.1660796801249186,0.03480376206843231,0.5554324286211034,0.6243904771295501,"{'colsample_bytree': 0.5554324286211034, 'subsample': 0.6243904771295501}",0.7160055065565352,0.6686975162048269,0.5505693916450513,0.6450908048021379,0.06957123278429007,218,random search for 3 group,2
0.6157165368398031,0.029736571882502626,0.05278865496317545,0.0026223869691194114,0.7185109593004866,0.6852758543236495,"{'colsample_bytree': 0.7185109593004866, 'subsample': 0.6852758543236495}",0.7130750145125825,0.6684490612137413,0.5622162242204325,0.6479134333155854,0.06327652361911885,201,random search for 3 group,2
0.6472070217132568,0.12411994095637263,0.14253012339274088,0.07634104094708019,0.6720812629293693,0.59120833380664,"{'colsample_bytree': 0.6720812629293693, 'subsample': 0.59120833380664}",0.7242268444873614,0.6605193464744992,0.6138340084212297,0.6661933997943634,0.04524592596384382,87,random search for 3 group,2
0.7331227461496989,0.03432414922327575,0.1832889715830485,0.10638517394844281,0.818071250892334,0.6927686576323053,"{'colsample_bytree': 0.818071250892334, 'subsample': 0.6927686576323053}",0.7185417396651719,0.6586962340408187,0.6496341587603272,0.6756240441554393,0.030572065059428766,27,random search for 3 group,2
0.7434546152750651,0.14690273482808083,0.14639687538146973,0.07838821220586874,0.8613010911122942,0.8924285299976472,"{'colsample_bytree': 0.8613010911122942, 'subsample': 0.8924285299976472}",0.7087167203187985,0.6482302330314813,0.6163885223061676,0.6577784918854824,0.03829274058636663,143,random search for 3 group,2
0.7004798253377279,0.02699255040560724,0.12367534637451172,0.09591891679103348,0.7374173467305517,0.5763303200365142,"{'colsample_bytree': 0.7374173467305517, 'subsample': 0.5763303200365142}",0.7155292116040171,0.6747787386111702,0.5960140359305568,0.662107328715248,0.049607746543104694,115,random search for 3 group,2
0.7290933926900228,0.10341047494787975,0.14625151952107748,0.06440239533082183,0.629818520281064,0.8796050860846051,"{'colsample_bytree': 0.629818520281064, 'subsample': 0.8796050860846051}",0.7142715014867628,0.6686365054356005,0.5503119659496367,0.644406657624,0.06909412163668491,220,random search for 3 group,2
0.6591718196868896,0.10813582162673434,0.05640347798665365,0.013628736089357137,0.7926068284893477,0.5369105586572857,"{'colsample_bytree': 0.7926068284893477, 'subsample': 0.5369105586572857}",0.7098067858946138,0.6690331676493217,0.6306682965292527,0.6698360833577294,0.032313141083094424,67,random search for 3 group,2
0.739915688832601,0.060463099309121415,0.15616297721862793,0.01626584219340428,0.6280740520328251,0.7542018384545988,"{'colsample_bytree': 0.6280740520328251, 'subsample': 0.7542018384545988}",0.7103687088390296,0.6766312103819148,0.6262485776643797,0.671082832295108,0.03456527633098178,60,random search for 3 group,2
0.6716562112172445,0.15481926751310623,0.10051163037618001,0.050401022160044814,0.6702297831297717,0.7460351492129951,"{'colsample_bytree': 0.6702297831297717, 'subsample': 0.7460351492129951}",0.7137448098375931,0.6675377366728963,0.5354265709059283,0.6389030391388059,0.07556148935833303,229,random search for 3 group,2
0.7978829542795817,0.08092147720730672,0.1986368497212728,0.004295639354559183,0.7664457042310536,0.7618786524592891,"{'colsample_bytree': 0.7664457042310536, 'subsample': 0.7618786524592891}",0.7097871672808193,0.658210116620086,0.5968243651294558,0.654940549676787,0.04617478546038993,165,random search for 3 group,2
0.6957998275756836,0.06951397801850048,0.10435231526692708,0.07645581063611194,0.7134734642656577,0.6861281906168526,"{'colsample_bytree': 0.7134734642656577, 'subsample': 0.6861281906168526}",0.7240452558075654,0.6616657930953438,0.5679569233435839,0.6512226574154977,0.06414923327662021,185,random search for 3 group,2
0.6113247076670328,0.08000638982473096,0.16253201166788736,0.008702831601987667,0.8578723246270847,0.8946364147721028,"{'colsample_bytree': 0.8578723246270847, 'subsample': 0.8946364147721028}",0.7077062005014851,0.6512526002233336,0.6099310930629873,0.6562966312626021,0.0400755502810735,158,random search for 3 group,2
0.6940913200378418,0.04931212676503274,0.12808855374654135,0.0637609599617132,0.5834817265723834,0.8415149152362777,"{'colsample_bytree': 0.5834817265723834, 'subsample': 0.8415149152362777}",0.7218305756255541,0.6643600993049203,0.61218442468966,0.6661250332067115,0.04478024748720124,88,random search for 3 group,2
0.6263347466786703,0.09832272188092206,0.05368200937906901,0.004683721160911501,0.794884510287647,0.8663283059503025,"{'colsample_bytree': 0.794884510287647, 'subsample': 0.8663283059503025}",0.7123192753652103,0.6774495703325273,0.5559965785544307,0.6485884747507228,0.0670020821227981,193,random search for 3 group,2
0.6483214696248373,0.14568513426224974,0.14977224667867026,0.020445916265849386,0.7501019728269454,0.890986692429196,"{'colsample_bytree': 0.7501019728269454, 'subsample': 0.890986692429196}",0.7145409766102679,0.6643982495423102,0.5966839591308157,0.6585410617611313,0.04829285060141559,138,random search for 3 group,2
0.6540133158365885,0.04929944903379933,0.09447224934895833,0.04742465929086712,0.5516350524425312,0.6371290211061313,"{'colsample_bytree': 0.5516350524425312, 'subsample': 0.6371290211061313}",0.7206178774966788,0.6687161581672558,0.5858945871406321,0.6584095409348557,0.05548129420607348,140,random search for 3 group,2
0.6936386426289877,0.07507171729467826,0.08987935384114583,0.04931008923932465,0.6615902146913064,0.5614471813786023,"{'colsample_bytree': 0.6615902146913064, 'subsample': 0.5614471813786023}",0.7184277481537015,0.6746649703067051,0.6285096869160616,0.6738674684588227,0.03671322596451241,40,random search for 3 group,2
0.6810653209686279,0.14367026688203513,0.1650714874267578,0.01207295123020092,0.7560531965169376,0.6315732841779064,"{'colsample_bytree': 0.7560531965169376, 'subsample': 0.6315732841779064}",0.7032449800531171,0.6870266559973557,0.6429948008879283,0.6777554789794671,0.025455674741690488,15,random search for 3 group,2
0.6778271993001302,0.039389070357675776,0.05754558245340983,0.00879594088171469,0.7856591773180128,0.7358117267598867,"{'colsample_bytree': 0.7856591773180128, 'subsample': 0.7358117267598867}",0.7133448302937675,0.6460000028069757,0.6298307980320741,0.6630585437109391,0.036165303441106245,107,random search for 3 group,2
0.6903869311014811,0.12699495028786092,0.12126652399698894,0.03254000038395919,0.5871281537391861,0.8874133037155818,"{'colsample_bytree': 0.5871281537391861, 'subsample': 0.8874133037155818}",0.7123209005549268,0.6662731558688458,0.5628236332085453,0.6471392298774393,0.06251367092560543,208,random search for 3 group,2
0.643362283706665,0.0762837861489511,0.10005450248718262,0.05436232145114986,0.6146569290423223,0.6615903356474652,"{'colsample_bytree': 0.6146569290423223, 'subsample': 0.6615903356474652}",0.7083112837983851,0.6645265106637492,0.6265591905739974,0.6664656616787106,0.033403307387506444,83,random search for 3 group,2
0.6840457121531168,0.13370662510410175,0.1531797250111898,0.0797726178587469,0.5186603612268534,0.5602771759642224,"{'colsample_bytree': 0.5186603612268534, 'subsample': 0.5602771759642224}",0.7147964834869014,0.6499134524829387,0.5769225218114495,0.6472108192604299,0.05631924180818102,206,random search for 3 group,2
0.7922189235687256,0.13558000361247458,0.2083292007446289,0.045251787744285885,0.8165643862361934,0.8053400369046185,"{'colsample_bytree': 0.8165643862361934, 'subsample': 0.8053400369046185}",0.7081375996169821,0.6473064848617944,0.6367231291230204,0.6640557378672657,0.03146860611428682,101,random search for 3 group,2
0.6676831245422363,0.02886368864723597,0.05344637235005697,0.00452064283696673,0.6792321066001055,0.5353304109079017,"{'colsample_bytree': 0.6792321066001055, 'subsample': 0.5353304109079017}",0.7217563419577795,0.6521378927457346,0.633683294155452,0.6691925096196553,0.03792413835395545,71,random search for 3 group,2
0.7854719161987305,0.09978565118004487,0.13907424608866373,0.05164347990805908,0.6502985479047483,0.6531981065264827,"{'colsample_bytree': 0.6502985479047483, 'subsample': 0.6531981065264827}",0.7163664765531519,0.6594421012668994,0.5394884555057833,0.6384323444419449,0.07372252479756389,230,random search for 3 group,2
0.655924399693807,0.02590018931324296,0.08337052663167317,0.05340127498412292,0.7993540957132631,0.6930510334765526,"{'colsample_bytree': 0.7993540957132631, 'subsample': 0.6930510334765526}",0.7071344999352286,0.672753506222368,0.6472624304590899,0.6757168122055622,0.024532319670201315,26,random search for 3 group,2
0.7662389278411865,0.02711077408658155,0.15960001945495605,0.07396402768745863,0.8131352532095923,0.7646028162178152,"{'colsample_bytree': 0.8131352532095923, 'subsample': 0.7646028162178152}",0.7160891980889849,0.673360973209476,0.5996593553090779,0.6630365088691795,0.04808965928605999,108,random search for 3 group,2
0.7778615156809489,0.1509117813635468,0.14895455042521158,0.023822958369759405,0.5436002842884804,0.7318801262214998,"{'colsample_bytree': 0.5436002842884804, 'subsample': 0.7318801262214998}",0.7070060648184584,0.652319130569553,0.5859918681063752,0.6484390211647956,0.04947996488958847,194,random search for 3 group,2
0.6658229827880859,0.01781582304768438,0.09994689623514812,0.04727379749206357,0.7083142543247801,0.7190942771185349,"{'colsample_bytree': 0.7083142543247801, 'subsample': 0.7190942771185349}",0.7121076608235164,0.6658269208687089,0.6414985100139536,0.6731443639020597,0.029286763493902208,43,random search for 3 group,2
0.6449691454569498,0.03730205602858361,0.07203149795532227,0.03261219551222457,0.51030317385889,0.6145936419967359,"{'colsample_bytree': 0.51030317385889, 'subsample': 0.6145936419967359}",0.7192250506842107,0.6587584426720656,0.5856002958188828,0.654527929725053,0.054634035228667194,167,random search for 3 group,2
0.7673856417338053,0.1482684558247803,0.26718393961588544,0.10240952767887736,0.7057318770221972,0.6199743592610174,"{'colsample_bytree': 0.7057318770221972, 'subsample': 0.6199743592610174}",0.7097655535446612,0.6561337002850829,0.5863959994366008,0.650765084422115,0.05050827158277142,189,random search for 3 group,2
0.6080593268076578,0.0973727968920175,0.08084853490193684,0.031098136464769152,0.8508116104889983,0.6084681574111388,"{'colsample_bytree': 0.8508116104889983, 'subsample': 0.6084681574111388}",0.709686235088625,0.6807116678657216,0.6501769456561971,0.6801916162035145,0.024297348586305233,10,random search for 3 group,2
0.7455296516418457,0.0408895840377027,0.1241442362467448,0.05076394288674141,0.783996506469068,0.7868509345586514,"{'colsample_bytree': 0.783996506469068, 'subsample': 0.7868509345586514}",0.7115241782301374,0.6620502358927818,0.5690511932419149,0.6475418691216114,0.059062155918651604,204,random search for 3 group,2
0.8047306537628174,0.17452302978528766,0.11744411786397298,0.04801317156703683,0.6731164375324183,0.8699119364004395,"{'colsample_bytree': 0.6731164375324183, 'subsample': 0.8699119364004395}",0.7144980190523726,0.6787695517823717,0.6322836104134899,0.6751837270827448,0.033659529121707776,32,random search for 3 group,2
0.7009711265563965,0.02311226614860234,0.08531785011291504,0.04556656685960892,0.8386243855079785,0.528974655113438,"{'colsample_bytree': 0.8386243855079785, 'subsample': 0.528974655113438}",0.7141192515563238,0.6611692892395827,0.651217187785033,0.67550190952698,0.027607190004283487,29,random search for 3 group,2
0.6529043515523275,0.03456512148128594,0.10119859377543132,0.06891469984021467,0.6618668592939866,0.6875058599943228,"{'colsample_bytree': 0.6618668592939866, 'subsample': 0.6875058599943228}",0.72401990281094,0.6768272264438485,0.5704647116420722,0.6571039469656202,0.06422125815625801,154,random search for 3 group,2
0.8052800496419271,0.06041806962897175,0.11486180623372395,0.10129511470924463,0.7938781691473742,0.6005620274222464,"{'colsample_bytree': 0.7938781691473742, 'subsample': 0.6005620274222464}",0.7220237939134792,0.6641418311864337,0.6298104847258043,0.6719920366085724,0.03805297090208826,50,random search for 3 group,2
0.7490691343943278,0.10041197143373459,0.17691802978515625,0.025669574434172223,0.552569768765082,0.6085330222186371,"{'colsample_bytree': 0.552569768765082, 'subsample': 0.6085330222186371}",0.7143564898588919,0.6795945658180302,0.5602860983382054,0.6514123846717091,0.0659802894126089,183,random search for 3 group,2
0.7085165977478027,0.025141981109257534,0.08979686101277669,0.05165586222571477,0.8418275350305189,0.776877668526191,"{'colsample_bytree': 0.8418275350305189, 'subsample': 0.776877668526191}",0.7214787656917366,0.6401676503570475,0.5931725336888846,0.651606316579223,0.05300160127391862,181,random search for 3 group,2
0.8418888250986735,0.10001283885852812,0.162016232808431,0.03612927799641267,0.681727569922159,0.7432552536543956,"{'colsample_bytree': 0.681727569922159, 'subsample': 0.7432552536543956}",0.7114783394218516,0.6578691097458017,0.5058498707452379,0.625065773304297,0.08709309556959986,241,random search for 3 group,2
0.7037372589111328,0.021014477255345214,0.05187018712361654,0.004320247029700113,0.8712212655252978,0.5800648588769337,"{'colsample_bytree': 0.8712212655252978, 'subsample': 0.5800648588769337}",0.7138129338910554,0.6836146438163428,0.590905667768642,0.6627777484920134,0.05229519526361375,111,random search for 3 group,2
0.7493264675140381,0.06119834705393973,0.20872004826863608,0.06960841873647738,0.7406329349123262,0.8963121525306599,"{'colsample_bytree': 0.7406329349123262, 'subsample': 0.8963121525306599}",0.7123868099200346,0.6684467324035894,0.5514240633939157,0.6440858685725132,0.06793300723141427,221,random search for 3 group,2
0.7243336836496989,0.057168076637805966,0.10688455899556477,0.06036390678623631,0.8639670860036774,0.6343831038932077,"{'colsample_bytree': 0.8639670860036774, 'subsample': 0.6343831038932077}",0.6981087699708493,0.6774832271501471,0.5904622171758648,0.6553514047656205,0.04664981781819391,164,random search for 3 group,2
0.7353003025054932,0.06509903058134964,0.15116349856058756,0.08507872901978379,0.8926673358817471,0.7744494726200477,"{'colsample_bytree': 0.8926673358817471, 'subsample': 0.7744494726200477}",0.7054476637567251,0.6745852056766533,0.6280546384104411,0.6693625026146064,0.03181066449602894,70,random search for 3 group,2
0.7290033499399821,0.12449960479392712,0.17855636278788248,0.12398900953346143,0.5759985482455708,0.5869278857249378,"{'colsample_bytree': 0.5759985482455708, 'subsample': 0.5869278857249378}",0.7133830097956221,0.6788666083439345,0.5849110635027395,0.659053560547432,0.05428737049756722,132,random search for 3 group,2
0.8257150650024414,0.10767517293097648,0.14076725641886392,0.05951992742821106,0.509054825122925,0.549139528912499,"{'colsample_bytree': 0.509054825122925, 'subsample': 0.549139528912499}",0.7280392496793744,0.6764667569362236,0.5847688153807535,0.6630916073321171,0.059249614942366385,106,random search for 3 group,2
0.5974115530649821,0.06944130466546374,0.06909608840942383,0.014495944664093449,0.6815126296835118,0.6789989333987458,"{'colsample_bytree': 0.6815126296835118, 'subsample': 0.6789989333987458}",0.7110864438233679,0.6830200630448742,0.5776691694431886,0.6572585587704769,0.057432764183398884,151,random search for 3 group,2
0.49171050389607746,0.06694004012046738,0.15407760938008627,0.028880162427373863,0.5652248874523811,0.786292377639783,"{'colsample_bytree': 0.5652248874523811, 'subsample': 0.786292377639783}",0.7083457134673697,0.6808612858452183,0.5626058035918177,0.6506042676348018,0.06322787199683703,190,random search for 3 group,2
0.7094139258066813,0.09140569942897021,0.11241014798482259,0.0663438490356636,0.625068123334485,0.7841467925367522,"{'colsample_bytree': 0.625068123334485, 'subsample': 0.7841467925367522}",0.7096768646338052,0.6647035340143703,0.6077367848667135,0.6607057278382963,0.04171276228682974,124,random search for 3 group,2
0.892439603805542,0.20890751506366262,0.17724609375,0.022978350108102785,0.6586325471369399,0.7515936346411212,"{'colsample_bytree': 0.6586325471369399, 'subsample': 0.7515936346411212}",0.7128473744680959,0.661729559254981,0.598389142037197,0.6576553585867579,0.04681610176079118,145,random search for 3 group,2
0.7217660744984945,0.04312060329751719,0.10086258252461751,0.03268808252132651,0.6743903121419939,0.5280945989125552,"{'colsample_bytree': 0.6743903121419939, 'subsample': 0.5280945989125552}",0.7241105379579873,0.6759314864404837,0.6441959307112208,0.6814126517032305,0.03285441109226575,6,random search for 3 group,2
0.6882249514261881,0.05292269655562147,0.1866144339243571,0.018123459882051916,0.5967744569171923,0.5656534859946807,"{'colsample_bytree': 0.5967744569171923, 'subsample': 0.5656534859946807}",0.7152255601577464,0.654510513648241,0.5886790999113345,0.6528050579057739,0.0516764490826741,172,random search for 3 group,2
0.7286434173583984,0.030253386391392325,0.057843287785847984,0.004726181884499372,0.761661763043894,0.6163372237256475,"{'colsample_bytree': 0.761661763043894, 'subsample': 0.6163372237256475}",0.7130273206261123,0.6825541951224536,0.6459319574125207,0.6805044910536956,0.027429885238161388,9,random search for 3 group,2
0.780542771021525,0.10791790915577933,0.16672428448994955,0.06976855182340655,0.5551644497820022,0.8134016184585062,"{'colsample_bytree': 0.5551644497820022, 'subsample': 0.8134016184585062}",0.72760057473573,0.6688877925476622,0.6010183843002546,0.6658355838612157,0.05172201154415116,91,random search for 3 group,2
0.7543884118398031,0.040720559389948334,0.08860437075297038,0.01851991739675232,0.5574239686920136,0.8410709576883014,"{'colsample_bytree': 0.5574239686920136, 'subsample': 0.8410709576883014}",0.724120690252952,0.6519577576215121,0.5774263146181307,0.6511682541641982,0.05989033003473571,187,random search for 3 group,2
0.8343734741210938,0.15576400912335814,0.14763498306274414,0.06261180977189905,0.6529947957863044,0.770436065931325,"{'colsample_bytree': 0.6529947957863044, 'subsample': 0.770436065931325}",0.7222753763598033,0.6577856128090933,0.6291374087478727,0.6697327993055898,0.038950581524172474,68,random search for 3 group,2
0.7272009054819742,0.0805675342763115,0.13057573636372885,0.053672694666062996,0.7079714144480546,0.5069938528237496,"{'colsample_bytree': 0.7079714144480546, 'subsample': 0.5069938528237496}",0.7195077181150995,0.6653452685472876,0.6235936896890674,0.6694822254504849,0.03926585473021574,69,random search for 3 group,2
0.8568593660990397,0.0808246363880731,0.12155342102050781,0.041785792141489746,0.7278117621327428,0.7978115310962929,"{'colsample_bytree': 0.7278117621327428, 'subsample': 0.7978115310962929}",0.7172391005789737,0.6781275727428201,0.6300989964038686,0.6751552232418874,0.035636830995276154,33,random search for 3 group,2
0.676627000172933,0.042726248549932,0.06972265243530273,0.01378329625631499,0.7532896047092785,0.5238774424396839,"{'colsample_bytree': 0.7532896047092785, 'subsample': 0.5238774424396839}",0.7143615586496984,0.6748973511672849,0.6491163009869106,0.679458403601298,0.02683080706141424,12,random search for 3 group,2
0.7966535886128744,0.13952338648564602,0.20609593391418457,0.04626896229333056,0.6005252505519943,0.6705956023777662,"{'colsample_bytree': 0.6005252505519943, 'subsample': 0.6705956023777662}",0.7187053930975151,0.6788158565625425,0.5076461941085195,0.6350558145895258,0.09155217938268592,236,random search for 3 group,2
0.641526460647583,0.01749718656039682,0.07069905598958333,0.024439233793626728,0.7794489725601552,0.5329511292998532,"{'colsample_bytree': 0.7794489725601552, 'subsample': 0.5329511292998532}",0.7083842077988779,0.6792334209405153,0.6427808893457699,0.6767995060283877,0.026837682517492478,18,random search for 3 group,2
0.7841588656107584,0.08635921471227938,0.2102996508280436,0.026307685718678035,0.8937172238893745,0.7047271240276307,"{'colsample_bytree': 0.8937172238893745, 'subsample': 0.7047271240276307}",0.7065775678301265,0.672009859362177,0.601738358604117,0.6601085952654735,0.04361991145572829,128,random search for 3 group,2
0.6893420219421387,0.02505955577461555,0.09511431058247884,0.054984164101580926,0.5371581745753183,0.5758306497904222,"{'colsample_bytree': 0.5371581745753183, 'subsample': 0.5758306497904222}",0.7162267282785402,0.6715117806325661,0.554546351929285,0.6474282869467971,0.06816718186534021,205,random search for 3 group,2
0.7414579391479492,0.07095336219022104,0.1611344814300537,0.05351678250631567,0.5203973150645869,0.7301121860817216,"{'colsample_bytree': 0.5203973150645869, 'subsample': 0.7301121860817216}",0.7137349174092131,0.6617640535010111,0.5986147344218051,0.6580379017773431,0.04707141586826285,141,random search for 3 group,2
0.6619070370992025,0.04856837918784194,0.05669625600179037,0.006728722679510609,0.5367237804995333,0.5738696694403709,"{'colsample_bytree': 0.5367237804995333, 'subsample': 0.5738696694403709}",0.7157262512968621,0.658372187574361,0.5645492375348113,0.6462158921353448,0.06231347640012447,215,random search for 3 group,2
0.7283552487691244,0.09328837370102969,0.11940892537434895,0.07313875573586305,0.7757640363623939,0.6491238942608384,"{'colsample_bytree': 0.7757640363623939, 'subsample': 0.6491238942608384}",0.7167107256554781,0.6811648320044899,0.6540443760252618,0.68397331122841,0.02566039114611625,1,random search for 3 group,2
0.7041431268056234,0.11124086032364273,0.14667860666910806,0.06689796722692197,0.7484141590944717,0.5343126319351328,"{'colsample_bytree': 0.7484141590944717, 'subsample': 0.5343126319351328}",0.7236382754628721,0.6559153932283956,0.6588318481029991,0.6794618389314223,0.03126014060239023,11,random search for 3 group,2
0.6950266361236572,0.021432853971933456,0.09443926811218262,0.04709689346015107,0.88034143921074,0.5702142265580836,"{'colsample_bytree': 0.88034143921074, 'subsample': 0.5702142265580836}",0.7093156308908615,0.6639760958285348,0.5676162958509734,0.6469693408567899,0.059085236022142,209,random search for 3 group,2
0.7212315400441488,0.08168679335113867,0.15407252311706543,0.06575041232618271,0.8476155732964933,0.5013922598850927,"{'colsample_bytree': 0.8476155732964933, 'subsample': 0.5013922598850927}",0.7068728304921463,0.6706200440704483,0.6412531925041226,0.6729153556889057,0.026838226021717496,44,random search for 3 group,2
0.6014548937479655,0.12448983312874576,0.05000861485799154,0.00496171308265525,0.5894713739534543,0.6796562005512946,"{'colsample_bytree': 0.5894713739534543, 'subsample': 0.6796562005512946}",0.7204924164464108,0.6613121561703137,0.5824157065732318,0.6547400930633188,0.05656081365788069,166,random search for 3 group,2
0.7509713967641195,0.08295635309159471,0.17772881189982095,0.09282064908564108,0.8905800992785629,0.5863798983472858,"{'colsample_bytree': 0.8905800992785629, 'subsample': 0.5863798983472858}",0.7080355926911346,0.6768669872050979,0.6405076884248411,0.6751367561070246,0.027595286293000364,34,random search for 3 group,2
0.6785991986592611,0.06556783668432352,0.11025214195251465,0.057362391113659046,0.7238222777712977,0.7722239136552516,"{'colsample_bytree': 0.7238222777712977, 'subsample': 0.7722239136552516}",0.7125789740368338,0.6766536522541834,0.6012314554711078,0.6634880272540417,0.04640091761965807,103,random search for 3 group,2
0.7497448126475016,0.05970442480157594,0.1270453135172526,0.07906397871444322,0.8579181475690325,0.8359682923852989,"{'colsample_bytree': 0.8579181475690325, 'subsample': 0.8359682923852989}",0.7148766581717205,0.6820616873718683,0.5232916167411268,0.6400766540949052,0.08365908713121109,227,random search for 3 group,2
0.8087664445241293,0.10768989398300645,0.2085233529408773,0.04639815172313105,0.6197846915445664,0.5281736958568579,"{'colsample_bytree': 0.6197846915445664, 'subsample': 0.5281736958568579}",0.7177668666858386,0.6665358497887811,0.552369205992997,0.6455573074892055,0.06913354693840705,216,random search for 3 group,2
0.7263596852620443,0.014529054337206646,0.13776127497355142,0.07468432767509299,0.6579356387903885,0.5477102738365219,"{'colsample_bytree': 0.6579356387903885, 'subsample': 0.5477102738365219}",0.7188650568687576,0.667954297512068,0.597060253751797,0.6612932027108742,0.04994917519207731,118,random search for 3 group,2
0.6577385266621908,0.05091390069466579,0.05500475565592448,0.0024718447858081954,0.6760393301578524,0.6618191062304007,"{'colsample_bytree': 0.6760393301578524, 'subsample': 0.6618191062304007}",0.7214578379320942,0.6718214582636993,0.6518474057300783,0.6817089006419573,0.029265727457504408,3,random search for 3 group,2
0.848922332127889,0.17187229669484116,0.12101912498474121,0.02945123350261959,0.5809071389595016,0.6332690947648688,"{'colsample_bytree': 0.5809071389595016, 'subsample': 0.6332690947648688}",0.7168567735998599,0.6741526050270894,0.6062204582328459,0.665743278953265,0.045556822710832036,93,random search for 3 group,2
0.7612908681233724,0.113798949383375,0.12441825866699219,0.046995335632118586,0.7089643232159084,0.6838697413542864,"{'colsample_bytree': 0.7089643232159084, 'subsample': 0.6838697413542864}",0.7211374050089793,0.6855936972987391,0.5969504210635393,0.6678938411237526,0.05222110318525544,76,random search for 3 group,2
0.8208924929300944,0.07265380662342093,0.1047372817993164,0.07922997897564621,0.8321851600817707,0.7371049408469129,"{'colsample_bytree': 0.8321851600817707, 'subsample': 0.7371049408469129}",0.7107142815152868,0.651963902534049,0.6590508030857508,0.6739096623783621,0.026185123412833546,39,random search for 3 group,2
0.7115887006123861,0.09579912340427638,0.15871834754943848,0.012439380214055705,0.7797626318061865,0.5579820792041472,"{'colsample_bytree': 0.7797626318061865, 'subsample': 0.5579820792041472}",0.7151626391942901,0.6740974010204257,0.6411121325349602,0.676790724249892,0.030290921375220135,19,random search for 3 group,2
0.7777674992879232,0.07114440714037462,0.1462411880493164,0.05772503654668715,0.5967234210723393,0.8174173487701489,"{'colsample_bytree': 0.5967234210723393, 'subsample': 0.8174173487701489}",0.724190287529245,0.6748674377536741,0.617479804093876,0.6721791764589318,0.04360582438424286,48,random search for 3 group,2
0.649599552154541,0.042349735981173885,0.05252408981323242,0.004641590828518054,0.8851954006549729,0.7064287220633766,"{'colsample_bytree': 0.8851954006549729, 'subsample': 0.7064287220633766}",0.7121368859721194,0.6893218498297059,0.5525882346480042,0.6513489901499432,0.0704528049549495,184,random search for 3 group,2
0.4957561492919922,0.0882401988159069,0.2789004643758138,0.09639615995192721,0.6327981254100463,0.5702876508651489,"{'colsample_bytree': 0.6327981254100463, 'subsample': 0.5702876508651489}",0.723269466001384,0.6637923441203343,0.6549331509834926,0.6806649870350703,0.030342242795067795,8,random search for 3 group,2
0.5810601711273193,0.10006232030773655,0.10322856903076172,0.06982130381909982,0.5562933123770126,0.5818314342970052,"{'colsample_bytree': 0.5562933123770126, 'subsample': 0.5818314342970052}",0.7155641592315246,0.6727072997952912,0.5557320125269751,0.6480011571845969,0.06754935919790371,200,random search for 3 group,2
0.8557969729105631,0.18628309840365126,0.12251051266988118,0.057861444959473686,0.5276404038334659,0.827708656619581,"{'colsample_bytree': 0.5276404038334659, 'subsample': 0.827708656619581}",0.7329397956274415,0.6629668557041359,0.5877040532792902,0.6612035682036225,0.05930535164700145,121,random search for 3 group,2
0.7240506013234457,0.0727711597575187,0.11265126864115398,0.042699621762370306,0.540249932200757,0.5255615631772701,"{'colsample_bytree': 0.540249932200757, 'subsample': 0.5255615631772701}",0.72134053673436,0.6507726426370838,0.6336096003115267,0.6685742598943235,0.03796360084903037,72,random search for 3 group,2
0.6731088956197103,0.030941914539813615,0.14728053410847983,0.06598290285652805,0.6771336877603811,0.7036570423413129,"{'colsample_bytree': 0.6771336877603811, 'subsample': 0.7036570423413129}",0.7121585960296004,0.6657979872116825,0.5802797468642515,0.6527454433685115,0.054624685444571885,173,random search for 3 group,2
0.6525428295135498,0.042951156891634965,0.05487386385599772,0.0033909308493090323,0.6783824909332486,0.5155354769213187,"{'colsample_bytree': 0.6783824909332486, 'subsample': 0.5155354769213187}",0.7115553879258073,0.6652739530166897,0.5570994647587753,0.6446429352337574,0.0647219036669698,219,random search for 3 group,2
0.7760213216145834,0.07285683531088386,0.18005816141764322,0.06337524147584292,0.7464823782815299,0.5371680448454036,"{'colsample_bytree': 0.7464823782815299, 'subsample': 0.5371680448454036}",0.7242133927657728,0.6737208006758741,0.5783594612361276,0.6587645515592582,0.060476493374932126,135,random search for 3 group,2
0.8973224957784017,0.14818465512759038,0.10461862881978352,0.07059628009035826,0.8290241081715866,0.7695669570309852,"{'colsample_bytree': 0.8290241081715866, 'subsample': 0.7695669570309852}",0.7149558307873228,0.6607703932190918,0.6505816401612294,0.675435954722548,0.028252647372708228,30,random search for 3 group,2
0.8331335385640463,0.15929938511965488,0.20473655064900717,0.046759145942536086,0.8707016199874617,0.5566182518739327,"{'colsample_bytree': 0.8707016199874617, 'subsample': 0.5566182518739327}",0.7159219120914053,0.6734696430598355,0.610696510472754,0.666696021874665,0.04322428132752672,81,random search for 3 group,2
0.8442568778991699,0.126528158219025,0.10574086507161458,0.0704247412973313,0.7648801100928613,0.5599713818952619,"{'colsample_bytree': 0.7648801100928613, 'subsample': 0.5599713818952619}",0.7179826269392582,0.6829358935855849,0.5983372667155522,0.6664185957467984,0.05022196665262772,84,random search for 3 group,2
0.7505214214324951,0.1072622873309539,0.16750224431355795,0.06526078031794892,0.5643691158995429,0.5151897333418374,"{'colsample_bytree': 0.5643691158995429, 'subsample': 0.5151897333418374}",0.7189965353112427,0.6545796196732689,0.6075481425238367,0.6603747658361162,0.04568277467500237,125,random search for 3 group,2
0.7683866024017334,0.048880665725028145,0.12051971753438313,0.07872510518326958,0.5356600457582812,0.7643020715855728,"{'colsample_bytree': 0.5356600457582812, 'subsample': 0.7643020715855728}",0.716745242373351,0.6716792518083157,0.610827476811566,0.666417323664411,0.04340053134270766,85,random search for 3 group,2
0.6819415092468262,0.01563734236111622,0.11168479919433594,0.0420700929481859,0.6329778710872327,0.8558171343722198,"{'colsample_bytree': 0.6329778710872327, 'subsample': 0.8558171343722198}",0.7037374031299826,0.6781158230663985,0.5861191297524739,0.6559907853162851,0.05050183184571658,160,random search for 3 group,2
0.6923506259918213,0.08735330127288155,0.2029272715250651,0.04202089832143481,0.8578279259596493,0.8131140116100597,"{'colsample_bytree': 0.8578279259596493, 'subsample': 0.8131140116100597}",0.7090557525026385,0.6699951460961404,0.5425936605306705,0.6405481863764831,0.07107624822901729,226,random search for 3 group,2
0.7159358660380045,0.02583735513452272,0.0742780367533366,0.03626246662325078,0.8209528658132199,0.7736132297075146,"{'colsample_bytree': 0.8209528658132199, 'subsample': 0.7736132297075146}",0.7079051197772523,0.6752694723114697,0.6112674147275492,0.6648140022720904,0.040138918351367535,100,random search for 3 group,2
0.7601698239644369,0.06514363030305219,0.09719514846801758,0.06628859400465431,0.8224042852855844,0.5802188502932351,"{'colsample_bytree': 0.8224042852855844, 'subsample': 0.5802188502932351}",0.7069461069200395,0.6763409712789915,0.6447789876773955,0.6760220219588088,0.02538062220453381,24,random search for 3 group,2
0.7830038070678711,0.11092068059576202,0.18101421991984049,0.030675294295559555,0.5404023404638391,0.8479382509625522,"{'colsample_bytree': 0.5404023404638391, 'subsample': 0.8479382509625522}",0.7146213113385422,0.6690986007354893,0.5560101478978098,0.6465766866572804,0.06668234525127498,213,random search for 3 group,2
0.695907990137736,0.023267311131018736,0.05523681640625,0.0046945312325993895,0.7811300399213479,0.8434813339799756,"{'colsample_bytree': 0.7811300399213479, 'subsample': 0.8434813339799756}",0.7171536078319534,0.6678720999490534,0.5877708213326602,0.6575988430378891,0.05331748441335486,146,random search for 3 group,2
0.7668687502543131,0.1461353323722913,0.1031664212544759,0.036477213129850534,0.6874386466538613,0.679573482041897,"{'colsample_bytree': 0.6874386466538613, 'subsample': 0.679573482041897}",0.721112064135473,0.6709582399606687,0.5742311618231115,0.6554338219730844,0.060960399886118934,163,random search for 3 group,2
0.6499062379201254,0.05800385479858524,0.09782719612121582,0.06119222632409117,0.7017271910694272,0.5031140056159763,"{'colsample_bytree': 0.7017271910694272, 'subsample': 0.5031140056159763}",0.7158779099741028,0.6709760509102229,0.6420063792214199,0.6762867800352486,0.030390828077077152,22,random search for 3 group,2
0.7890896002451578,0.07223992878085217,0.10415832201639812,0.08008998670893015,0.5295333623537972,0.6115936538617939,"{'colsample_bytree': 0.5295333623537972, 'subsample': 0.6115936538617939}",0.7134558413522866,0.6589072117214194,0.6113931516387432,0.6612520682374831,0.041699895459113186,120,random search for 3 group,2
0.7928956349690756,0.12324816277892797,0.1902477741241455,0.011129485535407175,0.584883922403202,0.5769460251976869,"{'colsample_bytree': 0.584883922403202, 'subsample': 0.5769460251976869}",0.7218949859361457,0.6759955560093007,0.5738482564449239,0.6572462661301234,0.06187681542921556,152,random search for 3 group,2
0.5896730422973633,0.0974338623458713,0.05069669087727865,0.004470544498520528,0.7843928298200545,0.8672791395906354,"{'colsample_bytree': 0.7843928298200545, 'subsample': 0.8672791395906354}",0.7188718463490648,0.6872739174681761,0.6160542281410467,0.6740666639860958,0.04300146750904656,38,random search for 3 group,2
0.705686092376709,0.21656629054248144,0.07935682932535808,0.040259206381000126,0.8356645234473608,0.5747290744920747,"{'colsample_bytree': 0.8356645234473608, 'subsample': 0.5747290744920747}",0.7149349589137856,0.6587581378449554,0.5798906111146808,0.6511945692911406,0.055390430250917215,186,random search for 3 group,2
0.7540293534596761,0.01987289752425309,0.11807560920715332,0.05486632485758691,0.5414618752793544,0.6486313886977108,"{'colsample_bytree': 0.5414618752793544, 'subsample': 0.6486313886977108}",0.7092668810131166,0.6638375507492091,0.49506446638922563,0.6227229660505171,0.09215376792400033,242,random search for 3 group,2
0.7357479731241862,0.08289378886431545,0.1611471970876058,0.05442954570448561,0.8414024997083116,0.7547518598452356,"{'colsample_bytree': 0.8414024997083116, 'subsample': 0.7547518598452356}",0.7345538378411792,0.6650911989697754,0.570348048364739,0.6566643617252312,0.06730103522658366,156,random search for 3 group,2
0.7575766245524088,0.04391999039796182,0.0944231351216634,0.05504448125730682,0.7893979822352342,0.769679617736347,"{'colsample_bytree': 0.7893979822352342, 'subsample': 0.769679617736347}",0.7066579549653783,0.6716272408450625,0.6197144842557518,0.6659998933553976,0.03571686860654686,89,random search for 3 group,2
0.7825618584950765,0.055854238515829595,0.1703499952952067,0.040531463682359235,0.6980652605233147,0.5752092258336854,"{'colsample_bytree': 0.6980652605233147, 'subsample': 0.5752092258336854}",0.7251605159519598,0.6641225024916966,0.6408390343996818,0.6767073509477793,0.035555701566131595,20,random search for 3 group,2
0.7219843069712321,0.017538383308426518,0.05370513598124186,0.005441918374249717,0.8605506782394496,0.7954879502199329,"{'colsample_bytree': 0.8605506782394496, 'subsample': 0.7954879502199329}",0.714928303230679,0.6702240832873334,0.6466292244269646,0.677260536981659,0.028323427309129217,16,random search for 3 group,2
0.7179435094197592,0.04434144853596546,0.10483503341674805,0.06203825267963948,0.7125276880842676,0.796223016969128,"{'colsample_bytree': 0.7125276880842676, 'subsample': 0.796223016969128}",0.7098852694638925,0.669173009578232,0.6378635183805297,0.6723072658075514,0.029486164313247434,47,random search for 3 group,2
0.7376187642415365,0.029256033177724974,0.11102906862894694,0.0503213435998739,0.6133059435658341,0.5786939704328613,"{'colsample_bytree': 0.6133059435658341, 'subsample': 0.5786939704328613}",0.7277063214618718,0.6559505969512036,0.5854800287281172,0.6563789823803975,0.058064431004151866,157,random search for 3 group,2
0.7427530288696289,0.08165023277648725,0.157149871190389,0.03811560740525491,0.5662160115737713,0.8974345021701327,"{'colsample_bytree': 0.5662160115737713, 'subsample': 0.8974345021701327}",0.7129690211164313,0.6477856006688136,0.6358924819596405,0.6655490345816285,0.033880701590318175,94,random search for 3 group,2
0.7483460903167725,0.019156324627773502,0.10189938545227051,0.06034624666262297,0.5625908108193922,0.782000475661659,"{'colsample_bytree': 0.5625908108193922, 'subsample': 0.782000475661659}",0.7222098107909105,0.6625641853946931,0.6115453808659718,0.6654397923505252,0.045224299140884,95,random search for 3 group,2
0.7344275315602621,0.08429931343168343,0.17920732498168945,0.05297904619402431,0.7888897034938005,0.5212244817121254,"{'colsample_bytree': 0.7888897034938005, 'subsample': 0.5212244817121254}",0.7185211371204232,0.6528888550036773,0.615589009686068,0.6623330006033895,0.042549184317461804,113,random search for 3 group,2
0.7297182083129883,0.07717278805285432,0.11281379063924153,0.07852453869237762,0.631209072502596,0.6591068280878616,"{'colsample_bytree': 0.631209072502596, 'subsample': 0.6591068280878616}",0.7123565180873368,0.6700862721574539,0.5489896294652522,0.6438108065700142,0.0692338315343623,222,random search for 3 group,2
0.6985767682393392,0.03928094795777953,0.0820310910542806,0.04173207610235198,0.6714475142212285,0.632306915446194,"{'colsample_bytree': 0.6714475142212285, 'subsample': 0.632306915446194}",0.7238413547623492,0.6626130154537178,0.6291297846392839,0.6718613849517836,0.03921496000740573,51,random search for 3 group,2
0.7607887585957845,0.03521246642201015,0.14014490445454916,0.06665883440736874,0.5381402535578039,0.7062510458611594,"{'colsample_bytree': 0.5381402535578039, 'subsample': 0.7062510458611594}",0.7126002614711833,0.6736254716186796,0.5891683845135057,0.6584647058677895,0.05151856413591016,139,random search for 3 group,2
0.729856014251709,0.12139129156311042,0.13382768630981445,0.06230761273835692,0.5380809935663097,0.6797232967838942,"{'colsample_bytree': 0.5380809935663097, 'subsample': 0.6797232967838942}",0.7156559325700858,0.6781312840819911,0.62097401774867,0.6715870781335823,0.03892973347099317,55,random search for 3 group,2
0.7105545997619629,0.008258143971191956,0.0802923043568929,0.04176199855730846,0.6917959131626912,0.5100146419509081,"{'colsample_bytree': 0.6917959131626912, 'subsample': 0.5100146419509081}",0.7196404042230335,0.6678768008731941,0.5609729515652979,0.6494967188871752,0.06606668698410355,192,random search for 3 group,2
0.7503332297007242,0.07153541272025558,0.1440154711405436,0.031500380463923526,0.6594541626996393,0.7720540787287671,"{'colsample_bytree': 0.6594541626996393, 'subsample': 0.7720540787287671}",0.7206067500616335,0.6857258057146349,0.610032632133238,0.6721217293031688,0.04615526015647215,49,random search for 3 group,2
0.7031434377034506,0.019752413714675652,0.09431783358256023,0.05585282440544405,0.5859514810848535,0.6776391297144975,"{'colsample_bytree': 0.5859514810848535, 'subsample': 0.6776391297144975}",0.712712202475287,0.6676453406745249,0.6195661219071853,0.6666412216856658,0.03803335617154731,82,random search for 3 group,2
0.8387142817179362,0.2525751169116451,0.09832549095153809,0.04697956144906535,0.5637509712798625,0.536301568244482,"{'colsample_bytree': 0.5637509712798625, 'subsample': 0.536301568244482}",0.7235973221470954,0.6640942565802651,0.45548962827597894,0.6143937356677798,0.11495807993192232,243,random search for 3 group,2
0.7780520915985107,0.04693641968957088,0.13820735613505045,0.05740738311285549,0.8239649148888071,0.5499789829534022,"{'colsample_bytree': 0.8239649148888071, 'subsample': 0.5499789829534022}",0.7241381661800681,0.6724767714476547,0.5137725199606452,0.6367958191961227,0.0895107965276105,232,random search for 3 group,2
0.7678479353586832,0.12662097485306462,0.13367374738057455,0.061936727826164266,0.6245196509008314,0.6126694690613649,"{'colsample_bytree': 0.6245196509008314, 'subsample': 0.6126694690613649}",0.7144072788902306,0.6647448714856758,0.5921717031722543,0.6571079511827201,0.05019379713710682,153,random search for 3 group,2
0.7174293200174967,0.018921077174815823,0.10182706514994304,0.03328426961685451,0.8383232917550487,0.775711782125347,"{'colsample_bytree': 0.8383232917550487, 'subsample': 0.775711782125347}",0.7166560347248225,0.660847665935693,0.6007012799576421,0.6594016602060525,0.04734937160939486,129,random search for 3 group,2
0.7318313916524252,0.10371239167754244,0.1398007869720459,0.03356155149860847,0.6009631170447733,0.5526710752963727,"{'colsample_bytree': 0.6009631170447733, 'subsample': 0.5526710752963727}",0.7162967500020266,0.6743175346578361,0.6272687908476409,0.6726276918358346,0.03636514864877312,45,random search for 3 group,2
0.7235775788625082,0.031118860759241074,0.10268362363179524,0.054548588952017564,0.5327226189474177,0.8108244633333639,"{'colsample_bytree': 0.5327226189474177, 'subsample': 0.8108244633333639}",0.7264479244952153,0.6641141338223433,0.5658651213649282,0.6521423932274956,0.06610194699577254,178,random search for 3 group,2
0.6639216740926107,0.06344668584457018,0.07515788078308105,0.02925350427920837,0.8341120037883654,0.5097273756448981,"{'colsample_bytree': 0.8341120037883654, 'subsample': 0.5097273756448981}",0.7006031391749004,0.6614638634906417,0.5643930052234545,0.6421533359629988,0.057259482491633915,224,random search for 3 group,2
0.7768072287241617,0.026387926644116187,0.21576658884684244,0.019529900343104128,0.5993828059983166,0.5375442887161086,"{'colsample_bytree': 0.5993828059983166, 'subsample': 0.5375442887161086}",0.7173944854860393,0.659427691688008,0.6121853786150897,0.6630025185963789,0.04302575649316997,110,random search for 3 group,2
0.6579857667287191,0.024237862329171047,0.10110004742940266,0.07133192118680776,0.5720250300666786,0.8457462420984765,"{'colsample_bytree': 0.5720250300666786, 'subsample': 0.8457462420984765}",0.7262270928031432,0.6673219193438393,0.5452328158976933,0.6462606093482254,0.0753764603050589,214,random search for 3 group,2
0.9214407602945963,0.20891095964877268,0.13685782750447592,0.02104561060862229,0.6364550420026305,0.8890505407881644,"{'colsample_bytree': 0.6364550420026305, 'subsample': 0.8890505407881644}",0.7185944815525611,0.6450342365057411,0.5600262829287339,0.6412183336623454,0.0647914049833981,225,random search for 3 group,2
0.9030481179555258,0.12474539031720944,0.08684897422790527,0.04734242024973635,0.6213306353174121,0.6305261313333056,"{'colsample_bytree': 0.6213306353174121, 'subsample': 0.6305261313333056}",0.7192291025681197,0.6852661634279622,0.6221123719287629,0.6755358793082816,0.04024030868260188,28,random search for 3 group,2
0.8649330933888754,0.1388207124605765,0.2147825558980306,0.04930915275822347,0.8735702769452391,0.6865788674754855,"{'colsample_bytree': 0.8735702769452391, 'subsample': 0.6865788674754855}",0.7111436758424854,0.6667855497429221,0.5795105993671654,0.6524799416508577,0.05468274878943184,176,random search for 3 group,2
0.69093124071757,0.010134943943138767,0.054665724436442055,0.0022582938872150135,0.6367452727744527,0.655135573953781,"{'colsample_bytree': 0.6367452727744527, 'subsample': 0.655135573953781}",0.7244399537871107,0.6589893887882617,0.5149391391152542,0.6327894938968756,0.08751180379919289,239,random search for 3 group,2
0.5169354279836019,0.021849949196101108,0.10714904467264812,0.0698634663073016,0.6564652078888142,0.6556497322092497,"{'colsample_bytree': 0.6564652078888142, 'subsample': 0.6556497322092497}",0.7134093056204733,0.6479946105668997,0.5680317381128439,0.6431452181000723,0.05944911964070244,223,random search for 3 group,2
0.731123685836792,0.12271521905436221,0.21614933013916016,0.005949196973904938,0.8999199195030261,0.5539662682704956,"{'colsample_bytree': 0.8999199195030261, 'subsample': 0.5539662682704956}",0.710379133155992,0.6660617031780466,0.6370551160169076,0.6711653174503155,0.03015115289485369,58,random search for 3 group,2
0.712744951248169,0.012953168658297095,0.10159166653951009,0.06328257446534538,0.849952180693039,0.7278603561900686,"{'colsample_bytree': 0.849952180693039, 'subsample': 0.7278603561900686}",0.7046001692744486,0.676941112907937,0.5809814756926157,0.6541742526250004,0.05297258911347036,168,random search for 3 group,2
0.7144443194071451,0.09226920129893926,0.18887130419413248,0.006883190521582098,0.5116982032019523,0.5369781363932712,"{'colsample_bytree': 0.5116982032019523, 'subsample': 0.5369781363932712}",0.7190581901887969,0.6693393500666625,0.5558588217682643,0.6480854540079078,0.06829985132474028,198,random search for 3 group,2
0.6712972323099772,0.029252922517421433,0.07422272364298503,0.03474646952043072,0.8796473364727466,0.7995170961081975,"{'colsample_bytree': 0.8796473364727466, 'subsample': 0.7995170961081975}",0.7052730354378637,0.6793106793488641,0.6444872199099014,0.6763569782322097,0.024903441597026413,21,random search for 3 group,2
0.784651517868042,0.06735640614037151,0.2104825178782145,0.036705450963363334,0.6467846805609021,0.7628286957514016,"{'colsample_bytree': 0.6467846805609021, 'subsample': 0.7628286957514016}",0.7293930609455095,0.6760234101688314,0.6082110750279293,0.6712091820474234,0.04958932023487766,56,random search for 3 group,2
0.6694887479146322,0.05115821765212186,0.045492331186930336,0.0018122764222815327,0.5785973564659245,0.7057138361336466,"{'colsample_bytree': 0.5785973564659245, 'subsample': 0.7057138361336466}",0.7120975966617453,0.6673740510438133,0.6219208736881988,0.6671308404645858,0.036814894676849876,78,random search for 3 group,2
0.761098305384318,0.2717097544112221,0.13489198684692383,0.06238991764729149,0.697752065795659,0.8086470354835451,"{'colsample_bytree': 0.697752065795659, 'subsample': 0.8086470354835451}",0.7175738925602646,0.6860672217397719,0.6421692729241659,0.6819367957414008,0.030922046933239446,2,random search for 3 group,2
0.801349957784017,0.10889040391128789,0.1093152364095052,0.08508837524142879,0.5096006715594611,0.5231921018816987,"{'colsample_bytree': 0.5096006715594611, 'subsample': 0.5231921018816987}",0.7177252620413468,0.6613197154347854,0.6054276590140147,0.661490878830049,0.04584546421840786,116,random search for 3 group,2
0.8947025934855143,0.23733910186219903,0.1306604544321696,0.05152108785066074,0.7075355273831353,0.6185353886091423,"{'colsample_bytree': 0.7075355273831353, 'subsample': 0.6185353886091423}",0.7187420234963997,0.6651144848927492,0.6281689789884113,0.6706751624591867,0.037184763448756125,61,random search for 3 group,2
0.43505295117696124,0.12397505763226105,0.0919794241587321,0.0545514260620644,0.8105248574834587,0.5804507508708859,"{'colsample_bytree': 0.8105248574834587, 'subsample': 0.5804507508708859}",0.7089918186963509,0.6484073041826723,0.583280179286005,0.646893100721676,0.05133272951961012,210,random search for 3 group,2
0.7226197719573975,0.11176581318277685,0.2424644629160563,0.020221446133688724,0.8799605798559258,0.6381550255153042,"{'colsample_bytree': 0.8799605798559258, 'subsample': 0.6381550255153042}",0.6974619414936134,0.6851918636833967,0.6146615193947202,0.6657717748572435,0.03648590926600277,92,random search for 3 group,2
0.7400585015614828,0.06162334892279629,0.10370898246765137,0.07336380827907175,0.8504782894657663,0.6283483265075208,"{'colsample_bytree': 0.8504782894657663, 'subsample': 0.6283483265075208}",0.7088740764366936,0.67297327639221,0.6412237941212646,0.6743570489833894,0.02763543973810183,36,random search for 3 group,2
0.596635897954305,0.037299881535246715,0.10193332036336263,0.058097163718193755,0.5545888728590593,0.6170287631342931,"{'colsample_bytree': 0.5545888728590593, 'subsample': 0.6170287631342931}",0.7170789839765643,0.6718872952889843,0.6065428915346504,0.6651697236000663,0.04537547986984933,96,random search for 3 group,2
0.7549691200256348,0.06852293662407419,0.17032821973164877,0.024919834243380724,0.8086307193397674,0.7509073275909006,"{'colsample_bytree': 0.8086307193397674, 'subsample': 0.7509073275909006}",0.717108772868968,0.6623510818974244,0.6043730958898662,0.6612776502187528,0.04603040594839226,119,random search for 3 group,2
0.7231285572052002,0.028647129685401295,0.08989739418029785,0.0248164061270512,0.7390455525663063,0.7810377816659171,"{'colsample_bytree': 0.7390455525663063, 'subsample': 0.7810377816659171}",0.719775404495432,0.6561065815326477,0.5960966600239311,0.6573262153506704,0.05049900057426383,150,random search for 3 group,2
0.7755582332611084,0.02895681052133905,0.20703577995300293,0.04850141166467974,0.835023372690871,0.8696585005739321,"{'colsample_bytree': 0.835023372690871, 'subsample': 0.8696585005739321}",0.7108655429356141,0.6809486594938884,0.5613326378107953,0.651048946746766,0.06460400939847485,188,random search for 3 group,2
0.7132539749145508,0.04749847741561968,0.09210960070292155,0.05303251962689112,0.5775391540368895,0.8508945444701217,"{'colsample_bytree': 0.5775391540368895, 'subsample': 0.8508945444701217}",0.7178025139532448,0.6664023409475934,0.5967664757799493,0.6603237768935958,0.04959934367771931,126,random search for 3 group,2
0.8261902332305908,0.21455351419848062,0.21111345291137695,0.1110923458962047,0.8189098964316834,0.8171549660758213,"{'colsample_bytree': 0.8189098964316834, 'subsample': 0.8171549660758213}",0.7176151384067023,0.689320492479102,0.6049310876445726,0.6706222395101257,0.047865382912980946,62,random search for 3 group,2
0.6380085945129395,0.044174467227514405,0.05185548464457194,0.006175825832394528,0.764824360372387,0.6785939861775976,"{'colsample_bytree': 0.764824360372387, 'subsample': 0.6785939861775976}",0.7111543983231006,0.6549135706491327,0.5753714559835985,0.6471464749852772,0.05570456407920717,207,random search for 3 group,2
0.6672711372375488,0.034849347161929965,0.09235397974650066,0.05459753389081543,0.7780456937033132,0.892416645440925,"{'colsample_bytree': 0.7780456937033132, 'subsample': 0.892416645440925}",0.7071804868334925,0.6810148011450619,0.616386890476263,0.668194059484939,0.03815885958644103,74,random search for 3 group,2
0.8235957622528076,0.07454061610237758,0.16713412602742514,0.006413486439099176,0.6556644247134623,0.8056406632364979,"{'colsample_bytree': 0.6556644247134623, 'subsample': 0.8056406632364979}",0.7225605737621992,0.6655829238967789,0.6557840288471775,0.6813091755020517,0.0294421803977586,7,random search for 3 group,2
0.7557078997294108,0.11142684091906606,0.12308724721272786,0.10463323640401642,0.5334724315656729,0.5219147292565511,"{'colsample_bytree': 0.5334724315656729, 'subsample': 0.5219147292565511}",0.7204866889658676,0.6681194457394495,0.595609136433803,0.6614050903797067,0.05120164520483252,117,random search for 3 group,2
0.8054007689158121,0.053261284045778165,0.16930063565572104,0.01616178350397802,0.75416917426827,0.5440912152002819,"{'colsample_bytree': 0.75416917426827, 'subsample': 0.5440912152002819}",0.7249057272458376,0.6764228385364954,0.6435434451149911,0.6816240036324412,0.033418999856881126,4,random search for 3 group,2
0.6507304509480795,0.03799583933265151,0.06287010510762532,0.019587202404410888,0.7640744807553529,0.6350168383063745,"{'colsample_bytree': 0.7640744807553529, 'subsample': 0.6350168383063745}",0.7061472769166529,0.6897363420843933,0.6267938429533342,0.6742258206514601,0.03420208645471604,37,random search for 3 group,2
0.7784601847330729,0.06720786961236573,0.1939530372619629,0.012204926479760557,0.7526119569673714,0.521268160729671,"{'colsample_bytree': 0.7526119569673714, 'subsample': 0.521268160729671}",0.7182908964540062,0.6541498570318209,0.5374036788108388,0.6366148107655554,0.07488059277873321,234,random search for 3 group,2
0.7222417990366617,0.05126927125376691,0.0566094716389974,0.007067333007342209,0.5486466523343158,0.6987020604959325,"{'colsample_bytree': 0.5486466523343158, 'subsample': 0.6987020604959325}",0.7154531448772172,0.659192417179447,0.56942356606753,0.6480230427080648,0.06013720792983957,199,random search for 3 group,2
0.6360074679056803,0.10536627401388801,0.08347320556640625,0.04655694086619444,0.5621870965762965,0.8437299686098882,"{'colsample_bytree': 0.5621870965762965, 'subsample': 0.8437299686098882}",0.7265156696167574,0.6682549795051329,0.5942487574941226,0.6630064688720043,0.05412512761194344,109,random search for 3 group,2
0.8113196690877279,0.04061030750882757,0.1807254950205485,0.08563590978434853,0.8399382010619241,0.898187400508146,"{'colsample_bytree': 0.8399382010619241, 'subsample': 0.898187400508146}",0.7158014157602847,0.6848724251598051,0.5669527193326818,0.6558755200842572,0.06413318945766652,161,random search for 3 group,2
0.6618311405181885,0.16663237622326704,0.1279908021291097,0.06012270317683455,0.609862834611385,0.655085587245578,"{'colsample_bytree': 0.609862834611385, 'subsample': 0.655085587245578}",0.7135933718890275,0.6764540141268959,0.5832017878433888,0.6577497246197707,0.05485057965027946,144,random search for 3 group,2
0.7164267698923746,0.00893077744577128,0.08133618036905925,0.044372485328935285,0.669577087470786,0.8136078768317682,"{'colsample_bytree': 0.669577087470786, 'subsample': 0.8136078768317682}",0.7203333214071556,0.6541057172504621,0.6535681687819759,0.6760024024798645,0.03134746155903252,25,random search for 3 group,2
0.713374137878418,0.07431132961387743,0.18044781684875488,0.029830422903560586,0.5472036608374145,0.7295796988893349,"{'colsample_bytree': 0.5472036608374145, 'subsample': 0.7295796988893349}",0.7196956240810171,0.661182260370947,0.534056300850482,0.6383113951008154,0.07749321235233513,231,random search for 3 group,2
0.7583812872568766,0.04861924327255231,0.0970314343770345,0.06467589281987068,0.7416915242554543,0.677729232633298,"{'colsample_bytree': 0.7416915242554543, 'subsample': 0.677729232633298}",0.7190435821819945,0.6699385176006071,0.5540220092176547,0.6476680363334187,0.06918579159437471,202,random search for 3 group,2
0.7304574648539225,0.1019591472238214,0.08141207695007324,0.0396240383840099,0.6406944345099224,0.8632020142464272,"{'colsample_bytree': 0.6406944345099224, 'subsample': 0.8632020142464272}",0.7268509384018411,0.6696400477762096,0.6080126375233157,0.6681678745671222,0.04852669993170015,75,random search for 3 group,2
0.8447193304697672,0.11194910976055777,0.18006674448649088,0.059272616764334415,0.7619040370207619,0.7497664445213262,"{'colsample_bytree': 0.7619040370207619, 'subsample': 0.7497664445213262}",0.7075795789512683,0.6762734530064619,0.6211029381654273,0.6683186567077192,0.035749232518724236,73,random search for 3 group,2
0.7016916275024414,0.023794529168603334,0.07629807790120442,0.03483380361493434,0.8134401612530764,0.5552072043779122,"{'colsample_bytree': 0.8134401612530764, 'subsample': 0.5552072043779122}",0.7115170880653943,0.6709173583270449,0.6208633769116512,0.6677659411013636,0.03707624944520246,77,random search for 3 group,2
0.8105433781941732,0.08058536644776537,0.1395582358042399,0.06107655362648598,0.5982550487253144,0.5930703288968696,"{'colsample_bytree': 0.5982550487253144, 'subsample': 0.5930703288968696}",0.7198935037311464,0.660076778417203,0.5933996770778486,0.6577899864087327,0.051666198548091,142,random search for 3 group,2
0.67824387550354,0.06718083997700491,0.10256012280782063,0.038555541431882855,0.6558450973716622,0.7683654116049953,"{'colsample_bytree': 0.6558450973716622, 'subsample': 0.7683654116049953}",0.7225943492049325,0.6340859321000694,0.5519604855907989,0.6362135889652669,0.06967722748872691,235,random search for 3 group,2
0.7480496565500895,0.04243586523084597,0.10043104489644368,0.06645590450058841,0.8354803845620684,0.8721348133466431,"{'colsample_bytree': 0.8354803845620684, 'subsample': 0.8721348133466431}",0.7213052113697023,0.6778337692327541,0.5525720693342878,0.6505703499789147,0.07153175904143931,191,random search for 3 group,2
0.7067049344380697,0.06048295971488538,0.08487621943155925,0.040012116904895284,0.6100594452680951,0.5979119486720598,"{'colsample_bytree': 0.6100594452680951, 'subsample': 0.5979119486720598}",0.7128651172672005,0.6607364495271287,0.5840079755565978,0.6525365141169757,0.05292428521327802,175,random search for 3 group,2
0.7840878963470459,0.04705277049305107,0.13988383611043295,0.05725076978810581,0.61874803988065,0.5497530570042448,"{'colsample_bytree': 0.61874803988065, 'subsample': 0.5497530570042448}",0.7143910915662395,0.6336738698601414,0.6067454153875153,0.6516034589379655,0.04573839031833403,182,random search for 3 group,2
0.8478883107503256,0.31661276504194513,0.1223302682240804,0.03913039418228179,0.7559930921580296,0.7408046746991248,"{'colsample_bytree': 0.7559930921580296, 'subsample': 0.7408046746991248}",0.717236971839847,0.6700646786325082,0.5992798155709944,0.6621938220144499,0.04847635483191885,114,random search for 3 group,2
0.6936419010162354,0.02338962784645257,0.0660393238067627,0.015298670183050747,0.7368548229245453,0.598131582405607,"{'colsample_bytree': 0.7368548229245453, 'subsample': 0.598131582405607}",0.7163103300609015,0.6771392880783391,0.6219176074002302,0.6717890751798237,0.03872092549142032,53,random search for 3 group,2
0.8212592601776123,0.20636103671497558,0.13135472933451334,0.021472597350026826,0.7568315530605764,0.5180104218093838,"{'colsample_bytree': 0.7568315530605764, 'subsample': 0.5180104218093838}",0.7160402960472216,0.6630324302406673,0.6158567774026029,0.6649765012301639,0.04092284538016484,98,random search for 3 group,2
0.7189603646596273,0.04985747264533099,0.11735026041666667,0.09250659197045497,0.648931523728311,0.5095928801582003,"{'colsample_bytree': 0.648931523728311, 'subsample': 0.5095928801582003}",0.7191970727388028,0.6738572449405911,0.5872997552337905,0.6601180243043948,0.05471623908263474,127,random search for 3 group,2
0.6611096064249674,0.04680322550972448,0.08332943916320801,0.03474274530306667,0.6064473599782293,0.7056650161727381,"{'colsample_bytree': 0.6064473599782293, 'subsample': 0.7056650161727381}",0.7118589853129325,0.6673755480975295,0.597800897287083,0.659011810232515,0.0469380864851712,134,random search for 3 group,2
0.8433565298716227,0.11520209977083566,0.17750064531962076,0.003691245203709477,0.6457193877430496,0.6252757952724234,"{'colsample_bytree': 0.6457193877430496, 'subsample': 0.6252757952724234}",0.7219314163973982,0.6723939102210693,0.623272386672546,0.6725325710970046,0.04027749956399315,46,random search for 3 group,2
0.7590355078379313,0.06144168472624858,0.12142451604207356,0.09793914482192959,0.6047552141391783,0.5110080573198907,"{'colsample_bytree': 0.6047552141391783, 'subsample': 0.5110080573198907}",0.7091208747695934,0.6705408285121301,0.5817146436918346,0.6537921156578527,0.053344643380356375,170,random search for 3 group,2
0.659430980682373,0.008502324431857547,0.18858909606933594,0.03656552395780603,0.6713283235750553,0.7181352580007957,"{'colsample_bytree': 0.6713283235750553, 'subsample': 0.7181352580007957}",0.719741428557378,0.6432757072409194,0.5962533124444609,0.6530901494142528,0.05088923371178886,171,random search for 3 group,2
0.545012633005778,0.04989176682158254,0.21014062563578287,0.011693144493733997,0.8670981316651003,0.5257856322476758,"{'colsample_bytree': 0.8670981316651003, 'subsample': 0.5257856322476758}",0.7100359194113842,0.669722924624929,0.6556553338650251,0.6784713926337794,0.023046529608130178,13,random search for 3 group,2
0.5934240023295084,0.0926758807145297,0.055338541666666664,0.004479059333639575,0.727590581020686,0.7410900110076497,"{'colsample_bytree': 0.727590581020686, 'subsample': 0.7410900110076497}",0.7137273000480551,0.6775726885999662,0.5766935289879478,0.6559978392119897,0.05798660303509123,159,random search for 3 group,2
0.8057223955790201,0.10514709334308243,0.12726219495137533,0.05553799573184314,0.8250923047701086,0.79004374445322,"{'colsample_bytree': 0.8250923047701086, 'subsample': 0.79004374445322}",0.7154649334264698,0.6857914879207624,0.620325298276209,0.6738605732078137,0.03974625842807452,41,random search for 3 group,2
0.6557245254516602,0.038579057687495685,0.05404988924662272,0.006109864353878735,0.6602393798680825,0.6311722817618177,"{'colsample_bytree': 0.6602393798680825, 'subsample': 0.6311722817618177}",0.7164695660658192,0.6818135957676424,0.5204998426610199,0.6395943348314939,0.0853927499589762,228,random search for 3 group,2
0.7211982409159342,0.07902714667194854,0.13365880648295084,0.05149151948584336,0.6634321088463002,0.519720382681676,"{'colsample_bytree': 0.6634321088463002, 'subsample': 0.519720382681676}",0.7176593507782485,0.6361262447053165,0.6358353611064665,0.6632069855300106,0.038503819846543844,105,random search for 3 group,2
0.785332202911377,0.008854547764764732,0.11469507217407227,0.08036092122343333,0.6075238663984037,0.8580596515119523,"{'colsample_bytree': 0.6075238663984037, 'subsample': 0.8580596515119523}",0.7194993135019414,0.6545436566859351,0.5832084700879157,0.6524171467585974,0.05566081825353703,177,random search for 3 group,2
0.7356950441996256,0.05527424627166911,0.1566296418507894,0.05763848593042837,0.817120188199906,0.5730240083776519,"{'colsample_bytree': 0.817120188199906, 'subsample': 0.5730240083776519}",0.7057637452916041,0.6721157916405918,0.5272294988432906,0.6350363452584955,0.0774587343760915,237,random search for 3 group,2
0.7152566909790039,0.023200083228237082,0.08511964480082194,0.04682192430715944,0.7039814764134394,0.8749807269051753,"{'colsample_bytree': 0.7039814764134394, 'subsample': 0.8749807269051753}",0.7109122020210707,0.663458573673225,0.63913104798368,0.6711672745593252,0.029807175542682397,57,random search for 3 group,2
0.7513440450032552,0.059640845309275596,0.2059473196665446,0.04098696197733496,0.7118116962726702,0.7819489348887656,"{'colsample_bytree': 0.7118116962726702, 'subsample': 0.7819489348887656}",0.7204223350067215,0.6471930961042045,0.6428322575103318,0.6701492295404193,0.03559300566337823,65,random search for 3 group,2
0.5759948889414469,0.09444179327073898,0.060431877772013344,0.005524860741814989,0.8783572712990673,0.567972303288455,"{'colsample_bytree': 0.8783572712990673, 'subsample': 0.567972303288455}",0.7156061440323547,0.6727841927692658,0.6035188772753881,0.6639697380256696,0.046181957527314535,102,random search for 3 group,2
0.6410462856292725,0.07705678244916808,0.10391068458557129,0.07089268568506463,0.84905383647661,0.8429115407263723,"{'colsample_bytree': 0.84905383647661, 'subsample': 0.8429115407263723}",0.7133915830139326,0.6760962210327934,0.5511848254660912,0.6468908765042723,0.0693660443363959,211,random search for 3 group,2
0.7732218106587728,0.06492970058772225,0.1803746223449707,0.023889167896775077,0.7544209645899727,0.7895825361249009,"{'colsample_bytree': 0.7544209645899727, 'subsample': 0.7895825361249009}",0.7096142838455242,0.6680543251955012,0.5841288242728601,0.6539324777712952,0.05219335891372322,169,random search for 3 group,2
0.6508885224660238,0.013308390157921408,0.09898702303568523,0.07441842829986405,0.6036853648440454,0.5736022803619015,"{'colsample_bytree': 0.6036853648440454, 'subsample': 0.5736022803619015}",0.7110808842818229,0.6708137611189555,0.5632595698881037,0.6483847384296274,0.06239701403844309,196,random search for 3 group,2
0.8262420495351156,0.02662289481522463,0.15010476112365723,0.008115975514675074,0.7674048219097448,0.5581775589072218,"{'colsample_bytree': 0.7674048219097448, 'subsample': 0.5581775589072218}",0.7110231009164003,0.6730988017428381,0.6148966013103141,0.6663395013231842,0.03953346336335058,86,random search for 3 group,2
0.726757287979126,0.04152245288350579,0.09052594502766927,0.05867014123952291,0.8683050235460654,0.553565157515937,"{'colsample_bytree': 0.8683050235460654, 'subsample': 0.553565157515937}",0.7142134631307924,0.6789894610019891,0.5520967246837634,0.6484332162721816,0.06962146359740182,195,random search for 3 group,2
0.8592721621195475,0.08301425903946377,0.16903885205586752,0.06960453612333183,0.6750378446283617,0.5571699064608034,"{'colsample_bytree': 0.6750378446283617, 'subsample': 0.5571699064608034}",0.7124789824493987,0.6662634273008831,0.6165316307294679,0.6650913468265832,0.039179109271784966,97,random search for 3 group,2
0.654820442199707,0.04871379808025406,0.05182178815205892,0.0035500057398260535,0.5753461642582176,0.640587484272819,"{'colsample_bytree': 0.5753461642582176, 'subsample': 0.640587484272819}",0.7076391510237026,0.6727424012628735,0.5755983038827881,0.6519932853897881,0.05586645198183868,179,random search for 3 group,2
0.7545801003774008,0.1476995487201653,0.1257349650065104,0.05782172848103539,0.78662037030404,0.6609094134696786,"{'colsample_bytree': 0.78662037030404, 'subsample': 0.6609094134696786}",0.7256445191199993,0.6535940904857993,0.5873812623115602,0.6555399573057863,0.05646250581332677,162,random search for 3 group,2
0.7730924288431803,0.07167307322377134,0.09846862157185872,0.03974499836139146,0.8866174347462452,0.6410032824432048,"{'colsample_bytree': 0.8866174347462452, 'subsample': 0.6410032824432048}",0.7083864343293551,0.6814372787617634,0.6103338164743342,0.6667191765218176,0.041360575972898134,80,random search for 3 group,2
0.8972245852152506,0.059117699930221146,0.17018739382425943,0.10484053489273064,0.5260404861702896,0.7063785576156294,"{'colsample_bytree': 0.5260404861702896, 'subsample': 0.7063785576156294}",0.7101173146106734,0.6549846645018109,0.610686495164708,0.6585961580923975,0.04067271098570621,137,random search for 3 group,2
0.8290066719055176,0.2712045781030716,0.10269864400227864,0.045682777952340735,0.7730621583763748,0.8587421464638265,"{'colsample_bytree': 0.7730621583763748, 'subsample': 0.8587421464638265}",0.7179175224948231,0.6804631399469514,0.5718012631218305,0.6567273085212016,0.06196790880981658,155,random search for 3 group,2
0.8161595662434896,0.057568553587609914,0.13326597213745117,0.06389060957794095,0.8869597673086225,0.7478554189376743,"{'colsample_bytree': 0.8869597673086225, 'subsample': 0.7478554189376743}",0.7175337465142702,0.6851365327400532,0.6419321389580906,0.681534139404138,0.030969164175349527,5,random search for 3 group,2
0.6437879403432211,0.042856241947608245,0.05840690930684408,0.0059754936404588154,0.6548142121663236,0.5279173117101623,"{'colsample_bytree': 0.6548142121663236, 'subsample': 0.5279173117101623}",0.7179125628499301,0.6680182425195362,0.6381135179668569,0.6746814411121077,0.032916769309636267,35,random search for 3 group,2
0.8939433097839355,0.19646505440885156,0.1673893928527832,0.03884237517367153,0.6509944044265584,0.6177224198708737,"{'colsample_bytree': 0.6509944044265584, 'subsample': 0.6177224198708737}",0.7226370724400326,0.6806170346061999,0.5548305477368616,0.652694884927698,0.07129512496302715,174,random search for 3 group,2
0.6849585374196371,0.021622068826694603,0.08484538396199544,0.04149383932957834,0.7603958126570785,0.8934153906503566,"{'colsample_bytree': 0.7603958126570785, 'subsample': 0.8934153906503566}",0.7279391417378387,0.6856164954386242,0.5641909420731229,0.6592488597498619,0.06940128424469955,131,random search for 3 group,2
0.8034950892130533,0.046912695317689164,0.20145344734191895,0.047199449605254414,0.8958217906868509,0.5443627969825974,"{'colsample_bytree': 0.8958217906868509, 'subsample': 0.5443627969825974}",0.7076298812563944,0.6874717780874482,0.5879016037060605,0.661001087683301,0.05234015793599024,122,random search for 3 group,2
0.726288636525472,0.10448754193222823,0.08347821235656738,0.03818664957138462,0.7133710022184027,0.871657733222363,"{'colsample_bytree': 0.7133710022184027, 'subsample': 0.871657733222363}",0.7210280258356047,0.6709933577567908,0.6340821471940244,0.6753678435954732,0.035630029918162415,31,random search for 3 group,2
0.8708904584248861,0.03172901423706096,0.23456581433614096,0.0851509317953876,0.7395512506773652,0.5157254364995382,"{'colsample_bytree': 0.7395512506773652, 'subsample': 0.5157254364995382}",0.7083825224786524,0.6629344134810357,0.6190121631115437,0.663443033023744,0.03648706897638264,104,random search for 3 group,2
0.6968864599863688,0.02215353398606387,0.05358115832010905,0.0030402036665830644,0.5842472423641863,0.7394495076173127,"{'colsample_bytree': 0.5842472423641863, 'subsample': 0.7394495076173127}",0.7138908608793674,0.663678403844923,0.6099393303535755,0.6625028650259552,0.04244617449036552,112,random search for 3 group,2
0.7303682963053385,0.09253931716641174,0.1819310983022054,0.10309952811638547,0.540149075615387,0.6417059122455685,"{'colsample_bytree': 0.540149075615387, 'subsample': 0.6417059122455685}",0.7164626369029685,0.6631321298586793,0.615084460483722,0.6648930757484567,0.04140619407240911,99,random search for 3 group,2
0.6957166194915771,0.0922357048067147,0.09134999910990398,0.0427084757359319,0.772984645668422,0.6678654037329557,"{'colsample_bytree': 0.772984645668422, 'subsample': 0.6678654037329557}",0.7113220970571734,0.6465274656132227,0.6521080602284328,0.6699858742996097,0.029317778939999616,66,random search for 3 group,2
0.8521045049031576,0.012302070029766184,0.20687286059061685,0.023317288817130695,0.825065977487022,0.7442668540891991,"{'colsample_bytree': 0.825065977487022, 'subsample': 0.7442668540891991}",0.7094401527892222,0.6658986596596118,0.5801809033292107,0.6518399052593483,0.05369807460363653,180,random search for 3 group,2
0.7097767988840739,0.0381042465617381,0.09834488232930501,0.07151241286321773,0.6216784346693509,0.6043028093344026,"{'colsample_bytree': 0.6216784346693509, 'subsample': 0.6043028093344026}",0.7181164742929911,0.6613736259805996,0.5306141449416786,0.6367014150717564,0.07851037881023479,233,random search for 3 group,2
0.8106365203857422,0.05320833033617416,0.1725745995839437,0.08534816496977814,0.8080484135039545,0.5274357625149457,"{'colsample_bytree': 0.8080484135039545, 'subsample': 0.5274357625149457}",0.7261743152419231,0.6680778152296614,0.6270989284451738,0.673783686305586,0.04064808967042755,42,random search for 3 group,2
0.6917734940846761,0.02940842060310187,0.047187089920043945,0.0005836952662005091,0.7699568669456434,0.7107274365490611,"{'colsample_bytree': 0.7699568669456434, 'subsample': 0.7107274365490611}",0.7133819332551923,0.6813663373604483,0.6054789513770527,0.6667424073308977,0.04524863070989312,79,random search for 3 group,2
0.8089043299357096,0.10300302437399568,0.17498167355855307,0.004271527385673736,0.5478327202667183,0.5422805192255018,"{'colsample_bytree': 0.5478327202667183, 'subsample': 0.5422805192255018}",0.7238869124590224,0.6836439890083699,0.6043269873324311,0.6706192962666077,0.049671426325618454,63,random search for 3 group,2
0.6970980167388916,0.028425469679124474,0.09578847885131836,0.05133445192633731,0.8992400319320564,0.8968609885559927,"{'colsample_bytree': 0.8992400319320564, 'subsample': 0.8968609885559927}",0.7141848819274371,0.6744624295772743,0.5875955685153897,0.6587476266733671,0.05286101172108405,136,random search for 3 group,2
0.8683973948160807,0.05240967840585093,0.12242730458577473,0.028364658116788854,0.601905490511023,0.8952491794488631,"{'colsample_bytree': 0.601905490511023, 'subsample': 0.8952491794488631}",0.7215279621826151,0.671113273351932,0.5059417800844707,0.6328610052063394,0.09207524999196877,238,random search for 3 group,2
0.6640881697336832,0.03240889551038954,0.0761412779490153,0.03345218263846534,0.7588418209106196,0.682556057125232,"{'colsample_bytree': 0.7588418209106196, 'subsample': 0.682556057125232}",0.7249767009093842,0.6582367485693958,0.5616214415364063,0.6482782970050621,0.06706023789287065,197,random search for 3 group,2
0.741008440653483,0.052941026202829235,0.1600187619527181,0.06488176342543148,0.6320194118827632,0.598054222278253,"{'colsample_bytree': 0.6320194118827632, 'subsample': 0.598054222278253}",0.7152981940239942,0.668925044435747,0.5986244832759972,0.6609492405785794,0.04796456178126254,123,random search for 3 group,2
0.6498450438181559,0.029686292062104692,0.06508096059163411,0.011809886305249234,0.5342565841773752,0.7477197785945471,"{'colsample_bytree': 0.5342565841773752, 'subsample': 0.7477197785945471}",0.7214489078005429,0.659342814904667,0.6168892195835018,0.6658936474295706,0.04293690840514884,90,random search for 3 group,2
0.5957430998484293,0.14548967167244756,0.1066724459330241,0.042549233871848016,0.8292525978539189,0.6613654665571299,"{'colsample_bytree': 0.8292525978539189, 'subsample': 0.6613654665571299}",0.7206289420775678,0.651507676007792,0.6005073510367738,0.6575479897073778,0.04922508304198172,147,random search for 3 group,2
0.7457779248555502,0.031814435167168684,0.08662295341491699,0.04787343573436353,0.8616163587305565,0.8552503327462762,"{'colsample_bytree': 0.8616163587305565, 'subsample': 0.8552503327462762}",0.7212463038810586,0.684083341320415,0.6252450354613837,0.6768582268876191,0.03952393868254079,17,random search for 3 group,2
0.7382750511169434,0.09024526356719224,0.17935633659362793,0.052286267690301175,0.7969949664170382,0.6848650342855587,"{'colsample_bytree': 0.7969949664170382, 'subsample': 0.6848650342855587}",0.7063491825822379,0.6794434604198314,0.5545885429985105,0.6467937286668599,0.06611770650071104,212,random search for 3 group,2
0.7056392828623453,0.06723426776460893,0.09751756985982259,0.04542396956852976,0.869031696639889,0.7098709355062993,"{'colsample_bytree': 0.869031696639889, 'subsample': 0.7098709355062993}",0.7227645012360949,0.6673461555359164,0.6233012698450615,0.6711373088723577,0.04069408828811928,59,random search for 3 group,2
