split0_test_score,split1_test_score,split2_test_score,mean_test_score,std_test_score,rank_test_score,mean_fit_time,std_fit_time,mean_score_time,std_score_time,param_colsample_bytree,param_subsample,params,iter_num,experiment_name,run_number
0.9243079684300145,0.9249982742354863,0.9244911812418745,0.9245991413024585,0.00029197266684627437,370,2.851856231689453,0.4133577163924809,0.5762999852498373,0.12703207171814004,0.857112001366042,0.5189238806208489,"OrderedDict([('colsample_bytree', 0.857112001366042), ('subsample', 0.5189238806208489)])",311,random search for 3 group,3
0.9255044984928323,0.9256425596539267,0.9262514812982501,0.9257995131483364,0.00032452183023949876,65,2.4623701572418213,0.15701829110539647,0.4987016518910726,0.0974725366675576,0.6756110936574906,0.8364467504774771,"OrderedDict([('colsample_bytree', 0.6756110936574906), ('subsample', 0.8364467504774771)])",312,random search for 3 group,3
0.9250673048160335,0.9240318461078257,0.9252275159059793,0.9247755556099463,0.000529933810957291,349,2.9283363024393716,0.5395536362090717,0.6167989571889242,0.13956323120733588,0.7436866993876255,0.5817974312121805,"OrderedDict([('colsample_bytree', 0.7436866993876255), ('subsample', 0.5817974312121805)])",313,random search for 3 group,3
0.9252974067511908,0.9256770749442003,0.9262629865273767,0.9257458227409225,0.00039718238523416726,88,2.8653224309285483,0.46977869342724476,0.4792291323343913,0.1388444412723817,0.7958529239919214,0.7845746787434809,"OrderedDict([('colsample_bytree', 0.7958529239919214), ('subsample', 0.7845746787434809)])",314,random search for 3 group,3
0.9254009526220115,0.9252743965576751,0.9258027773623112,0.9254927088473326,0.000225256849456885,163,2.6741562684377036,0.47948556484513527,0.4914862314860026,0.14964152382480353,0.6660557724518106,0.8516149670409552,"OrderedDict([('colsample_bytree', 0.6660557724518106), ('subsample', 0.8516149670409552)])",315,random search for 3 group,3
0.924687636623024,0.9247106468165397,0.9253540734263723,0.9249174522886454,0.0003088806465113591,323,2.3864641984303794,0.11032039284718362,0.4906163215637207,0.12871106382046074,0.5823045735203158,0.7302212551162542,"OrderedDict([('colsample_bytree', 0.5823045735203158), ('subsample', 0.7302212551162542)])",316,random search for 3 group,3
0.9246186060424768,0.9246991417197818,0.9255151466341452,0.9249442981321346,0.0004049876607301886,316,2.909495989481608,0.4010699462482045,0.6582370599110922,0.227281888225274,0.5048938637331566,0.6379607088601843,"OrderedDict([('colsample_bytree', 0.5048938637331566), ('subsample', 0.6379607088601843)])",317,random search for 3 group,3
0.924261948042983,0.9247796773970869,0.9243876341797347,0.9244764198732681,0.00022048899527697444,393,2.9764350255330405,0.19487469781685426,0.6345727443695068,0.11643840892171599,0.5625501667300117,0.5147669412439212,"OrderedDict([('colsample_bytree', 0.5625501667300117), ('subsample', 0.5147669412439212)])",318,random search for 3 group,3
0.9260682482339676,0.9257346004279896,0.9263780388186431,0.9260602958268668,0.00026274280354967715,15,2.3070615927378335,0.03219088987050167,0.4148845672607422,0.013383164634550814,0.8341123758758955,0.8733959571605925,"OrderedDict([('colsample_bytree', 0.8341123758758955), ('subsample', 0.8733959571605925)])",319,random search for 3 group,3
0.925366437331738,0.9253204169447065,0.9254000943428788,0.9253623162064409,3.265843127651768e-05,198,2.8699448903401694,0.3167821495109657,0.7783118089040121,0.16664950758324604,0.6088326607712755,0.7019388148021057,"OrderedDict([('colsample_bytree', 0.6088326607712755), ('subsample', 0.7019388148021057)])",320,random search for 3 group,3
0.9252398812674014,0.9253434271382223,0.925584178008905,0.9253891621381762,0.00014423090103047036,193,2.74991766611735,0.3621861127785525,0.5464722315470377,0.18300156378974922,0.6357954422162674,0.7383505036821385,"OrderedDict([('colsample_bytree', 0.6357954422162674), ('subsample', 0.7383505036821385)])",321,random search for 3 group,3
0.926125773717757,0.9264364113302193,0.9259178296535776,0.926160004900518,0.0002130892915220099,5,2.4915714263916016,0.09351156314349246,0.5983503659566244,0.1623132257433948,0.7211420847106355,0.8403696223247145,"OrderedDict([('colsample_bytree', 0.7211420847106355), ('subsample', 0.8403696223247145)])",322,random search for 3 group,3
0.9251018201063071,0.924768172300329,0.9263090074438832,0.9253929999501732,0.0006618824220903483,190,2.4025543530782065,0.26554118717021674,0.38003071149190265,0.038675590722370645,0.5339111281804377,0.6831869193869098,"OrderedDict([('colsample_bytree', 0.5339111281804377), ('subsample', 0.6831869193869098)])",323,random search for 3 group,3
0.9258036310085368,0.9257576106215053,0.9258372930496911,0.925799511559911,3.266037081980697e-05,67,2.4446248213450112,0.24487167874015786,0.380784273147583,0.011818587869228039,0.5320673541897019,0.881866802748613,"OrderedDict([('colsample_bytree', 0.5320673541897019), ('subsample', 0.881866802748613)])",324,random search for 3 group,3
0.9245495754619296,0.9261487839112726,0.9261594394652369,0.9256192662794797,0.000756398139902016,125,2.433650096257528,0.12277861066851196,0.44608354568481445,0.06967840099127744,0.6289522946866597,0.791320962427708,"OrderedDict([('colsample_bytree', 0.6289522946866597), ('subsample', 0.791320962427708)])",325,random search for 3 group,3
0.9250788099127913,0.9257346004279896,0.9261479342361103,0.9256537815256305,0.00044019349980962074,109,2.4447325070699057,0.24652998536711848,0.5190207163492838,0.12117068911973548,0.6839175901605202,0.7241274610533261,"OrderedDict([('colsample_bytree', 0.6839175901605202), ('subsample', 0.7241274610533261)])",326,random search for 3 group,3
0.9249752640419706,0.9247796773970869,0.9249974113234465,0.9249174509208347,9.783926752111314e-05,324,2.2840659618377686,0.0130529574149222,0.37343645095825195,0.03060204524342044,0.6273943404581993,0.6099142091191384,"OrderedDict([('colsample_bytree', 0.6273943404581993), ('subsample', 0.6099142091191384)])",327,random search for 3 group,3
0.92503278952576,0.9245840907522033,0.9246867701370273,0.9247678834716635,0.00019194995378948081,350,2.3649985790252686,0.20751516727606953,0.39926473299662274,0.030289163539664474,0.5619674209751844,0.6175015203468017,"OrderedDict([('colsample_bytree', 0.5619674209751844), ('subsample', 0.6175015203468017)])",328,random search for 3 group,3
0.9251593455900964,0.9258381462988103,0.9262975022147566,0.9257649980345545,0.00046752050007617906,79,2.4894796212514243,0.19017621018257166,0.4317460060119629,0.0857665861334289,0.7077238820126676,0.8855541055447957,"OrderedDict([('colsample_bytree', 0.7077238820126676), ('subsample', 0.8855541055447957)])",329,random search for 3 group,3
0.9250673048160335,0.9259071768793575,0.9248938642613067,0.9252894486522326,0.00044250162217871055,219,2.3262327512105307,0.06611612556918137,0.40334304173787433,0.052959343124634475,0.7813069913342477,0.6391476847608605,"OrderedDict([('colsample_bytree', 0.7813069913342477), ('subsample', 0.6391476847608605)])",330,random search for 3 group,3
0.9253894475252537,0.9254929933960745,0.925998366257464,0.9256269357262642,0.0002660211977413644,120,2.4655187924702964,0.13351273388177193,0.49162928263346356,0.16677536402090176,0.8597323115997207,0.7553248989310777,"OrderedDict([('colsample_bytree', 0.8597323115997207), ('subsample', 0.7553248989310777)])",331,random search for 3 group,3
0.9254584781058008,0.9255965392668952,0.9251930002185994,0.9254160058637652,0.00016745916792366115,184,2.3954272270202637,0.20715771104259004,0.42981410026550293,0.0462663420354428,0.5591451943354188,0.7397036654223739,"OrderedDict([('colsample_bytree', 0.5591451943354188), ('subsample', 0.7397036654223739)])",332,random search for 3 group,3
0.9245265652684139,0.9249177385581813,0.9241115086806954,0.9245186041690968,0.0003291901053236444,386,2.4578910668691,0.16260608668063176,0.48203571637471515,0.11953346860214813,0.7297666189355806,0.5612787946335149,"OrderedDict([('colsample_bytree', 0.7297666189355806), ('subsample', 0.5612787946335149)])",333,random search for 3 group,3
0.9243885041073195,0.9242389378494673,0.9250434322399531,0.92455695806558,0.0003493664342978479,381,2.376364549001058,0.15663363452398574,0.5451540152231852,0.13109979308511838,0.693733884600193,0.55092356090513,"OrderedDict([('colsample_bytree', 0.693733884600193), ('subsample', 0.55092356090513)])",334,random search for 3 group,3
0.9254009526220115,0.9259301870728733,0.9262629865273767,0.9258647087407539,0.0003549564973182508,48,2.330691655476888,0.029149480177505897,0.37786030769348145,0.0239533177721268,0.7521746391390547,0.8463035205461296,"OrderedDict([('colsample_bytree', 0.7521746391390547), ('subsample', 0.8463035205461296)])",335,random search for 3 group,3
0.9240433512045836,0.9249177385581813,0.924030972076809,0.9243306872798579,0.00041513870231278064,406,2.3924718697865806,0.2008285941956757,0.5166158676147461,0.12932579871347707,0.5466062246625508,0.508344724677298,"OrderedDict([('colsample_bytree', 0.5466062246625508), ('subsample', 0.508344724677298)])",336,random search for 3 group,3
0.9244920499781403,0.9255505188798637,0.9244911812418745,0.9248445833666262,0.0004991719144831578,340,2.3708333174387612,0.2323640732232987,0.3708007335662842,0.017724640782906653,0.6416871628718916,0.5613888750746983,"OrderedDict([('colsample_bytree', 0.6416871628718916), ('subsample', 0.5613888750746983)])",337,random search for 3 group,3
0.9253779424284958,0.9249522538484549,0.9251469793020928,0.9251590585263477,0.00017399640329282475,254,2.3322874704996743,0.07413538622533254,0.48049553235371906,0.15022074438561758,0.8838007257702234,0.6350006785445776,"OrderedDict([('colsample_bytree', 0.8838007257702234), ('subsample', 0.6350006785445776)])",338,random search for 3 group,3
0.9247796773970869,0.9250557997192757,0.9252965472807391,0.9250440081323671,0.00021117591450103043,288,2.3443052768707275,0.14206415623247376,0.4209342797597249,0.06920638929980584,0.5276235081789467,0.5506375992277885,"OrderedDict([('colsample_bytree', 0.5276235081789467), ('subsample', 0.5506375992277885)])",339,random search for 3 group,3
0.9255735290733795,0.9255965392668952,0.9263320179021365,0.9258340287474703,0.0003522567868995368,58,2.424915154774984,0.2000785711263417,0.38124807675679523,0.031867998286023026,0.5349314854634611,0.7643303824819342,"OrderedDict([('colsample_bytree', 0.5349314854634611), ('subsample', 0.7643303824819342)])",340,random search for 3 group,3
0.9245495754619296,0.9250903150095492,0.9250549374690797,0.9248982759801861,0.0002469911350186681,329,2.3410685857137046,0.008813182917734728,0.45699342091878253,0.08642626274337988,0.5736223420763927,0.6066945663932494,"OrderedDict([('colsample_bytree', 0.5736223420763927), ('subsample', 0.6066945663932494)])",341,random search for 3 group,3
0.9241353919786466,0.9252398812674014,0.9252735368224858,0.9248829366895114,0.0005287724747963208,334,2.578059196472168,0.18632424020153152,0.4475802580515544,0.08325619350856829,0.8427020941363066,0.5723172971724754,"OrderedDict([('colsample_bytree', 0.8427020941363066), ('subsample', 0.5723172971724754)])",342,random search for 3 group,3
0.9247221519132975,0.9257346004279896,0.9255956832380317,0.925350811859773,0.00044813278734714783,202,2.291710694630941,0.04181426498479905,0.3869883219401042,0.018313028681814555,0.6400507798442444,0.7361499017659677,"OrderedDict([('colsample_bytree', 0.6400507798442444), ('subsample', 0.7361499017659677)])",343,random search for 3 group,3
0.9247911824938447,0.9245035550748982,0.925492136175892,0.9249289579148784,0.0004151784341631468,320,2.43349019686381,0.19442691459180872,0.5882828235626221,0.17720076982948263,0.5403205148621107,0.679442942333162,"OrderedDict([('colsample_bytree', 0.5403205148621107), ('subsample', 0.679442942333162)])",344,random search for 3 group,3
0.9251248302998228,0.9251593455900964,0.9247097805952805,0.9249979854950666,0.00020427820002990148,303,2.4854564666748047,0.36997216886540046,0.5196927388509115,0.19093367618959217,0.6653282508711982,0.6865023613393462,"OrderedDict([('colsample_bytree', 0.6653282508711982), ('subsample', 0.6865023613393462)])",345,random search for 3 group,3
0.9258611564923261,0.9261487839112726,0.9255151466341452,0.925841695679248,0.00025904708989628615,57,2.3490493297576904,0.01863065513428052,0.4427804946899414,0.11338115763060994,0.6859544938805808,0.8387571894780128,"OrderedDict([('colsample_bytree', 0.6859544938805808), ('subsample', 0.8387571894780128)])",346,random search for 3 group,3
0.924181412365678,0.9240433512045836,0.9247327910535338,0.9243191848745984,0.0002978453452054179,408,2.4229788780212402,0.2737982785325939,0.5536034107208252,0.15958280979311246,0.641496843646161,0.5490580226797932,"OrderedDict([('colsample_bytree', 0.641496843646161), ('subsample', 0.5490580226797932)])",347,random search for 3 group,3
0.9240203410110679,0.9245495754619296,0.925204505447726,0.9245914739735746,0.00048434007833340724,371,2.286541223526001,0.041585514306111154,0.3982671896616618,0.028805924019952533,0.8794471524339836,0.6373326583250389,"OrderedDict([('colsample_bytree', 0.8794471524339836), ('subsample', 0.6373326583250389)])",348,random search for 3 group,3
0.9252168710738857,0.9248026875906027,0.9252505263642326,0.925090028342907,0.0002036446260739244,274,2.3748018741607666,0.13162799648433288,0.5526103973388672,0.13828942176055486,0.6817112679903742,0.6528615998735124,"OrderedDict([('colsample_bytree', 0.6817112679903742), ('subsample', 0.6528615998735124)])",349,random search for 3 group,3
0.9257576106215053,0.9251478404933385,0.9255726727797784,0.925492707964874,0.00025527851589736173,164,2.4495973587036133,0.3164478519930552,0.5063645044962565,0.07827152046381246,0.6719499601995055,0.6960521136971644,"OrderedDict([('colsample_bytree', 0.6719499601995055), ('subsample', 0.6960521136971644)])",350,random search for 3 group,3
0.9252974067511908,0.9262983501691249,0.9250549374690797,0.9255502314631318,0.0005381815287827639,148,2.3330537478129068,0.0478830180270462,0.4724574089050293,0.14457643931174993,0.5722141141074959,0.808363946144695,"OrderedDict([('colsample_bytree', 0.5722141141074959), ('subsample', 0.808363946144695)])",351,random search for 3 group,3
0.9259071768793575,0.9245150601716561,0.9254231048011321,0.9252817806173819,0.0005770480197521851,224,2.4105008443196616,0.24391631001612027,0.38707248369852704,0.03991087783634975,0.8237380781199963,0.5993433013139384,"OrderedDict([('colsample_bytree', 0.8237380781199963), ('subsample', 0.5993433013139384)])",352,random search for 3 group,3
0.9257346004279896,0.9266895234588923,0.9252850420516124,0.9259030553128315,0.0005856192118996983,38,2.4666197299957275,0.24848386718405086,0.3834214210510254,0.02168952680426098,0.7083786857153088,0.8861150961399442,"OrderedDict([('colsample_bytree', 0.7083786857153088), ('subsample', 0.8861150961399442)])",353,random search for 3 group,3
0.9240203410110679,0.9246991417197818,0.9248363381156736,0.924518606948841,0.0003567514740172121,385,2.4602291584014893,0.10451172060322313,0.4641677538553874,0.1339631024894705,0.5407325913444456,0.5862340657503416,"OrderedDict([('colsample_bytree', 0.5407325913444456), ('subsample', 0.5862340657503416)])",354,random search for 3 group,3
0.9250903150095492,0.9252628914609172,0.9250434322399531,0.9251322129034731,9.436511556358452e-05,261,2.4519177277882895,0.1409636864520153,0.5647439956665039,0.15382658260916063,0.7735923946892661,0.6235112483229556,"OrderedDict([('colsample_bytree', 0.7735923946892661), ('subsample', 0.6235112483229556)])",355,random search for 3 group,3
0.9245495754619296,0.9251593455900964,0.9253885891137522,0.9250325033885928,0.00035407408363023903,290,2.286052942276001,0.0011503026297095221,0.38210566838582355,0.035171457022483796,0.704882993722159,0.6553231934695245,"OrderedDict([('colsample_bytree', 0.704882993722159), ('subsample', 0.6553231934695245)])",356,random search for 3 group,3
0.9253549322349801,0.925872661589084,0.9260789028613505,0.9257688322284716,0.00030454202671737125,78,2.407665173212687,0.17014930403314862,0.5716234842936198,0.1795490278529135,0.7489108450164523,0.8187452624728562,"OrderedDict([('colsample_bytree', 0.7489108450164523), ('subsample', 0.8187452624728562)])",357,random search for 3 group,3
0.9250673048160335,0.9255044984928323,0.925365578655499,0.9253124606547883,0.00018239283476030195,211,2.458487113316854,0.36514376293110645,0.3886783917744954,0.03348813161155687,0.5688660771597995,0.7023896411973759,"OrderedDict([('colsample_bytree', 0.5688660771597995), ('subsample', 0.7023896411973759)])",358,random search for 3 group,3
0.9259416921696312,0.9256885800409581,0.9250549374690797,0.9255617365598896,0.0003729615049435948,142,2.258429765701294,0.06052687524200251,0.46466771761576336,0.13088548333071,0.5072024686271486,0.7470381112075515,"OrderedDict([('colsample_bytree', 0.5072024686271486), ('subsample', 0.7470381112075515)])",359,random search for 3 group,3
0.9240893715916151,0.9256310545571689,0.9242955923467215,0.9246720061651684,0.0006833555022134279,358,2.4909470081329346,0.10880276720302733,0.4334727128346761,0.0824766876783924,0.7386779300915469,0.5144987329618522,"OrderedDict([('colsample_bytree', 0.7386779300915469), ('subsample', 0.5144987329618522)])",360,random search for 3 group,3
0.9261717941047884,0.925792125911779,0.9258487982788177,0.9259375727651283,0.00016722772150686116,31,2.455339034398397,0.15871913727295187,0.4490865071614583,0.10612513323350212,0.7321614330605197,0.8914745739653094,"OrderedDict([('colsample_bytree', 0.7321614330605197), ('subsample', 0.8914745739653094)])",361,random search for 3 group,3
0.9259301870728733,0.924940748751697,0.9250434322399531,0.9253047893548412,0.00044420543594154234,213,2.4339306354522705,0.12260283596550829,0.436726172765096,0.029856254146875087,0.822025545803198,0.7429835128553113,"OrderedDict([('colsample_bytree', 0.822025545803198), ('subsample', 0.7429835128553113)])",362,random search for 3 group,3
0.9250788099127913,0.9250442946225178,0.9255036414050186,0.9252089153134427,0.00020887863798136952,240,2.3739306131998696,0.12170759449799504,0.5420025984446207,0.14314922583987383,0.7287871453859638,0.6429817549755956,"OrderedDict([('colsample_bytree', 0.7287871453859638), ('subsample', 0.6429817549755956)])",363,random search for 3 group,3
0.925700085137716,0.9257806208150211,0.9259178296535776,0.9257995118687715,8.98918701581999e-05,66,2.2779486974080405,0.04146786605259391,0.37148070335388184,0.023955966413657086,0.6362691865979397,0.7557524664309798,"OrderedDict([('colsample_bytree', 0.6362691865979397), ('subsample', 0.7557524664309798)])",364,random search for 3 group,3
0.9258151361052946,0.9263558756529142,0.9262629865273767,0.9261446660951952,0.00023607852943977636,6,2.495220979054769,0.2336222591300497,0.5898043314615885,0.1862452818772424,0.8137736636844404,0.877561222789613,"OrderedDict([('colsample_bytree', 0.8137736636844404), ('subsample', 0.877561222789613)])",365,random search for 3 group,3
0.9251018201063071,0.924768172300329,0.9255611675506518,0.9251437199857627,0.00032509185028479744,258,2.4193883736928306,0.25952256550781166,0.39114220937093097,0.011000385976013346,0.7527993788422873,0.5174038726698306,"OrderedDict([('colsample_bytree', 0.7527993788422873), ('subsample', 0.5174038726698306)])",366,random search for 3 group,3
0.9248026875906027,0.9257346004279896,0.9251354740729661,0.9252242540305194,0.00038559633017704964,234,2.271763722101847,0.037982379816305964,0.4999428590138753,0.1633960377088443,0.6513990621747026,0.6344193081409675,"OrderedDict([('colsample_bytree', 0.6513990621747026), ('subsample', 0.6344193081409675)])",367,random search for 3 group,3
0.9253089118479486,0.9254814882993166,0.9257567564458046,0.9255157188643567,0.000184427030998547,159,2.3736660480499268,0.20310301761767524,0.37979793548583984,0.023682276816187044,0.8458608869710642,0.7716899657649895,"OrderedDict([('colsample_bytree', 0.8458608869710642), ('subsample', 0.7716899657649895)])",368,random search for 3 group,3
0.924181412365678,0.9250673048160335,0.9247327910535338,0.9246605027450818,0.00036525840903244906,361,2.3802857398986816,0.23988603069580666,0.3689318497975667,0.015392389894930475,0.570961580082702,0.5099310656778414,"OrderedDict([('colsample_bytree', 0.570961580082702), ('subsample', 0.5099310656778414)])",369,random search for 3 group,3
0.9260682482339676,0.9255044984928323,0.9253885891137522,0.9256537786135174,0.0002968698320215971,111,2.4006497065226235,0.13446964073645307,0.497652530670166,0.16955061662947501,0.8585117741489927,0.731634519654356,"OrderedDict([('colsample_bytree', 0.8585117741489927), ('subsample', 0.731634519654356)])",370,random search for 3 group,3
0.9252743965576751,0.9266895234588923,0.926539112026416,0.9261676773476611,0.0006346226317392615,3,2.5580989519755044,0.21603323042023773,0.4145229657491048,0.060868438973197846,0.5985622793340776,0.8759374295161486,"OrderedDict([('colsample_bytree', 0.5985622793340776), ('subsample', 0.8759374295161486)])",371,random search for 3 group,3
0.9259762074599047,0.9252283761706436,0.9256071884671583,0.9256039240325689,0.000305309571527424,130,2.2799440224965415,0.060654098042859636,0.3708689212799072,0.012422479396377735,0.7188071144061541,0.8783743200908413,"OrderedDict([('colsample_bytree', 0.7188071144061541), ('subsample', 0.8783743200908413)])",372,random search for 3 group,3
0.9251478404933385,0.9245380703651718,0.9246062335331409,0.9247640481305505,0.00027280516572305614,351,2.5221853256225586,0.2438386041142898,0.49106136957804364,0.1366971111209543,0.8333774351796603,0.6167777729420407,"OrderedDict([('colsample_bytree', 0.8333774351796603), ('subsample', 0.6167777729420407)])",373,random search for 3 group,3
0.9254929933960745,0.9253549322349801,0.9258487982788177,0.9255655746366241,0.00020804958491305823,139,2.4690029621124268,0.24036364483404193,0.43793360392252606,0.07938706702975662,0.7126499378513061,0.7855982338939829,"OrderedDict([('colsample_bytree', 0.7126499378513061), ('subsample', 0.7855982338939829)])",374,random search for 3 group,3
0.9248947283646656,0.9251363353965807,0.9258257878205645,0.9252856171939369,0.0003944884610658127,220,2.31655216217041,0.06458841545495085,0.4632306893666585,0.1271647229938673,0.7625446700257338,0.726700649082584,"OrderedDict([('colsample_bytree', 0.7625446700257338), ('subsample', 0.726700649082584)])",375,random search for 3 group,3
0.9243309786235302,0.9242734531397409,0.9245947283040141,0.9243997200224284,0.00013987725032223755,396,2.4942097663879395,0.1642614838751414,0.4490071137746175,0.09803687215032597,0.6476608623539419,0.5397889003681211,"OrderedDict([('colsample_bytree', 0.6476608623539419), ('subsample', 0.5397889003681211)])",376,random search for 3 group,3
0.9256310545571689,0.925446973009043,0.925365578655499,0.9254812020739035,0.00011104979439509222,166,2.476048390070597,0.1705212341343461,0.5053687890370687,0.1679361440719774,0.8482765639867136,0.8459744395372215,"OrderedDict([('colsample_bytree', 0.8482765639867136), ('subsample', 0.8459744395372215)])",377,random search for 3 group,3
0.9247566672035712,0.9247566672035712,0.9252965472807391,0.9249366272292937,0.0002545019090619477,318,2.3941216468811035,0.09344451756695701,0.43577369054158527,0.08840898607699822,0.6207731565233878,0.6179387486012899,"OrderedDict([('colsample_bytree', 0.6207731565233878), ('subsample', 0.6179387486012899)])",378,random search for 3 group,3
0.9255390137831059,0.9258956717825997,0.9256301989254117,0.9256882948303723,0.000151289089231262,102,2.4759340286254883,0.17598377588997538,0.4927528699239095,0.10338804709372164,0.6992844006676536,0.7700599532393053,"OrderedDict([('colsample_bytree', 0.6992844006676536), ('subsample', 0.7700599532393053)])",379,random search for 3 group,3
0.924687636623024,0.9254124577187695,0.9252390211351059,0.9251130384922998,0.0003090254843058768,267,2.251551946004232,0.03360040076360671,0.3863639036814372,0.019234013320018582,0.6549249980471179,0.6149082882286585,"OrderedDict([('colsample_bytree', 0.6549249980471179), ('subsample', 0.6149082882286585)])",380,random search for 3 group,3
0.9245380703651718,0.9258036310085368,0.9259178296535776,0.925419843675762,0.0006252484631911304,181,2.4305683771769204,0.15051242867772435,0.6812628110249838,0.2389175029243207,0.5902205665627006,0.7428763765659957,"OrderedDict([('colsample_bytree', 0.5902205665627006), ('subsample', 0.7428763765659957)])",381,random search for 3 group,3
0.924342483720288,0.9253894475252537,0.924790317199167,0.9248407494815697,0.0004289062551484972,341,2.4735960960388184,0.37174793774074505,0.4494280020395915,0.09435328922698653,0.6377693346518672,0.5731755461488532,"OrderedDict([('colsample_bytree', 0.6377693346518672), ('subsample', 0.5731755461488532)])",382,random search for 3 group,3
0.9254354679122851,0.9248487079776341,0.92495139040694,0.9250785220989531,0.00025585628200680305,280,2.381954034169515,0.0901815548338895,0.5203274885813395,0.22061111704362463,0.8592309049954502,0.6036424479194494,"OrderedDict([('colsample_bytree', 0.8592309049954502), ('subsample', 0.6036424479194494)])",383,random search for 3 group,3
0.924342483720288,0.9249522538484549,0.9248823590321801,0.9247256988669744,0.0002724722711554056,355,2.3819936911265054,0.23624700667792703,0.39792609214782715,0.03163235676630564,0.5430527245308079,0.6771039522679643,"OrderedDict([('colsample_bytree', 0.5430527245308079), ('subsample', 0.6771039522679643)])",384,random search for 3 group,3
0.9250442946225178,0.9256655698474424,0.9256877250710448,0.9254658631803351,0.0002982311745254838,171,2.4257026513417563,0.2946823399434745,0.3772617181142171,0.016785480622660873,0.5143024235960617,0.8402599909239521,"OrderedDict([('colsample_bytree', 0.5143024235960617), ('subsample', 0.8402599909239521)])",385,random search for 3 group,3
0.9254699832025587,0.9255160035895902,0.9259178296535776,0.9256346054819088,0.0002011490617572484,116,2.4176127910614014,0.061714253429241486,0.4831044673919678,0.1505834668423074,0.8679867373344282,0.7690316437511782,"OrderedDict([('colsample_bytree', 0.8679867373344282), ('subsample', 0.7690316437511782)])",386,random search for 3 group,3
0.9245495754619296,0.9255620239766217,0.925745251216678,0.9252856168850764,0.0005258078152174556,221,2.427208741505941,0.2339299698351297,0.5194056034088135,0.1874932096153674,0.628756987340762,0.7365209306525635,"OrderedDict([('colsample_bytree', 0.628756987340762), ('subsample', 0.7365209306525635)])",387,random search for 3 group,3
0.9243885041073195,0.9256655698474424,0.9250434322399531,0.9250325020649051,0.0005214171891386219,292,2.284964402516683,0.018630646540772507,0.37976805369059247,0.014381531563318135,0.7222403291336529,0.6394574972238711,"OrderedDict([('colsample_bytree', 0.7222403291336529), ('subsample', 0.6394574972238711)])",388,random search for 3 group,3
0.9250442946225178,0.9250557997192757,0.925492136175892,0.9251974101725619,0.00020845567809022795,241,2.4263323148091636,0.15103964371456802,0.5481022993723551,0.14632917291390513,0.742159298037723,0.6812904811963513,"OrderedDict([('colsample_bytree', 0.742159298037723), ('subsample', 0.6812904811963513)])",389,random search for 3 group,3
0.9250673048160335,0.9261948042983041,0.9260558924030972,0.9257726671724783,0.0005019801915577189,76,2.503539721171061,0.3853351440148631,0.4545471668243408,0.09724214195866847,0.5876037306105286,0.7794450913565145,"OrderedDict([('colsample_bytree', 0.5876037306105286), ('subsample', 0.7794450913565145)])",390,random search for 3 group,3
0.9245265652684139,0.9254239628155273,0.9252505263642326,0.9250670181493913,0.0003886618393727848,282,2.323359807332357,0.04300630023491682,0.5089530944824219,0.19417560203782466,0.687713122087795,0.6594979936592027,"OrderedDict([('colsample_bytree', 0.687713122087795), ('subsample', 0.6594979936592027)])",391,random search for 3 group,3
0.9253204169447065,0.9252628914609172,0.9253195577389923,0.9253009553815387,2.691754196828468e-05,215,2.421706279118856,0.26415326002857586,0.3960443337758382,0.018704131436536535,0.6157255392414307,0.6980866330228989,"OrderedDict([('colsample_bytree', 0.6157255392414307), ('subsample', 0.6980866330228989)])",392,random search for 3 group,3
0.925366437331738,0.9261372788145148,0.9266081434011758,0.9260372865158094,0.0005118315709749154,17,2.4719621340433755,0.25390723825403716,0.3835902214050293,0.015261993209624267,0.8363779879377609,0.8039938098246524,"OrderedDict([('colsample_bytree', 0.8363779879377609), ('subsample', 0.8039938098246524)])",393,random search for 3 group,3
0.9245725856554453,0.9246761315262662,0.9260328819448439,0.9250938663755185,0.0006653285486222595,273,2.386177142461141,0.17294814156129212,0.45280853907267254,0.0950120191136999,0.5601645239310378,0.6010806784101608,"OrderedDict([('colsample_bytree', 0.5601645239310378), ('subsample', 0.6010806784101608)])",394,random search for 3 group,3
0.9248832232679077,0.924687636623024,0.9252620315933592,0.9249442971614302,0.00023843924570575336,317,2.601526657740275,0.17741821868228752,0.4808291594187419,0.11967186088200328,0.8443487250653776,0.6554531121971463,"OrderedDict([('colsample_bytree', 0.8443487250653776), ('subsample', 0.6554531121971463)])",395,random search for 3 group,3
0.9253204169447065,0.9258956717825997,0.9256762198419182,0.9256307695230749,0.0002370356242454073,119,2.2607897917429605,0.04596590480184004,0.38905898729960126,0.015788100707786714,0.5868619063233116,0.8212467599425297,"OrderedDict([('colsample_bytree', 0.5868619063233116), ('subsample', 0.8212467599425297)])",396,random search for 3 group,3
0.9246416162359925,0.9255620239766217,0.9246982753661539,0.9249673051929227,0.00042116535788291426,313,2.4780288537343345,0.208476722672887,0.4662831624348958,0.1239966026719864,0.5334258443627301,0.7030839410267228,"OrderedDict([('colsample_bytree', 0.5334258443627301), ('subsample', 0.7030839410267228)])",397,random search for 3 group,3
0.925366437331738,0.925872661589084,0.925998366257464,0.9257458217260952,0.0002731297676008726,90,2.4616853396097818,0.2434766785592836,0.4676780700683594,0.12739571414124504,0.7641569984490677,0.7455379901622674,"OrderedDict([('colsample_bytree', 0.7641569984490677), ('subsample', 0.7455379901622674)])",398,random search for 3 group,3
0.9238247543661842,0.9254929933960745,0.9246867701370273,0.9246681726330953,0.0006811826801364081,360,2.340876897176107,0.01035952627284045,0.5394863287607828,0.2148091286311734,0.8090204035618465,0.5490497709587989,"OrderedDict([('colsample_bytree', 0.8090204035618465), ('subsample', 0.5490497709587989)])",399,random search for 3 group,3
0.9251018201063071,0.9257115902344739,0.9259868610283374,0.9256000904563728,0.00036981843185043936,131,2.5289057890574136,0.34564580192069855,0.4926134745279948,0.13333092875572322,0.8920655419349447,0.8775933268310352,"OrderedDict([('colsample_bytree', 0.8920655419349447), ('subsample', 0.8775933268310352)])",400,random search for 3 group,3
0.9244690397846246,0.9248141926873605,0.9259293348827042,0.9250708557848965,0.0006231759530001221,281,2.28688637415568,0.05594408983200557,0.3673768838246663,0.02017457765265956,0.5849801818833169,0.7610635640846894,"OrderedDict([('colsample_bytree', 0.5849801818833169), ('subsample', 0.7610635640846894)])",401,random search for 3 group,3
0.9256885800409581,0.9256770749442003,0.9260213767157173,0.9257956772336252,0.0001596627361561839,69,2.4450300534566245,0.2754756473429179,0.5851244926452637,0.17099335686646136,0.6613831607906471,0.8213261790749444,"OrderedDict([('colsample_bytree', 0.6613831607906471), ('subsample', 0.8213261790749444)])",402,random search for 3 group,3
0.9256540647506846,0.9252743965576751,0.925745251216678,0.9255579041750126,0.00020389731028365164,144,2.4933722019195557,0.34078610864150854,0.43180251121520996,0.07679709543512768,0.5318481882832755,0.7190059421797969,"OrderedDict([('colsample_bytree', 0.5318481882832755), ('subsample', 0.7190059421797969)])",403,random search for 3 group,3
0.9255735290733795,0.9266550081686187,0.9253540734263723,0.9258608702227903,0.0005686425373960745,51,2.3367132345835366,0.06610152499578016,0.5009825229644775,0.18687211116979988,0.8674841148877808,0.8195459624410479,"OrderedDict([('colsample_bytree', 0.8674841148877808), ('subsample', 0.8195459624410479)])",404,random search for 3 group,3
0.9244690397846246,0.9238362594629421,0.9241805400554552,0.9241619464343406,0.0002586658409824712,415,2.4407703081766763,0.24376189097341128,0.4329404830932617,0.07007088317505479,0.8344162286729253,0.5000625496109399,"OrderedDict([('colsample_bytree', 0.8344162286729253), ('subsample', 0.5000625496109399)])",405,random search for 3 group,3
0.9245150601716561,0.9250557997192757,0.9251469793020928,0.9249059463976748,0.0002788936002003468,328,2.294286092122396,0.1631466753187137,0.38410313924153644,0.03378918038236048,0.5099686901796079,0.5790559984898267,"OrderedDict([('colsample_bytree', 0.5099686901796079), ('subsample', 0.5790559984898267)])",406,random search for 3 group,3
0.9257691157182631,0.9256885800409581,0.925998366257464,0.925818687338895,0.00013123740361984824,63,2.4192870457967124,0.24998357507315255,0.41939465204874676,0.06311995156426038,0.6713627788188538,0.8145827034739066,"OrderedDict([('colsample_bytree', 0.6713627788188538), ('subsample', 0.8145827034739066)])",407,random search for 3 group,3
0.924940748751697,0.9248602130743919,0.925492136175892,0.9250976993339936,0.0002808401864819343,271,2.4458041191101074,0.1547359656891398,0.4660138289133708,0.12705126125993255,0.6785507242009938,0.6168371954229752,"OrderedDict([('colsample_bytree', 0.6785507242009938), ('subsample', 0.6168371954229752)])",408,random search for 3 group,3
0.9234335810764168,0.9248947283646656,0.9248363381156736,0.9243882158522521,0.0006754494906947666,397,2.290471315383911,0.05830581839319597,0.40420762697855633,0.017311426293016643,0.6074136837281456,0.6630953002210288,"OrderedDict([('colsample_bytree', 0.6074136837281456), ('subsample', 0.6630953002210288)])",409,random search for 3 group,3
0.9253319220414644,0.9256080443636531,0.9256532093836649,0.925531058596261,0.0001420128992974394,154,2.3931936422983804,0.23916270021152736,0.40501030286153156,0.03557930768661324,0.648216157981093,0.8724477730558535,"OrderedDict([('colsample_bytree', 0.648216157981093), ('subsample', 0.8724477730558535)])",410,random search for 3 group,3
0.9239052900434893,0.9249062334614234,0.9246407492205208,0.9244840909084778,0.00042338186193672107,390,2.3800806204477944,0.29208936145368297,0.3710447947184245,0.015677488751924876,0.505835494943735,0.5130189685750173,"OrderedDict([('colsample_bytree', 0.505835494943735), ('subsample', 0.5130189685750173)])",411,random search for 3 group,3
0.9258611564923261,0.9257576106215053,0.9256532093836649,0.9257573254991653,8.489429101811715e-05,84,2.5130422115325928,0.17125969495692805,0.4821333885192871,0.1581988057529451,0.7932806477902925,0.8365231780303195,"OrderedDict([('colsample_bytree', 0.7932806477902925), ('subsample', 0.8365231780303195)])",412,random search for 3 group,3
0.9252283761706436,0.9258841666858418,0.9250894531564596,0.9254006653376483,0.00034655934195668896,187,2.5560903549194336,0.44171183872775355,0.5051048596700033,0.21409594730840345,0.5347365804205539,0.7232243883911889,"OrderedDict([('colsample_bytree', 0.5347365804205539), ('subsample', 0.7232243883911889)])",413,random search for 3 group,3
0.9256540647506846,0.9259186819761154,0.9267577113798221,0.9261101527022073,0.00047046413233054623,9,2.371679147084554,0.05226723931634442,0.384127934773763,0.014112576562434153,0.8381796134420741,0.7960688421514208,"OrderedDict([('colsample_bytree', 0.8381796134420741), ('subsample', 0.7960688421514208)])",414,random search for 3 group,3
0.9245610805586875,0.9244690397846246,0.924663759678774,0.9245646266740287,7.953360084434476e-05,379,2.5192031860351562,0.1814808177310201,0.5029881795247396,0.15790669138230923,0.5377797048376731,0.521360378295963,"OrderedDict([('colsample_bytree', 0.5377797048376731), ('subsample', 0.521360378295963)])",415,random search for 3 group,3
0.9256885800409581,0.9259877125566626,0.9262284708399968,0.9259682544792058,0.00022083852517982276,27,2.4742515881856284,0.2853112024551719,0.44412962595621747,0.08592569525994707,0.761293374411392,0.8906414635857254,"OrderedDict([('colsample_bytree', 0.761293374411392), ('subsample', 0.8906414635857254)])",416,random search for 3 group,3
0.9251363353965807,0.9257115902344739,0.9251584845312194,0.9253354700540913,0.00026611080224795834,206,2.3463295300801597,0.06653809064427456,0.48766469955444336,0.18800971857877116,0.6633302774739733,0.7095913660124702,"OrderedDict([('colsample_bytree', 0.6633302774739733), ('subsample', 0.7095913660124702)])",417,random search for 3 group,3
0.9254699832025587,0.9255620239766217,0.9258603035079443,0.9256307702290415,0.00016659736015400175,118,2.4425251483917236,0.3077747082409395,0.44986963272094727,0.11385027485668835,0.5842087689525611,0.8589278034183361,"OrderedDict([('colsample_bytree', 0.5842087689525611), ('subsample', 0.8589278034183361)])",418,random search for 3 group,3
0.9254929933960745,0.9258496513955682,0.9258372930496911,0.9257266459471113,0.00016529431958922034,94,2.277479807535807,0.007105272349998615,0.3743728796641032,0.019889345468175286,0.6306507446636318,0.8465461594632118,"OrderedDict([('colsample_bytree', 0.6306507446636318), ('subsample', 0.8465461594632118)])",419,random search for 3 group,3
0.9259877125566626,0.9255620239766217,0.9256762198419182,0.9257419854584009,0.00017990095242996365,91,2.4593422412872314,0.22922191630309546,0.5969629287719727,0.1762744729785702,0.7599480993360976,0.7153203632705712,"OrderedDict([('colsample_bytree', 0.7599480993360976), ('subsample', 0.7153203632705712)])",420,random search for 3 group,3
0.9252859016544329,0.9252168710738857,0.9246752649079006,0.9250593458787398,0.0002730445011143937,286,2.4298058350880942,0.29891283388423107,0.40344945589701336,0.01423515823733576,0.6816171873621089,0.5488801981489803,"OrderedDict([('colsample_bytree', 0.6816171873621089), ('subsample', 0.5488801981489803)])",421,random search for 3 group,3
0.9255160035895902,0.9257806208150211,0.925365578655499,0.9255540676867033,0.0001715646722803317,147,2.3041494687398276,0.007738395285729261,0.49835530916849774,0.18362049264208494,0.8207942470415962,0.7276560850107899,"OrderedDict([('colsample_bytree', 0.8207942470415962), ('subsample', 0.7276560850107899)])",422,random search for 3 group,3
0.925792125911779,0.9262523297820935,0.9259063244244509,0.9259835933727745,0.00019566087727561015,24,2.416144847869873,0.23274856138202815,0.39847691853841144,0.040405348816096566,0.7898630177337056,0.8462875217947694,"OrderedDict([('colsample_bytree', 0.7898630177337056), ('subsample', 0.8462875217947694)])",423,random search for 3 group,3
0.9246301111392347,0.9251823557836122,0.9252390211351059,0.9250171626859842,0.00027466272092139925,298,2.2356911500295005,0.0340060017052684,0.37253936131795246,0.022112764855584884,0.7682072091321819,0.528370772816269,"OrderedDict([('colsample_bytree', 0.7682072091321819), ('subsample', 0.528370772816269)])",424,random search for 3 group,3
0.9258841666858418,0.9258956717825997,0.9261594394652369,0.9259797593112261,0.00012713984458554746,25,2.475332339604696,0.26258232608764326,0.5550200939178467,0.1565495636514911,0.6646377252768368,0.8398493010383806,"OrderedDict([('colsample_bytree', 0.6646377252768368), ('subsample', 0.8398493010383806)])",425,random search for 3 group,3
0.925872661589084,0.9255505188798637,0.9261709446943636,0.9258647083877705,0.00025335020279288893,49,2.4848387241363525,0.2938999297275884,0.45900781949361164,0.12211650970220513,0.8378927265330769,0.7800894642446379,"OrderedDict([('colsample_bytree', 0.8378927265330769), ('subsample', 0.7800894642446379)])",426,random search for 3 group,3
0.9254814882993166,0.9258266412020525,0.9265506172555427,0.9259529155856372,0.00044550951820922197,28,2.2709065278371177,0.03354828009163202,0.4848276774088542,0.17454402813998365,0.8560168231028775,0.8168101630056515,"OrderedDict([('colsample_bytree', 0.8560168231028775), ('subsample', 0.8168101630056515)])",427,random search for 3 group,3
0.9258611564923261,0.926206309395062,0.9255151466341452,0.925860870840511,0.0002821660878717034,50,2.470149596532186,0.3199594622198078,0.44636138280232746,0.11276326579503816,0.6944779235755417,0.7789448007591098,"OrderedDict([('colsample_bytree', 0.6944779235755417), ('subsample', 0.7789448007591098)])",428,random search for 3 group,3
0.9254124577187695,0.9251248302998228,0.9258142825914378,0.9254505235366767,0.00028275179984455303,173,2.255025943120321,0.05386986826465714,0.3634212017059326,0.020271291416741243,0.5560627945345035,0.6856482967582371,"OrderedDict([('colsample_bytree', 0.5560627945345035), ('subsample', 0.6856482967582371)])",429,random search for 3 group,3
0.9244690397846246,0.925113325203065,0.9249168747195601,0.9248330799024166,0.0002696196130833502,343,2.385763724644979,0.20915432727809816,0.5630690256754557,0.14449230502141036,0.572405780662974,0.6324396629959874,"OrderedDict([('colsample_bytree', 0.572405780662974), ('subsample', 0.6324396629959874)])",430,random search for 3 group,3
0.9242849582364988,0.9238822798499735,0.9242725818884683,0.9241466066583136,0.00018697555937084614,416,2.402883529663086,0.2308730387521174,0.4219602743784587,0.06887520025282874,0.8673223982560327,0.5050299115022294,"OrderedDict([('colsample_bytree', 0.8673223982560327), ('subsample', 0.5050299115022294)])",431,random search for 3 group,3
0.9246761315262662,0.9247796773970869,0.9236973204321364,0.9243843764518299,0.00048765761041174704,399,2.2691723505655923,0.009770567365432066,0.4889710744222005,0.14702614005100864,0.7055096022589784,0.510936767414629,"OrderedDict([('colsample_bytree', 0.7055096022589784), ('subsample', 0.510936767414629)])",432,random search for 3 group,3
0.9256655698474424,0.9261027635242413,0.9260673976322239,0.9259452436679693,0.0001982856037732407,30,2.4581069946289062,0.26992957616436136,0.5342450936635336,0.12875805172072147,0.8258940645936002,0.8081628785049695,"OrderedDict([('colsample_bytree', 0.8258940645936002), ('subsample', 0.8081628785049695)])",433,random search for 3 group,3
0.9249637589452128,0.9249982742354863,0.9254000943428788,0.9251207091745259,0.000198057029728541,264,2.2517143885294595,0.019442513779056977,0.37186447779337567,0.035869312861622316,0.5886115486848642,0.766448348567795,"OrderedDict([('colsample_bytree', 0.5886115486848642), ('subsample', 0.766448348567795)])",434,random search for 3 group,3
0.9256310545571689,0.9246991417197818,0.9254691257176386,0.9252664406648631,0.0004065516015510964,226,2.4421297709147134,0.25012329009766476,0.5543094476064047,0.17710018860560595,0.8244155408931652,0.5803195208362011,"OrderedDict([('colsample_bytree', 0.8244155408931652), ('subsample', 0.5803195208362011)])",435,random search for 3 group,3
0.9252859016544329,0.9257115902344739,0.9256647146127915,0.9255540688338995,0.0001905860402098508,146,2.49820876121521,0.387723549818638,0.45450282096862793,0.10112402398157641,0.6059571254968776,0.8111068980694622,"OrderedDict([('colsample_bytree', 0.6059571254968776), ('subsample', 0.8111068980694622)])",436,random search for 3 group,3
0.9254584781058008,0.9253549322349801,0.9255381570923985,0.9254505224777265,7.501247055230653e-05,174,2.4031790097554526,0.13087972541470416,0.4647047519683838,0.1331551082315056,0.5267268147304187,0.8962730710302049,"OrderedDict([('colsample_bytree', 0.5267268147304187), ('subsample', 0.8962730710302049)])",437,random search for 3 group,3
0.9252168710738857,0.9250097793322442,0.9251584845312194,0.9251283783124498,8.71838504559544e-05,263,2.262345234553019,0.032159985199688365,0.39006662368774414,0.019583517877658073,0.648901853645677,0.6362031838165664,"OrderedDict([('colsample_bytree', 0.648901853645677), ('subsample', 0.6362031838165664)])",438,random search for 3 group,3
0.9248717181711498,0.9253089118479486,0.9251814949894727,0.9251207083361903,0.00018358620258826782,265,2.3039772510528564,0.03709909577663538,0.4133946895599365,0.008774881920785712,0.8994358622732863,0.7001218887203045,"OrderedDict([('colsample_bytree', 0.8994358622732863), ('subsample', 0.7001218887203045)])",439,random search for 3 group,3
0.9246761315262662,0.9255160035895902,0.9254691257176386,0.9252204202778316,0.0003853457906263965,236,2.238245884577433,0.026869534875560427,0.3902571201324463,0.030801096976775206,0.506564443528085,0.7173050153123574,"OrderedDict([('colsample_bytree', 0.506564443528085), ('subsample', 0.7173050153123574)])",440,random search for 3 group,3
0.9248487079776341,0.9254929933960745,0.9263435231312631,0.9255617415016572,0.0006121888664977289,140,2.3063999017079673,0.029838283173617114,0.4025843143463135,0.019019140272719677,0.8086921095847572,0.8466464837697331,"OrderedDict([('colsample_bytree', 0.8086921095847572), ('subsample', 0.8466464837697331)])",441,random search for 3 group,3
0.92519386088037,0.9247911824938447,0.9246752649079006,0.9248867694273718,0.00022224324820820438,333,2.283679644266764,0.04515093683392342,0.3801855246225993,0.011595842009927523,0.5913582451555852,0.7118468941811418,"OrderedDict([('colsample_bytree', 0.5913582451555852), ('subsample', 0.7118468941811418)])",442,random search for 3 group,3
0.9246416162359925,0.9251363353965807,0.9266196486303024,0.9254658667542919,0.0008404745584176871,170,2.2543933391571045,0.043099096824247854,0.3735620180765788,0.022677544358496872,0.5192331252670218,0.7493353511881304,"OrderedDict([('colsample_bytree', 0.5192331252670218), ('subsample', 0.7493353511881304)])",443,random search for 3 group,3
0.925021284429002,0.9255505188798637,0.9256071884671583,0.9253929972586746,0.00026385688208885896,192,2.2964611848195395,0.05624844712418526,0.36869263648986816,0.013752389371169252,0.7711440685089512,0.7832026387793157,"OrderedDict([('colsample_bytree', 0.7711440685089512), ('subsample', 0.7832026387793157)])",444,random search for 3 group,3
0.9249982742354863,0.9249177385581813,0.9247442962826604,0.9248867696921094,0.00010597327691370668,332,2.301794449488322,0.049444560439716456,0.37645498911539715,0.012152579225724486,0.7702930069119622,0.6631622292955647,"OrderedDict([('colsample_bytree', 0.7702930069119622), ('subsample', 0.6631622292955647)])",445,random search for 3 group,3
0.9243769990105617,0.924353988817046,0.9250894531564596,0.9246068136613558,0.00034140692135825693,369,2.248569965362549,0.04784417369212308,0.3845389684041341,0.021699927775252415,0.5453710594921073,0.6046807615694613,"OrderedDict([('colsample_bytree', 0.5453710594921073), ('subsample', 0.6046807615694613)])",446,random search for 3 group,3
0.9247566672035712,0.925792125911779,0.9257912721331846,0.9254466884161783,0.00048791880309483624,176,2.3436017831166587,0.07193102863471906,0.3801417350769043,0.025829557592916892,0.7133535009315063,0.8617412074006773,"OrderedDict([('colsample_bytree', 0.7133535009315063), ('subsample', 0.8617412074006773)])",447,random search for 3 group,3
0.925366437331738,0.9251823557836122,0.9256301989254117,0.9253929973469206,0.00018379326378493928,191,2.2863725821177163,0.03413477139943225,0.3991866111755371,0.025132664057211755,0.6050259646471661,0.7900427655485327,"OrderedDict([('colsample_bytree', 0.6050259646471661), ('subsample', 0.7900427655485327)])",448,random search for 3 group,3
0.9258381462988103,0.925446973009043,0.9267462061506955,0.9260104418195162,0.0005442217678689071,20,2.343334436416626,0.041827989000677385,0.3652903238932292,0.01578293531998655,0.7792365853873372,0.8668392703145913,"OrderedDict([('colsample_bytree', 0.7792365853873372), ('subsample', 0.8668392703145913)])",449,random search for 3 group,3
0.9248141926873605,0.92519386088037,0.9246292439913941,0.9248790991863749,0.00023502864795585369,335,2.2847375869750977,0.004284107337970164,0.3934752941131592,0.024966586286725902,0.7715636763552773,0.5503375933084114,"OrderedDict([('colsample_bytree', 0.7715636763552773), ('subsample', 0.5503375933084114)])",450,random search for 3 group,3
0.9254239628155273,0.9261027635242413,0.9260328819448439,0.9258532027615375,0.000304856312845781,53,2.300858656565348,0.05670189335945551,0.3922828833262126,0.03140315664470376,0.666563460395128,0.8141258989761939,"OrderedDict([('colsample_bytree', 0.666563460395128), ('subsample', 0.8141258989761939)])",451,random search for 3 group,3
0.9246416162359925,0.9249637589452128,0.9252390211351059,0.924948132105437,0.00024413971677738144,315,2.2672749360402427,0.04558370062906992,0.40895239512125653,0.03518288622239301,0.72650910989206,0.7086076202447981,"OrderedDict([('colsample_bytree', 0.72650910989206), ('subsample', 0.7086076202447981)])",452,random search for 3 group,3
0.9241468970754044,0.9246186060424768,0.9242380662010884,0.9243345231063232,0.00020429600800428804,404,2.3396542072296143,0.09317743464530533,0.40302244822184247,0.034846698000824815,0.6469922914106221,0.5222784097691211,"OrderedDict([('colsample_bytree', 0.6469922914106221), ('subsample', 0.5222784097691211)])",453,random search for 3 group,3
0.9246186060424768,0.9260567431372098,0.9249053694904334,0.92519357289004,0.0006214796727543681,243,2.2602016925811768,0.056607512794117604,0.3984099229176839,0.011617013481611415,0.5476650656250465,0.7575172956092098,"OrderedDict([('colsample_bytree', 0.5476650656250465), ('subsample', 0.7575172956092098)])",454,random search for 3 group,3
0.9257115902344739,0.9258496513955682,0.9256532093836649,0.9257381503379024,8.23668433725934e-05,92,2.3055478731791177,0.07220419930503266,0.37237977981567383,0.020385919378750197,0.6213471437985342,0.8789503608973193,"OrderedDict([('colsample_bytree', 0.6213471437985342), ('subsample', 0.8789503608973193)])",455,random search for 3 group,3
0.9249522538484549,0.9257576106215053,0.9251930002185994,0.9253009548961866,0.00033753078109928253,216,2.264092445373535,0.04643847660589712,0.394210418065389,0.017665450017455377,0.552139136038146,0.6707045873030011,"OrderedDict([('colsample_bytree', 0.552139136038146), ('subsample', 0.6707045873030011)])",456,random search for 3 group,3
0.9261142686209991,0.9255620239766217,0.9250894531564596,0.9255885819180268,0.000418800411714676,132,2.3035616079966226,0.02739267472365827,0.39656488100687665,0.03893145655585755,0.7405193494260665,0.7476290645084334,"OrderedDict([('colsample_bytree', 0.7405193494260665), ('subsample', 0.7476290645084334)])",457,random search for 3 group,3
0.924768172300329,0.9246761315262662,0.9240424773059356,0.9244955937108436,0.00032259751323704964,388,2.2357837359110513,0.04544573819204829,0.38567399978637695,0.009546573716090568,0.5003243117445203,0.5318014176331244,"OrderedDict([('colsample_bytree', 0.5003243117445203), ('subsample', 0.5318014176331244)])",458,random search for 3 group,3
0.9253434271382223,0.925113325203065,0.9254231048011321,0.9252932857141398,0.00013134299029999907,218,2.3204737504323325,0.012932063574424278,0.39788111050923664,0.029453777676942156,0.7458386499811651,0.8238699317488458,"OrderedDict([('colsample_bytree', 0.7458386499811651), ('subsample', 0.8238699317488458)])",459,random search for 3 group,3
0.9252168710738857,0.9251478404933385,0.9248938642613067,0.9250861919428436,0.00013888546378630132,275,2.326834201812744,0.08010789926289093,0.3775898615519206,0.021311586003860114,0.8541101569390281,0.6954400791140132,"OrderedDict([('colsample_bytree', 0.8541101569390281), ('subsample', 0.6954400791140132)])",460,random search for 3 group,3
0.9245380703651718,0.9249637589452128,0.925584178008905,0.9250286691064299,0.0004295309824612618,293,2.2898190021514893,0.03494414184944233,0.36449186007181805,0.016358738786630463,0.6945768035693056,0.5800470017864106,"OrderedDict([('colsample_bytree', 0.6945768035693056), ('subsample', 0.5800470017864106)])",461,random search for 3 group,3
0.9237672288823949,0.924261948042983,0.9246292439913941,0.924219473638924,0.0003531954777795122,413,2.2594637870788574,0.07319035172956327,0.3837417761484782,0.035195455349608794,0.5677675155165751,0.5242526386139211,"OrderedDict([('colsample_bytree', 0.5677675155165751), ('subsample', 0.5242526386139211)])",462,random search for 3 group,3
0.9250673048160335,0.9249867691387285,0.9256992303001714,0.925251101418311,0.0003185761237106622,230,2.284752368927002,0.049575479693019044,0.38476109504699707,0.03060248262055015,0.5995227022642217,0.6879310983390108,"OrderedDict([('colsample_bytree', 0.5995227022642217), ('subsample', 0.6879310983390108)])",463,random search for 3 group,3
0.9255965392668952,0.9260797533307256,0.9255956832380317,0.9257573252785507,0.00022799132997880484,85,2.2752651373545327,0.02916610133286294,0.3808759848276774,0.0391351321231622,0.6680970595088697,0.7518961216868718,"OrderedDict([('colsample_bytree', 0.6680970595088697), ('subsample', 0.7518961216868718)])",464,random search for 3 group,3
0.9252053659771279,0.9257346004279896,0.9251124636147129,0.9253508100066101,0.00027401828149784923,203,2.2708685398101807,0.04214113629117984,0.3823678493499756,0.01076109443115279,0.6196545764753277,0.7608214936439781,"OrderedDict([('colsample_bytree', 0.6196545764753277), ('subsample', 0.7608214936439781)])",465,random search for 3 group,3
0.924181412365678,0.9248141926873605,0.9244566655544946,0.924484090202511,0.00025905831694336527,392,2.3052426179250083,0.050206891427757944,0.38593514760335285,0.0273096771885076,0.7349160131486955,0.536999053189356,"OrderedDict([('colsample_bytree', 0.7349160131486955), ('subsample', 0.536999053189356)])",466,random search for 3 group,3
0.9254814882993166,0.925527508686348,0.9259868610283374,0.9256652860046674,0.00022816272101567386,106,2.2851104736328125,0.06711932348546859,0.3746521472930908,0.009073016107126275,0.7003191903605311,0.8216139866413843,"OrderedDict([('colsample_bytree', 0.7003191903605311), ('subsample', 0.8216139866413843)])",467,random search for 3 group,3
0.9256425596539267,0.9254584781058008,0.9255381570923985,0.9255463982840421,7.53765746983509e-05,149,2.2836357752482095,0.0575415896223801,0.3672189712524414,0.015566946612833194,0.7975549790271781,0.7794169018075849,"OrderedDict([('colsample_bytree', 0.7975549790271781), ('subsample', 0.7794169018075849)])",468,random search for 3 group,3
0.9240433512045836,0.9235256218504798,0.9247097805952805,0.9240929178834479,0.0004846996492414889,418,2.291895945866903,0.046821212574182154,0.3873649438222249,0.031043068489495312,0.8633517824427093,0.5312146909345326,"OrderedDict([('colsample_bytree', 0.8633517824427093), ('subsample', 0.5312146909345326)])",469,random search for 3 group,3
0.9263328654593985,0.9256770749442003,0.9259408401118309,0.9259835935051433,0.0002694267858940422,23,2.279815912246704,0.06528818211026759,0.4147145748138428,0.03201560679605042,0.6824661331133879,0.7881878718168448,"OrderedDict([('colsample_bytree', 0.6824661331133879), ('subsample', 0.7881878718168448)])",470,random search for 3 group,3
0.9242964633332567,0.9251708506868542,0.924249571430215,0.9245722951501086,0.0004236753950603538,376,2.3019222418467202,0.024400325260400587,0.36422546704610187,0.014837648697295005,0.7730540223297684,0.554559307909349,"OrderedDict([('colsample_bytree', 0.7730540223297684), ('subsample', 0.554559307909349)])",471,random search for 3 group,3
0.9244460295911089,0.9251593455900964,0.9242840871175949,0.9246298207662668,0.00038022251859564857,366,2.3176798820495605,0.05349414879775039,0.3879393736521403,0.018249377247872404,0.8012556408995137,0.6268259336923016,"OrderedDict([('colsample_bytree', 0.8012556408995137), ('subsample', 0.6268259336923016)])",472,random search for 3 group,3
0.9260452380404519,0.9263213603626407,0.9259868610283374,0.9261178198104766,0.00014588474027414172,8,2.318002462387085,0.07395596049868136,0.3877066771189372,0.039220520348387446,0.7013112633080512,0.8322869806389589,"OrderedDict([('colsample_bytree', 0.7013112633080512), ('subsample', 0.8322869806389589)])",473,random search for 3 group,3
0.9250673048160335,0.9252398812674014,0.9253540734263723,0.9252204198366023,0.00011787880622479454,237,2.3005815347035727,0.051406271384964904,0.37206244468688965,0.014132853434183282,0.8548110581953419,0.6499558303550126,"OrderedDict([('colsample_bytree', 0.8548110581953419), ('subsample', 0.6499558303550126)])",474,random search for 3 group,3
0.9256310545571689,0.9262178144918198,0.9262514812982501,0.9260334501157462,0.0002848683937492409,18,2.3417455355326333,0.05617474203017672,0.3984494209289551,0.035194554028865066,0.6443397420556287,0.8715108142914225,"OrderedDict([('colsample_bytree', 0.6443397420556287), ('subsample', 0.8715108142914225)])",475,random search for 3 group,3
0.9247106468165397,0.924353988817046,0.9245256969292543,0.9245301108542799,0.00014563846607566706,384,2.276425758997599,0.016236526948632167,0.3774576981862386,0.0075046043911859,0.6517860994733201,0.5083532408061124,"OrderedDict([('colsample_bytree', 0.6517860994733201), ('subsample', 0.5083532408061124)])",476,random search for 3 group,3
0.9254354679122851,0.9255850341701374,0.9247673067409138,0.9252626029411121,0.00035551020690471414,228,2.2844583988189697,0.062138462978192324,0.3797718683878581,0.030118888645284975,0.7004633155463573,0.7138160163182311,"OrderedDict([('colsample_bytree', 0.7004633155463573), ('subsample', 0.7138160163182311)])",477,random search for 3 group,3
0.9254699832025587,0.9252513863641593,0.92495139040694,0.9252242533245526,0.0002125821775151615,235,2.32955535252889,0.14315685593423305,0.37166229883829754,0.015537025579497257,0.6454113888957054,0.6522978610783366,"OrderedDict([('colsample_bytree', 0.6454113888957054), ('subsample', 0.6522978610783366)])",478,random search for 3 group,3
0.9250788099127913,0.9252168710738857,0.926700185234189,0.9256652887402886,0.0007339497193795596,104,2.2597219944000244,0.055601812739997404,0.39341894785563153,0.024857070591741564,0.7207242307655277,0.7389263846752514,"OrderedDict([('colsample_bytree', 0.7207242307655277), ('subsample', 0.7389263846752514)])",479,random search for 3 group,3
0.9253549322349801,0.9248372028808762,0.9259293348827042,0.9253738233328536,0.00044606108142148645,195,2.2971793015797934,0.06237331099136584,0.38991371790568036,0.03572974406608421,0.8474941007861123,0.6572928032271875,"OrderedDict([('colsample_bytree', 0.8474941007861123), ('subsample', 0.6572928032271875)])",480,random search for 3 group,3
0.9253894475252537,0.9266780183621344,0.925584178008905,0.9258838812987644,0.0005671391639208416,44,2.337614059448242,0.06361397357129979,0.37439481417338055,0.024010077457164027,0.8704510202456017,0.8998369112709768,"OrderedDict([('colsample_bytree', 0.8704510202456017), ('subsample', 0.8998369112709768)])",481,random search for 3 group,3
0.925366437331738,0.9255390137831059,0.9257797669040579,0.9255617393396339,0.00016950451720271437,141,2.2475833098093667,0.04139762624382297,0.3819332917531331,0.02184809526931143,0.5210453774871356,0.7261922113136112,"OrderedDict([('colsample_bytree', 0.5210453774871356), ('subsample', 0.7261922113136112)])",482,random search for 3 group,3
0.9252859016544329,0.9250903150095492,0.9252850420516124,0.9252204195718648,9.199848759903246e-05,238,2.340088208516439,0.04894255645514331,0.3990468184153239,0.011357013516722981,0.6593666593449434,0.6456947359790484,"OrderedDict([('colsample_bytree', 0.6593666593449434), ('subsample', 0.6456947359790484)])",483,random search for 3 group,3
0.9253319220414644,0.9258266412020525,0.9254806309467654,0.9255463980634274,0.0002072530613988183,150,2.3196046352386475,0.07097052677790196,0.41210182507832843,0.05754710205579113,0.8308884680399597,0.83070924168746,"OrderedDict([('colsample_bytree', 0.8308884680399597), ('subsample', 0.83070924168746)])",484,random search for 3 group,3
0.9248487079776341,0.9256310545571689,0.9258603035079443,0.9254466886809157,0.00043307001857348837,175,2.375786225001017,0.16311638201808393,0.382410208384196,0.023873775524849,0.8837610189626665,0.8083395068621024,"OrderedDict([('colsample_bytree', 0.8837610189626665), ('subsample', 0.8083395068621024)])",485,random search for 3 group,3
0.9246301111392347,0.9248256977841184,0.925584178008905,0.9250133289774194,0.00041147296101956516,299,2.2608347733815513,0.018694564516674114,0.3863101800282796,0.0042715941533953295,0.5702867353455978,0.7163123335641074,"OrderedDict([('colsample_bytree', 0.5702867353455978), ('subsample', 0.7163123335641074)])",486,random search for 3 group,3
0.9246646264295083,0.9242849582364988,0.9242150557428351,0.9243882134696141,0.00019752583451827967,398,2.2902615865071616,0.07264364821016746,0.392100731531779,0.03426015973071486,0.861141446063826,0.5059074141039848,"OrderedDict([('colsample_bytree', 0.861141446063826), ('subsample', 0.5059074141039848)])",487,random search for 3 group,3
0.9250788099127913,0.9254814882993166,0.925365578655499,0.9253086256225357,0.0001692536690226529,212,2.315045436223348,0.06476056303233352,0.3857853412628174,0.028844162825471205,0.6227195964898269,0.7285236402106865,"OrderedDict([('colsample_bytree', 0.6227195964898269), ('subsample', 0.7285236402106865)])",488,random search for 3 group,3
0.9238822798499735,0.9243194735267724,0.9244911812418745,0.9242309782062068,0.00025633804839993635,412,2.269818385442098,0.04806416762292646,0.4002691904703776,0.04369720713227247,0.6272468779289779,0.5027450027501518,"OrderedDict([('colsample_bytree', 0.6272468779289779), ('subsample', 0.5027450027501518)])",489,random search for 3 group,3
0.9236981983018477,0.9242044225591938,0.9251009583855863,0.9243345264155426,0.0005800167947052048,403,2.3395864168802896,0.029933870770625846,0.40555548667907715,0.012616086128214564,0.5992162303902817,0.5393828942637837,"OrderedDict([('colsample_bytree', 0.5992162303902817), ('subsample', 0.5393828942637837)])",490,random search for 3 group,3
0.9248141926873605,0.9262638348788513,0.9258948191953242,0.9256576155871787,0.0006151231771634605,107,2.3889450232187905,0.1650297895576603,0.3808003266652425,0.0313712508903348,0.851134589812659,0.7941774588707304,"OrderedDict([('colsample_bytree', 0.851134589812659), ('subsample', 0.7941774588707304)])",491,random search for 3 group,3
0.9251593455900964,0.9256655698474424,0.9238468884107827,0.9248906012827739,0.0007664064061368521,331,2.297987699508667,0.070190872063789,0.45892906188964844,0.11249425856309753,0.5099303861802623,0.617098358467981,"OrderedDict([('colsample_bytree', 0.5099303861802623), ('subsample', 0.617098358467981)])",492,random search for 3 group,3
0.9250788099127913,0.9255160035895902,0.9248938642613067,0.925162892587896,0.0002608534175085444,253,2.336857318878174,0.05162403635116441,0.43153198560078937,0.05929167826244565,0.8475538327244618,0.6894096843091342,"OrderedDict([('colsample_bytree', 0.8475538327244618), ('subsample', 0.6894096843091342)])",493,random search for 3 group,3
0.9256770749442003,0.925953197266389,0.9261134185487304,0.9259145635864399,0.00018021904491183395,35,2.284248431523641,0.048388282073180106,0.40751059850056964,0.0357865837091449,0.8255034321325485,0.8102227155397045,"OrderedDict([('colsample_bytree', 0.8255034321325485), ('subsample', 0.8102227155397045)])",494,random search for 3 group,3
0.9243194735267724,0.9249062334614234,0.9253540734263723,0.924859926804856,0.00042364093907845056,336,2.300858736038208,0.07326213294722761,0.4374275207519531,0.08978503061383869,0.7560264786779369,0.5960097013817804,"OrderedDict([('colsample_bytree', 0.7560264786779369), ('subsample', 0.5960097013817804)])",495,random search for 3 group,3
0.9241699072689201,0.9249292436549391,0.9256647146127915,0.924921288512217,0.000610278467611182,322,2.308943271636963,0.047825559765345464,0.4087226390838623,0.05328406459005936,0.5369038573796393,0.5064255744168442,"OrderedDict([('colsample_bytree', 0.5369038573796393), ('subsample', 0.5064255744168442)])",496,random search for 3 group,3
0.9252974067511908,0.9262178144918198,0.9264355649642763,0.925983595402429,0.0004932848844767167,22,2.432417154312134,0.1266168907787668,0.41073981920878094,0.04555758281386474,0.8987632528794678,0.808386462776622,"OrderedDict([('colsample_bytree', 0.8987632528794678), ('subsample', 0.808386462776622)])",497,random search for 3 group,3
0.9251363353965807,0.9257461055247475,0.9252735368224858,0.9253853259146047,0.0002611863997718796,194,2.3760570685068765,0.14443662914089953,0.3684844175974528,0.013506488692280216,0.6954075096941292,0.6997053604380257,"OrderedDict([('colsample_bytree', 0.6954075096941292), ('subsample', 0.6997053604380257)])",498,random search for 3 group,3
0.9247336570100555,0.925446973009043,0.9255266518632719,0.9252357606274568,0.00035652789690607527,232,2.3540732065836587,0.0714912570048709,0.36728278795878094,0.011590732655396507,0.5090722705060825,0.8075418411106123,"OrderedDict([('colsample_bytree', 0.5090722705060825), ('subsample', 0.8075418411106123)])",499,random search for 3 group,3
0.9243654939138038,0.926286845072367,0.9251239688438395,0.9252587692766702,0.0007901586069250095,229,2.425456921259562,0.25530149786925543,0.3748159408569336,0.033285180581318144,0.6453813126365167,0.775210925881143,"OrderedDict([('colsample_bytree', 0.6453813126365167), ('subsample', 0.775210925881143)])",500,random search for 3 group,3
0.925527508686348,0.9257461055247475,0.925871808737071,0.9257151409827221,0.000142255013688055,98,2.4169267813364663,0.17816138440879592,0.4000573952992757,0.023206335396971724,0.8617758385895908,0.8392754129312068,"OrderedDict([('colsample_bytree', 0.8617758385895908), ('subsample', 0.8392754129312068)])",501,random search for 3 group,3
0.9242274327527095,0.924940748751697,0.9257337459875513,0.924967309163986,0.0006152365301197302,312,2.3068226178487143,0.013727880380696866,0.4637804826100667,0.12685361303408976,0.8278293229083216,0.5895055499891988,"OrderedDict([('colsample_bytree', 0.8278293229083216), ('subsample', 0.5895055499891988)])",502,random search for 3 group,3
0.9245840907522033,0.9248947283646656,0.9246407492205208,0.9247065227791299,0.00013507665065473065,356,2.290851434071859,0.06098609512668993,0.4337165355682373,0.07257092802142073,0.6459281725982595,0.626937622867117,"OrderedDict([('colsample_bytree', 0.6459281725982595), ('subsample', 0.626937622867117)])",503,random search for 3 group,3
0.9249752640419706,0.9249522538484549,0.9255266518632719,0.925151389917899,0.00026551649413311093,256,2.305194854736328,0.05197492561581635,0.43380284309387207,0.06695401711496962,0.8391936198913418,0.6587323405146354,"OrderedDict([('colsample_bytree', 0.8391936198913418), ('subsample', 0.6587323405146354)])",504,random search for 3 group,3
0.9250442946225178,0.9260222278469362,0.9254231048011321,0.9254965424235287,0.00040260250135238794,162,2.2868767579396567,0.06973284135955657,0.3717776934305827,0.020761829249850764,0.5391029947080246,0.7858969869219212,"OrderedDict([('colsample_bytree', 0.5391029947080246), ('subsample', 0.7858969869219212)])",505,random search for 3 group,3
0.9258266412020525,0.9260107227501784,0.9258027773623112,0.9258800471048474,9.29138092492455e-05,46,2.4268833001454673,0.11102239760720994,0.3930172125498454,0.03396460902239011,0.7800228868579382,0.8920230660045898,"OrderedDict([('colsample_bytree', 0.7800228868579382), ('subsample', 0.8920230660045898)])",506,random search for 3 group,3
0.9242274327527095,0.9252168710738857,0.9242955923467215,0.9245799653911057,0.0004512191405013822,373,2.4060823122660318,0.1438944823537467,0.4127844174702962,0.04792787044127448,0.7736182050761111,0.5682206780973592,"OrderedDict([('colsample_bytree', 0.7736182050761111), ('subsample', 0.5682206780973592)])",507,random search for 3 group,3
0.924353988817046,0.9242044225591938,0.924249571430215,0.9242693276021517,6.263782733125712e-05,410,2.3417014280954995,0.11706243434620758,0.3721720377604167,0.02763711290422054,0.5905128309042286,0.5248066418500354,"OrderedDict([('colsample_bytree', 0.5905128309042286), ('subsample', 0.5248066418500354)])",508,random search for 3 group,3
0.92503278952576,0.9248832232679077,0.9248938642613067,0.9249366256849916,6.813672963798756e-05,319,2.3273083368937173,0.06493328812563687,0.36353087425231934,0.019882542946204302,0.5836397983683319,0.6483741119270677,"OrderedDict([('colsample_bytree', 0.5836397983683319), ('subsample', 0.6483741119270677)])",509,random search for 3 group,3
0.9241353919786466,0.9245380703651718,0.9248133276574203,0.9244955966670796,0.0002783908612135327,387,2.348553737004598,0.16097249630329546,0.3760956923166911,0.023306660384252414,0.6268806290263141,0.6117292404650231,"OrderedDict([('colsample_bytree', 0.6268806290263141), ('subsample', 0.6117292404650231)])",510,random search for 3 group,3
0.924434524494351,0.9252168710738857,0.9248938642613067,0.9248484199431811,0.0003210040832189194,339,2.305589278539022,0.07933836113563099,0.46061110496520996,0.11451671824427877,0.5847519156694856,0.6095774949702828,"OrderedDict([('colsample_bytree', 0.5847519156694856), ('subsample', 0.6095774949702828)])",511,random search for 3 group,3
0.9255965392668952,0.9255850341701374,0.9257222407584247,0.925634604731819,6.214577852256542e-05,117,2.2804555098215737,0.05425110792535885,0.46053846677144367,0.13177556465483536,0.6639584103716409,0.7558485695322217,"OrderedDict([('colsample_bytree', 0.6639584103716409), ('subsample', 0.7558485695322217)])",512,random search for 3 group,3
0.9243654939138038,0.9246646264295083,0.9253770838846256,0.9248024014093126,0.0004243151549354409,346,2.3022826512654624,0.010924137863624162,0.44808371861775714,0.0696890841201984,0.5698339704320122,0.6541989600146837,"OrderedDict([('colsample_bytree', 0.5698339704320122), ('subsample', 0.6541989600146837)])",513,random search for 3 group,3
0.924342483720288,0.9245725856554453,0.9245602126166342,0.9244917606641225,0.00010567553325400802,389,2.2526443799336753,0.0763774999498818,0.39229949315388996,0.03345071094925097,0.5632308933458335,0.5360066390084363,"OrderedDict([('colsample_bytree', 0.5632308933458335), ('subsample', 0.5360066390084363)])",514,random search for 3 group,3
0.9235486320439955,0.9252974067511908,0.9239159197855425,0.9242539861935762,0.0007528921641740742,411,2.3078836599985757,0.049310782253730555,0.38529761632283527,0.024948270886053045,0.6162795661807385,0.5047984857110615,"OrderedDict([('colsample_bytree', 0.6162795661807385), ('subsample', 0.5047984857110615)])",515,random search for 3 group,3
0.9245725856554453,0.925792125911779,0.9256071884671583,0.9253239666781274,0.0005366442307158572,209,2.3586506843566895,0.022446318588169572,0.42113280296325684,0.042055682509106566,0.5545095524305416,0.7937748847507031,"OrderedDict([('colsample_bytree', 0.5545095524305416), ('subsample', 0.7937748847507031)])",516,random search for 3 group,3
0.9247106468165397,0.9254584781058008,0.9250664426982064,0.9250785225401823,0.0003054203128325728,279,2.381176471710205,0.15578029702465057,0.3962036768595378,0.03560836953875897,0.7541488806244807,0.5908479315589525,"OrderedDict([('colsample_bytree', 0.7541488806244807), ('subsample', 0.5908479315589525)])",517,random search for 3 group,3
0.9252283761706436,0.9242734531397409,0.9254461152593854,0.9249826481899234,0.000509294146896106,308,2.2837591965993247,0.05466157794395443,0.3782799243927002,0.026954613645660184,0.5969039451166516,0.6417968498483049,"OrderedDict([('colsample_bytree', 0.5969039451166516), ('subsample', 0.6417968498483049)])",518,random search for 3 group,3
0.9248141926873605,0.9251708506868542,0.925077947927333,0.9250209971005159,0.0001510712407157018,295,2.381417671839396,0.04055404822518189,0.43284932772318524,0.06382516465332602,0.7922083804988147,0.6472884975043176,"OrderedDict([('colsample_bytree', 0.7922083804988147), ('subsample', 0.6472884975043176)])",519,random search for 3 group,3
0.9250903150095492,0.9260337329436941,0.9254346100302587,0.9255195526611674,0.00038980404267255575,158,2.433046897252401,0.18607207888645366,0.4166901111602783,0.04612163811595305,0.8637765136994078,0.7618595534275174,"OrderedDict([('colsample_bytree', 0.8637765136994078), ('subsample', 0.7618595534275174)])",520,random search for 3 group,3
0.9255044984928323,0.9261372788145148,0.925331062968119,0.9256576134251554,0.00034648630047007055,108,2.3244481086730957,0.09203334461167136,0.3691065311431885,0.017462453045839432,0.5128541478784725,0.7967552193030736,"OrderedDict([('colsample_bytree', 0.5128541478784725), ('subsample', 0.7967552193030736)])",521,random search for 3 group,3
0.9258956717825997,0.9256655698474424,0.9259293348827042,0.9258301921709154,0.00011721400120123962,59,2.367821455001831,0.056157801535466845,0.3731883366902669,0.010159748369109411,0.6293411502276864,0.8529251961537245,"OrderedDict([('colsample_bytree', 0.6293411502276864), ('subsample', 0.8529251961537245)])",522,random search for 3 group,3
0.9256770749442003,0.9248026875906027,0.9259638505700841,0.9254812043682956,0.0004938615380235241,165,2.364459991455078,0.0764397189116961,0.3934669494628906,0.026301043921570243,0.8773102226198368,0.7447857528757621,"OrderedDict([('colsample_bytree', 0.8773102226198368), ('subsample', 0.7447857528757621)])",523,random search for 3 group,3
0.9254124577187695,0.9257691157182631,0.925745251216678,0.9256422748845701,0.00016279706361292648,114,2.2981600761413574,0.046901926828395675,0.37633609771728516,0.02538008406421248,0.7207133555350422,0.7869039674644605,"OrderedDict([('colsample_bytree', 0.7207133555350422), ('subsample', 0.7869039674644605)])",524,random search for 3 group,3
0.9244460295911089,0.92503278952576,0.9252620315933592,0.9249136169034093,0.0003436242156363682,325,2.280789852142334,0.010023937626925895,0.4066632588704427,0.030425757607791426,0.5350357009164038,0.6221336976587966,"OrderedDict([('colsample_bytree', 0.5350357009164038), ('subsample', 0.6221336976587966)])",525,random search for 3 group,3
0.9254354679122851,0.9264018960399457,0.9258487982788177,0.9258953874103494,0.00039591559863691813,41,2.4094808101654053,0.13317463553916092,0.4388779004414876,0.08427059908924281,0.6935845396313882,0.857896947542574,"OrderedDict([('colsample_bytree', 0.6935845396313882), ('subsample', 0.857896947542574)])",526,random search for 3 group,3
0.9245380703651718,0.9249867691387285,0.9255266518632719,0.9250171637890574,0.000404158566796849,297,2.3329851627349854,0.17593223455983867,0.3817288080851237,0.020774402870117944,0.6306413306375186,0.6051664429617476,"OrderedDict([('colsample_bytree', 0.6306413306375186), ('subsample', 0.6051664429617476)])",527,random search for 3 group,3
0.9260222278469362,0.9259647023631469,0.9259868610283374,0.9259912637461402,2.3690128244168135e-05,21,2.283348878224691,0.03559266212861747,0.4539772669474284,0.11515282167984134,0.5515156400274261,0.8593804417820623,"OrderedDict([('colsample_bytree', 0.5515156400274261), ('subsample', 0.8593804417820623)])",528,random search for 3 group,3
0.9253549322349801,0.925366437331738,0.9259523453409575,0.9255579049692253,0.00027895100758865946,143,2.321743965148926,0.030290617258697854,0.410704771677653,0.030708791584756916,0.5762734097778011,0.8412895889232761,"OrderedDict([('colsample_bytree', 0.5762734097778011), ('subsample', 0.8412895889232761)])",529,random search for 3 group,3
0.925366437331738,0.9252168710738857,0.9264930911099094,0.9256921331718443,0.000569644760813868,101,2.3508052031199136,0.07745808363033947,0.3793014685312907,0.02191967948792029,0.6795987646518428,0.7800755553469094,"OrderedDict([('colsample_bytree', 0.6795987646518428), ('subsample', 0.7800755553469094)])",530,random search for 3 group,3
0.9245380703651718,0.9260682482339676,0.9258948191953242,0.9255003792648212,0.0006841287508549679,161,2.283828020095825,0.01612689770274572,0.43390099207560223,0.09587937206092491,0.7954715165059841,0.7193881048943822,"OrderedDict([('colsample_bytree', 0.7954715165059841), ('subsample', 0.7193881048943822)])",531,random search for 3 group,3
0.9254354679122851,0.9261372788145148,0.9261134185487304,0.9258953884251767,0.0003253587627063461,40,2.378582239151001,0.02531130672497995,0.3918924331665039,0.02138714728553217,0.746136563749262,0.7769812531421263,"OrderedDict([('colsample_bytree', 0.746136563749262), ('subsample', 0.7769812531421263)])",532,random search for 3 group,3
0.9252513863641593,0.9259186819761154,0.925745251216678,0.9256384398523174,0.00028269814184198847,115,2.384138504664103,0.11936148200776726,0.3735019365946452,0.010461412694354471,0.6092321219620347,0.8968983470656102,"OrderedDict([('colsample_bytree', 0.6092321219620347), ('subsample', 0.8968983470656102)])",533,random search for 3 group,3
0.9259992176534204,0.9267585540394395,0.9256532093836649,0.926136993692175,0.0004616516577489572,7,2.2739729086558023,0.03667471594129319,0.4278276761372884,0.11042559303420946,0.7319771365552559,0.8208094382100122,"OrderedDict([('colsample_bytree', 0.7319771365552559), ('subsample', 0.8208094382100122)])",534,random search for 3 group,3
0.9254009526220115,0.925527508686348,0.9259178296535776,0.9256154303206457,0.000219982009527036,126,2.30584979057312,0.038813460860265436,0.4208410580952962,0.05681852491550139,0.535356833599276,0.8200717284033887,"OrderedDict([('colsample_bytree', 0.535356833599276), ('subsample', 0.8200717284033887)])",535,random search for 3 group,3
0.9247451621068133,0.925446973009043,0.9247442962826604,0.9249788104661723,0.000331041097472067,310,2.372527996699015,0.157460378147133,0.39049752553304035,0.0365935298238104,0.5061667673510107,0.5971109789649398,"OrderedDict([('colsample_bytree', 0.5061667673510107), ('subsample', 0.5971109789649398)])",536,random search for 3 group,3
0.9248602130743919,0.9256080443636531,0.9250549374690797,0.9251743983023749,0.00031677129217379095,248,2.2896947860717773,0.04798617095184585,0.37883838017781574,0.019865014822737434,0.6480171119959842,0.7739699369885937,"OrderedDict([('colsample_bytree', 0.6480171119959842), ('subsample', 0.7739699369885937)])",537,random search for 3 group,3
0.925113325203065,0.9245380703651718,0.925584178008905,0.9250785245257139,0.0004277800181770639,278,2.350337107976278,0.052403426136765366,0.411941130956014,0.037684397489632815,0.8126520982945381,0.6050405323056419,"OrderedDict([('colsample_bytree', 0.8126520982945381), ('subsample', 0.6050405323056419)])",538,random search for 3 group,3
0.9243079684300145,0.9249752640419706,0.9246177387622675,0.9246336570780841,0.000272654730404346,365,2.3587299982706704,0.1788831582915862,0.36800185839335126,0.019690932312474516,0.6389679984678526,0.5449784572220732,"OrderedDict([('colsample_bytree', 0.6389679984678526), ('subsample', 0.5449784572220732)])",539,random search for 3 group,3
0.9258036310085368,0.9268620999102603,0.9256417041545383,0.9261024783577785,0.0005411861994776648,11,2.3315584659576416,0.05839574627980278,0.3825896581013997,0.021017519096484107,0.7509462513264153,0.8528967811009572,"OrderedDict([('colsample_bytree', 0.7509462513264153), ('subsample', 0.8528967811009572)])",540,random search for 3 group,3
0.9251018201063071,0.9250442946225178,0.9248133276574203,0.9249864807954151,0.0001246697028668944,307,2.3124779065450034,0.034880061024409714,0.40907565752665204,0.0603991572479723,0.6836184199669939,0.6573256873463943,"OrderedDict([('colsample_bytree', 0.6836184199669939), ('subsample', 0.6573256873463943)])",541,random search for 3 group,3
0.92400883591431,0.9249637589452128,0.9254231048011321,0.9247985665535516,0.0005890701801739572,347,2.3544627825419107,0.11742142751847089,0.39987889925638836,0.036704235242549794,0.5631166213001007,0.6515377279667682,"OrderedDict([('colsample_bytree', 0.5631166213001007), ('subsample', 0.6515377279667682)])",542,random search for 3 group,3
0.9254009526220115,0.9252053659771279,0.925492136175892,0.9253661515916772,0.0001196317140478841,196,2.303173224131266,0.043147461535766575,0.45163416862487793,0.12753351343366254,0.7776651365189604,0.6896074061185403,"OrderedDict([('colsample_bytree', 0.7776651365189604), ('subsample', 0.6896074061185403)])",543,random search for 3 group,3
0.9252168710738857,0.9260337329436941,0.9263895440477697,0.9258800493551166,0.0004909205366574452,45,2.3624489307403564,0.04666071059772421,0.40071972211201984,0.04356536258026468,0.8017905290703091,0.8966441417273674,"OrderedDict([('colsample_bytree', 0.8017905290703091), ('subsample', 0.8966441417273674)])",544,random search for 3 group,3
0.9262753399756092,0.9255965392668952,0.9252850420516124,0.9257189737647056,0.00041345306001901085,96,2.3951399326324463,0.16074511029899807,0.3785840670267741,0.04632981727755717,0.6769719655298648,0.8788417918301077,"OrderedDict([('colsample_bytree', 0.6769719655298648), ('subsample', 0.8788417918301077)])",545,random search for 3 group,3
0.9244115143008352,0.9245150601716561,0.9245256969292543,0.9244840904672486,5.1502492505970735e-05,391,2.3351022402445474,0.01166050112598443,0.3764040470123291,0.027992910199407632,0.885223568579498,0.5551016093559745,"OrderedDict([('colsample_bytree', 0.885223568579498), ('subsample', 0.5551016093559745)])",546,random search for 3 group,3
0.9254929933960745,0.9257691157182631,0.9250319270108264,0.9254313453750548,0.00030409664742733934,178,2.411811431248983,0.10428978784942566,0.4299165407816569,0.07358837080574612,0.5682928565642414,0.7309399220860405,"OrderedDict([('colsample_bytree', 0.5682928565642414), ('subsample', 0.7309399220860405)])",547,random search for 3 group,3
0.9253549322349801,0.9256540647506846,0.9246752649079006,0.9252280872978552,0.0004095359256639522,233,2.3625367482503257,0.07938116310151176,0.418514887491862,0.030509752648799276,0.8296316385815021,0.5792715813750351,"OrderedDict([('colsample_bytree', 0.8296316385815021), ('subsample', 0.5792715813750351)])",548,random search for 3 group,3
0.9238937849467314,0.9246416162359925,0.9256992303001714,0.9247448771609651,0.0007406777729594396,353,2.2328065236409507,0.03662556981494029,0.38477476437886554,0.03297596644150378,0.5379281185703623,0.6588645283029092,"OrderedDict([('colsample_bytree', 0.5379281185703623), ('subsample', 0.6588645283029092)])",549,random search for 3 group,3
0.9257691157182631,0.9259301870728733,0.9258372930496911,0.9258455319469426,6.601466953099604e-05,54,2.371616760889689,0.027003570193670095,0.40733790397644043,0.04397433657199116,0.8789107454717168,0.8466986639308732,"OrderedDict([('colsample_bytree', 0.8789107454717168), ('subsample', 0.8466986639308732)])",550,random search for 3 group,3
0.9239513104305207,0.9253434271382223,0.9247097805952805,0.9246681727213412,0.0005690902935655437,359,2.3306642373402915,0.13505726518130928,0.38388880093892414,0.02387497489721658,0.5425359676569296,0.614009181216274,"OrderedDict([('colsample_bytree', 0.5425359676569296), ('subsample', 0.614009181216274)])",551,random search for 3 group,3
0.9244690397846246,0.92519386088037,0.9254115995720055,0.9250248334123333,0.0004029329571281424,294,2.3093348344167075,0.029337550687823576,0.5109267234802246,0.20460192426277551,0.8743505693882023,0.5929388326150216,"OrderedDict([('colsample_bytree', 0.8743505693882023), ('subsample', 0.5929388326150216)])",552,random search for 3 group,3
0.9256885800409581,0.9248832232679077,0.9255151466341452,0.9253623166476704,0.0003460901968648885,197,2.398075262705485,0.05846952146681986,0.424563725789388,0.04985042115397863,0.7965173789421883,0.6527681911730484,"OrderedDict([('colsample_bytree', 0.7965173789421883), ('subsample', 0.6527681911730484)])",553,random search for 3 group,3
0.9262753399756092,0.9262293195885778,0.9261594394652369,0.9262213663431412,4.764922287485639e-05,1,2.442781130472819,0.15232164348241198,0.4232469399770101,0.058771899248575704,0.7654988299823128,0.8512282154248156,"OrderedDict([('colsample_bytree', 0.7654988299823128), ('subsample', 0.8512282154248156)])",554,random search for 3 group,3
0.9246761315262662,0.9252974067511908,0.9249974113234465,0.9249903165336345,0.00025368415836513335,306,2.3226941426595054,0.04638970438109465,0.424716313680013,0.10275531286496367,0.8575304567776201,0.5855701953339957,"OrderedDict([('colsample_bytree', 0.8575304567776201), ('subsample', 0.5855701953339957)])",555,random search for 3 group,3
0.9245265652684139,0.9242734531397409,0.9241805400554552,0.9243268528212033,0.000146223587896518,407,2.3377834955851235,0.037079058487017605,0.456320842107137,0.11535687154706563,0.6275044492778777,0.598954418981327,"OrderedDict([('colsample_bytree', 0.6275044492778777), ('subsample', 0.598954418981327)])",556,random search for 3 group,3
0.92519386088037,0.9250097793322442,0.925365578655499,0.9251897396227043,0.0001452836953015347,244,2.5014737447102866,0.22800811772820487,0.4700663089752197,0.12135963820741619,0.8852019881673556,0.703346470269433,"OrderedDict([('colsample_bytree', 0.8852019881673556), ('subsample', 0.703346470269433)])",557,random search for 3 group,3
0.9246416162359925,0.9244690397846246,0.925871808737071,0.9249941549192293,0.0006245813669281053,304,2.2755316893259683,0.041008064924379896,0.3694709936777751,0.019741407111765676,0.561968000425056,0.6261825996326904,"OrderedDict([('colsample_bytree', 0.561968000425056), ('subsample', 0.6261825996326904)])",558,random search for 3 group,3
0.9256080443636531,0.9260452380404519,0.9258142825914378,0.925822521665181,0.00017857862789320703,61,2.4073349634806314,0.08207597152434992,0.4873362382253011,0.11798512496073538,0.8334753209588783,0.7261659174855232,"OrderedDict([('colsample_bytree', 0.8334753209588783), ('subsample', 0.7261659174855232)])",559,random search for 3 group,3
0.9239398053337629,0.9240548563013415,0.9249974113234465,0.9243306909861836,0.00047377645036108276,405,2.4047619501749673,0.13156550972450845,0.37313048044840497,0.020304384059960594,0.8398388332668871,0.5222439323382357,"OrderedDict([('colsample_bytree', 0.8398388332668871), ('subsample', 0.5222439323382357)])",560,random search for 3 group,3
0.9258381462988103,0.9260567431372098,0.9265966381720492,0.926163842536023,0.0003187791203555372,4,2.3471922874450684,0.027599385693756116,0.492888609568278,0.09227432464905751,0.7468721933951963,0.8946863878991067,"OrderedDict([('colsample_bytree', 0.7468721933951963), ('subsample', 0.8946863878991067)])",561,random search for 3 group,3
0.9250442946225178,0.925527508686348,0.9248823590321801,0.9251513874470153,0.0002740513015992893,257,2.3386396567026773,0.1117028664624617,0.3785880406697591,0.05429747939793979,0.7124116740197853,0.561962023652918,"OrderedDict([('colsample_bytree', 0.7124116740197853), ('subsample', 0.561962023652918)])",562,random search for 3 group,3
0.925792125911779,0.9257346004279896,0.9255956832380317,0.9257074698592668,8.246001793461977e-05,100,2.311721086502075,0.04835606738079948,0.36201151212056476,0.01761311318573454,0.8025841713052881,0.809261222561495,"OrderedDict([('colsample_bytree', 0.8025841713052881), ('subsample', 0.809261222561495)])",563,random search for 3 group,3
