mean_fit_time,std_fit_time,mean_score_time,std_score_time,param_max_depth,param_min_child_weight,params,split0_test_score,split1_test_score,split2_test_score,mean_test_score,std_test_score,rank_test_score,experiment_name,run_number
1.773431619008382,0.0129890885272003,0.05098390579223633,0.0005622942338741342,9,18,"{'max_depth': 9, 'min_child_weight': 18}",0.10632235534655432,0.10215200284144155,0.08710249148903204,0.09852561655900931,0.00825484907099992,79,random search for 1 group,5.0
0.5702997048695883,0.0031771383330915855,0.027132829030354817,0.0005354692449737933,1,11,"{'max_depth': 1, 'min_child_weight': 11}",0.0730792762672795,0.08001164425081009,0.07481471261713535,0.07596854437840832,0.0029453836495734226,135,random search for 1 group,5.0
6.510484457015991,0.37121083924030074,0.06404558817545573,0.00020479960114373367,13,6,"{'max_depth': 13, 'min_child_weight': 6}",0.06935764166421032,0.0655734512941627,0.04887987420531481,0.06127032238789595,0.008896532238766271,160,random search for 1 group,5.0
0.569604237874349,0.0009377649071699633,0.026768287022908527,0.0004944588018868511,1,16,"{'max_depth': 1, 'min_child_weight': 16}",0.0730792762672795,0.08001164425081009,0.07481471261713535,0.07596854437840832,0.0029453836495734226,135,random search for 1 group,5.0
1.8842946688334148,0.026383970100895642,0.0504148006439209,0.0003461460635062221,9,13,"{'max_depth': 9, 'min_child_weight': 13}",0.10177807930442628,0.10363421868490796,0.08273296416428921,0.09604842071787449,0.009445893314831106,95,random search for 1 group,5.0
1.9814176559448242,0.03831064113200018,0.051169792811075844,0.0011492066414854586,9,10,"{'max_depth': 9, 'min_child_weight': 10}",0.0996637741863805,0.10118169537711064,0.07890248553310852,0.09324931836553323,0.010163651916723351,103,random search for 1 group,5.0
2.285776933034261,0.044461768263480465,0.05133700370788574,0.0006131218276486215,9,3,"{'max_depth': 9, 'min_child_weight': 3}",0.09458451566675186,0.09325447855822677,0.06783056856569325,0.08522318759689063,0.012310419631374345,115,random search for 1 group,5.0
16.120687246322632,0.33142112089168335,0.07993054389953613,0.0004640539438035582,19,9,"{'max_depth': 19, 'min_child_weight': 9}",0.058517568163235945,0.04510190734078012,0.033103590672833305,0.04557435539228313,0.010380589846493945,215,random search for 1 group,5.0
1.534865935643514,0.018946973911518245,0.048017263412475586,0.00014681255211750036,8,10,"{'max_depth': 8, 'min_child_weight': 10}",0.09881912146236693,0.10460990640742962,0.08643541759085693,0.09662148182021783,0.007580687125122205,94,random search for 1 group,5.0
0.6906687418619791,0.0035749493636164213,0.032830238342285156,0.00034813994888288407,3,11,"{'max_depth': 3, 'min_child_weight': 11}",0.10602749642263687,0.11227129295715632,0.10298966854133373,0.10709615264037564,0.003863820003820252,60,random search for 1 group,5.0
0.8500056266784668,0.003580053504238376,0.040169715881347656,0.0006975122054681241,5,19,"{'max_depth': 5, 'min_child_weight': 19}",0.11725855888317549,0.11810673301489116,0.10685819103223682,0.11407449431010115,0.005114432167113936,1,random search for 1 group,5.0
11.940935532251993,0.30241401819438934,0.07761224110921223,0.00021534053819956416,18,11,"{'max_depth': 18, 'min_child_weight': 11}",0.06208561658467682,0.04789715219191537,0.03174694563201885,0.04724323813620368,0.012394338532507656,214,random search for 1 group,5.0
18.227461735407513,0.45132067431974526,0.0778643290201823,0.0004768445226312546,17,5,"{'max_depth': 17, 'min_child_weight': 5}",0.047986347802786544,0.04903448076022254,0.02617363761916769,0.04106482206072559,0.010538348264900212,222,random search for 1 group,5.0
7.390411853790283,0.2345401823014351,0.06521447499593098,0.0007999996620348706,13,4,"{'max_depth': 13, 'min_child_weight': 4}",0.06372190867421723,0.06287316038222224,0.04351854767888841,0.05670453891177596,0.009330340008493138,180,random search for 1 group,5.0
1.7975116570790608,0.032022389211834486,0.05199130376180013,0.0003998349628985975,9,17,"{'max_depth': 9, 'min_child_weight': 17}",0.10384333776126886,0.1060540591381296,0.08998512207468323,0.09996083965802723,0.007111400622873397,76,random search for 1 group,5.0
9.504472414652506,0.12228540326980171,0.07638327280680339,0.000377974508184335,18,15,"{'max_depth': 18, 'min_child_weight': 15}",0.062236374991695875,0.05788189595170623,0.045754883500407795,0.05529105148126997,0.0069734853431572255,185,random search for 1 group,5.0
0.5718154112497965,0.002503320672680338,0.02802721659342448,0.00032011133197080624,1,5,"{'max_depth': 1, 'min_child_weight': 5}",0.0730792762672795,0.08001164425081009,0.07481471261713535,0.07596854437840832,0.0029453836495734226,135,random search for 1 group,5.0
12.956818103790283,0.08252416211972669,0.07741546630859375,0.0005958560639550106,18,10,"{'max_depth': 18, 'min_child_weight': 10}",0.06134966103838935,0.05322114626265706,0.03995981732730902,0.05151020820945181,0.00881577507511544,193,random search for 1 group,5.0
10.555848836898804,0.7115601095855415,0.06666866938273112,0.00018144727748370789,13,1,"{'max_depth': 13, 'min_child_weight': 1}",0.058240729573156846,0.03981090896006101,0.010071851418087752,0.03604116331710187,0.01984470445465541,224,random search for 1 group,5.0
8.821533759435018,0.1216629347958637,0.07376742362976074,0.00022441162742198353,17,14,"{'max_depth': 17, 'min_child_weight': 14}",0.06680593731629514,0.059334209430267015,0.040160439559812855,0.05543352876879167,0.011222213682091468,184,random search for 1 group,5.0
6.758037408192952,0.250672113289471,0.06215222676595052,0.0007746790730860959,12,2,"{'max_depth': 12, 'min_child_weight': 2}",0.06840771662068168,0.0642164303006516,0.04177962184399042,0.058134589588441234,0.011690607275234185,167,random search for 1 group,5.0
4.759074052174886,0.060286349571726315,0.06063548723856608,0.00021326941334268962,12,7,"{'max_depth': 12, 'min_child_weight': 7}",0.07489410670433339,0.0776193998478355,0.05469030365415284,0.06906793673544058,0.010227220392808255,153,random search for 1 group,5.0
29.770973205566406,0.8669313443477482,0.08323979377746582,0.0009664397804597018,18,3,"{'max_depth': 18, 'min_child_weight': 3}",0.03841922483927662,0.032926314109545274,0.013466613334092825,0.02827071742763824,0.010705579248865069,231,random search for 1 group,5.0
14.60484250386556,0.09064086379700148,0.07677364349365234,0.0014984108785812424,16,5,"{'max_depth': 16, 'min_child_weight': 5}",0.05038857623875104,0.048529226987235385,0.03754949961801812,0.045489100948001515,0.005665230025873235,217,random search for 1 group,5.0
3.5555835564931235,0.11600794780091885,0.06054552396138509,0.0008009599766892407,12,15,"{'max_depth': 12, 'min_child_weight': 15}",0.0882977120699604,0.08775794970856765,0.06319899035136645,0.07975155070996483,0.011706501802288508,125,random search for 1 group,5.0
11.021399339040121,0.2790768492601327,0.06999293963114421,0.00024981673722781664,14,3,"{'max_depth': 14, 'min_child_weight': 3}",0.06070159941406483,0.055062978073816105,0.0342089708439669,0.049991182777282615,0.011394652921019481,206,random search for 1 group,5.0
1.195066769917806,0.014997900957063635,0.046683549880981445,0.000511280772434019,7,14,"{'max_depth': 7, 'min_child_weight': 14}",0.11019208904407396,0.11328915064087319,0.10150743111450167,0.1083295569331496,0.004986916090978423,39,random search for 1 group,5.0
7.138083299001058,0.24331215144870702,0.065674622853597,0.0012811132902680006,13,5,"{'max_depth': 13, 'min_child_weight': 5}",0.06387227799570927,0.06888674128600103,0.04508387236242517,0.05928096388137849,0.01024546293798945,165,random search for 1 group,5.0
1.2312568028767903,0.007784745720080651,0.04651212692260742,0.000564694425573356,7,8,"{'max_depth': 7, 'min_child_weight': 8}",0.10654360043212929,0.11084719446684088,0.09526942379771708,0.10422007289889575,0.006568400104704555,66,random search for 1 group,5.0
0.6976892948150635,0.0007219025863525102,0.03430048624674479,0.0006041168100042217,3,9,"{'max_depth': 3, 'min_child_weight': 9}",0.10694591127650166,0.11255299175429156,0.1028718927886546,0.10745693193981594,0.003968776124060151,54,random search for 1 group,5.0
15.801614681879679,0.5237673921109661,0.07697669665018718,0.0008686676221142337,17,6,"{'max_depth': 17, 'min_child_weight': 6}",0.047605184703701675,0.04801335069788615,0.03208127422858642,0.042566603210058084,0.007416119504474439,220,random search for 1 group,5.0
0.752777099609375,0.002754129179224472,0.037614901860555015,0.0005061279344769496,4,1,"{'max_depth': 4, 'min_child_weight': 1}",0.11259448986971932,0.118963774836644,0.10333359537147968,0.11163062002594766,0.006417289736075522,18,random search for 1 group,5.0
19.316507895787556,0.8393280683155853,0.07657130559285481,0.0009320445998196464,16,3,"{'max_depth': 16, 'min_child_weight': 3}",0.04414975022679635,0.04118098964799588,0.016688659183077936,0.03400646635262339,0.01230537060838965,227,random search for 1 group,5.0
0.7560263474782308,0.0008987707171309533,0.037108421325683594,0.0005103608323267789,4,19,"{'max_depth': 4, 'min_child_weight': 19}",0.11257031021597907,0.11632849935714706,0.10841468759117223,0.11243783238809946,0.0032321578909432626,5,random search for 1 group,5.0
0.8489727973937988,0.005251949057907085,0.039458910624186196,0.0010264903517502233,5,14,"{'max_depth': 5, 'min_child_weight': 14}",0.11289235142127918,0.11877429664421824,0.10471451198471915,0.11212705335007218,0.005765335897772498,9,random search for 1 group,5.0
0.6420435905456543,0.004417849414540592,0.030890146891276043,0.0005299061014952208,2,12,"{'max_depth': 2, 'min_child_weight': 12}",0.09672307297230143,0.10214654261031075,0.09601031482818712,0.0982933101369331,0.0027401406792863,80,random search for 1 group,5.0
10.872908115386963,0.33533673716446405,0.07207433382670085,0.002126905060623142,15,6,"{'max_depth': 15, 'min_child_weight': 6}",0.058270508012010946,0.055187188631184325,0.03830192969669133,0.05058654211329553,0.008777261959961657,197,random search for 1 group,5.0
3.1680915355682373,0.08560979996413716,0.05394458770751953,0.0002862079743075504,10,3,"{'max_depth': 10, 'min_child_weight': 3}",0.0843369041441081,0.08467118541589991,0.06144215026472555,0.07681674660824452,0.010872337851531837,133,random search for 1 group,5.0
1.0090385278065999,0.009353316014981452,0.04256304105122884,0.0008387265456940248,6,7,"{'max_depth': 6, 'min_child_weight': 7}",0.10916526154192996,0.11573443616787937,0.09767744060253147,0.10752571277078027,0.007462343793629554,52,random search for 1 group,5.0
0.9890174865722656,0.01047026100642582,0.04187965393066406,0.0001904298409691624,6,15,"{'max_depth': 6, 'min_child_weight': 15}",0.1139134563349723,0.11698710995331729,0.10143427098103908,0.11077827908977622,0.006725310515433493,26,random search for 1 group,5.0
2.4674408435821533,0.022343083156686924,0.0536505381266276,0.00018272056595168364,10,11,"{'max_depth': 10, 'min_child_weight': 11}",0.0953462210001601,0.09502354024848858,0.07913097117930334,0.08983357747598401,0.007569031944847649,109,random search for 1 group,5.0
2.255843162536621,0.0730199645642656,0.05389030774434408,0.0005469350035032242,10,15,"{'max_depth': 10, 'min_child_weight': 15}",0.09657542161825106,0.09778764264885353,0.08379339112243578,0.09271881846318013,0.006330603439796174,107,random search for 1 group,5.0
0.5701736609141032,0.002576340327649091,0.02738634745279948,0.0011968420530788983,1,13,"{'max_depth': 1, 'min_child_weight': 13}",0.0730792762672795,0.08001164425081009,0.07481471261713535,0.07596854437840832,0.0029453836495734226,135,random search for 1 group,5.0
0.6439031759897867,0.0017591179857303681,0.029606421788533527,0.0005713851124864675,2,9,"{'max_depth': 2, 'min_child_weight': 9}",0.09700271920894699,0.10142802914023319,0.09613766986223538,0.09818947273713852,0.002317076214410548,84,random search for 1 group,5.0
0.6886845429738363,0.0006070415557526784,0.03292036056518555,0.0004068924889311373,3,2,"{'max_depth': 3, 'min_child_weight': 2}",0.10795315252258397,0.11235663445811728,0.10029508723387759,0.10686829140485961,0.004983500984529092,63,random search for 1 group,5.0
0.8565144538879395,0.005255791785105112,0.03941178321838379,0.001010104217390629,5,3,"{'max_depth': 5, 'min_child_weight': 3}",0.11157223407768446,0.12019660249599273,0.10408469596528014,0.11195117751298578,0.006583113833081995,11,random search for 1 group,5.0
8.00222635269165,0.08083490674149314,0.07289703687032063,0.00017410698914255887,17,16,"{'max_depth': 17, 'min_child_weight': 16}",0.06736563811902962,0.062241059633684315,0.04418737489229707,0.057931357548337004,0.009941097209740343,168,random search for 1 group,5.0
0.6897164185841879,0.0032544721016693787,0.033145745595296226,0.0007720764801138781,3,17,"{'max_depth': 3, 'min_child_weight': 17}",0.10756381301160656,0.11317062222471674,0.10262937303854436,0.10778793609162256,0.00430636404773926,51,random search for 1 group,5.0
0.6471510728200277,0.002726949442825709,0.029903411865234375,0.00021804870481808658,2,19,"{'max_depth': 2, 'min_child_weight': 19}",0.09621076241668491,0.10183559697301381,0.09666999174387714,0.09823878371119195,0.002550231639681846,82,random search for 1 group,5.0
0.8534537156422933,0.002780537822998358,0.03930123647054037,0.0006034622865914851,5,9,"{'max_depth': 5, 'min_child_weight': 9}",0.1121133394956364,0.11813940373376475,0.10302853297807002,0.11109375873582372,0.006210972143079411,24,random search for 1 group,5.0
12.26047158241272,0.318754354701265,0.07783341407775879,0.000978332911031316,19,13,"{'max_depth': 19, 'min_child_weight': 13}",0.06266446781799251,0.053885279790543916,0.030739890628050937,0.049096546078862456,0.013465849029060646,210,random search for 1 group,5.0
0.7537548542022705,0.0037684951355446547,0.03735574086507162,0.0012571286694049869,4,4,"{'max_depth': 4, 'min_child_weight': 4}",0.10975356619157728,0.11770105335818559,0.10354254210149516,0.110332387217086,0.005794660506945778,29,random search for 1 group,5.0
26.77971609433492,0.3858272005522649,0.0794823169708252,0.0014450801240770928,16,1,"{'max_depth': 16, 'min_child_weight': 1}",0.03211415442431287,0.02030144202811346,-0.015451052645066854,0.012321514602453157,0.02022163300654931,240,random search for 1 group,5.0
27.88933563232422,0.9726091835578659,0.08176930745442708,0.0009942978331461396,17,2,"{'max_depth': 17, 'min_child_weight': 2}",0.025857186346269545,0.029147764699135492,-0.003248688445949055,0.017252087533151994,0.014558350141941507,238,random search for 1 group,5.0
7.356550375620524,0.08206148720425681,0.06699832280476888,0.00014974766247368899,14,8,"{'max_depth': 14, 'min_child_weight': 8}",0.06608310456042155,0.06675097264560159,0.04691937703073712,0.05991781807892008,0.009195329039141428,164,random search for 1 group,5.0
8.948320229848227,0.18184944671928022,0.07609200477600098,0.0003985831482115478,18,16,"{'max_depth': 18, 'min_child_weight': 16}",0.06458568111632645,0.05955632268199296,0.046199232945411395,0.05678041224791027,0.007758635109303409,179,random search for 1 group,5.0
0.8498040835062662,0.002208506919010934,0.03906750679016113,0.00024039222481511888,5,11,"{'max_depth': 5, 'min_child_weight': 11}",0.11375902687172401,0.11788681611509133,0.10399958765738726,0.1118818102147342,0.005822756239793227,14,random search for 1 group,5.0
10.126724084218344,0.08464157212766407,0.0759437878926595,0.00025696968830339395,18,14,"{'max_depth': 18, 'min_child_weight': 14}",0.06399633245638969,0.050787896020849876,0.036907819455848534,0.05056401597769603,0.011059972147355338,202,random search for 1 group,5.0
7.8699080149332685,0.04567196627331398,0.06982731819152832,0.001227884215112903,15,10,"{'max_depth': 15, 'min_child_weight': 10}",0.06916167307745713,0.06104340911226158,0.042410544910841286,0.05753854236685333,0.011198773228170377,171,random search for 1 group,5.0
0.5676326751708984,0.0011446571578135353,0.026502688725789387,0.0005040678630876964,1,17,"{'max_depth': 1, 'min_child_weight': 17}",0.0730792762672795,0.08001164425081009,0.07481471261713535,0.07596854437840832,0.0029453836495734226,135,random search for 1 group,5.0
0.6877996921539307,0.001238125655508226,0.03247499465942383,0.00029299150443125565,3,18,"{'max_depth': 3, 'min_child_weight': 18}",0.1075631123686901,0.11282793111700451,0.10337062158123222,0.10792055502230895,0.00386919456319804,47,random search for 1 group,5.0
12.394670168558756,0.5826101250123211,0.06886784235636394,0.0007100830147158821,14,2,"{'max_depth': 14, 'min_child_weight': 2}",0.047090017508310544,0.04504515694918476,0.02428582168258908,0.03880699871336146,0.01030190275129925,223,random search for 1 group,5.0
2.4165011246999106,0.08894306808397888,0.052216529846191406,0.0008024771526189004,9,2,"{'max_depth': 9, 'min_child_weight': 2}",0.08852495458960996,0.09224857075877979,0.07313031037311446,0.08463461190716808,0.00827558838527094,118,random search for 1 group,5.0
3.647589921951294,0.08390671315022515,0.06073633829752604,0.0004638072723573452,12,14,"{'max_depth': 12, 'min_child_weight': 14}",0.08574341046736733,0.08123870132282651,0.06053710830690284,0.07583974003236556,0.010975761307325672,147,random search for 1 group,5.0
1.002685546875,0.013055466090488134,0.04210186004638672,0.0006833154673904236,6,9,"{'max_depth': 6, 'min_child_weight': 9}",0.10961862301062053,0.11514777954296007,0.09897757313566047,0.10791465856308036,0.006710514880520419,48,random search for 1 group,5.0
1.4452164967854817,0.021491801622760286,0.0487671693166097,0.0006372955030998711,8,15,"{'max_depth': 8, 'min_child_weight': 15}",0.10577751329580554,0.10597702805885789,0.09461160331847218,0.10212204822437854,0.005311311109237216,69,random search for 1 group,5.0
5.563562313715617,0.06077174292065265,0.06413634618123372,0.0005629941408186173,13,9,"{'max_depth': 13, 'min_child_weight': 9}",0.07835464896015187,0.06518722880990069,0.04781858489105928,0.06378682088703728,0.012505563001340533,158,random search for 1 group,5.0
0.9801027774810791,0.009257017050752638,0.04201356569925944,0.0007072591496547736,6,18,"{'max_depth': 6, 'min_child_weight': 18}",0.1106072455485595,0.11564494646539203,0.10504907681591436,0.11043375627662196,0.004327484820138105,27,random search for 1 group,5.0
4.0888809363047285,0.06673664051233971,0.0634145736694336,0.0006923912802222233,13,17,"{'max_depth': 13, 'min_child_weight': 17}",0.08633025876660838,0.07877039105561412,0.06685432738327002,0.07731832573516417,0.008017037943582658,131,random search for 1 group,5.0
2.154503583908081,0.05392620408146797,0.054835240046183266,0.0018897642172322716,10,18,"{'max_depth': 10, 'min_child_weight': 18}",0.10105373942063145,0.09730211924400012,0.08484859996885785,0.09440148621116314,0.006926369426871294,99,random search for 1 group,5.0
0.6415184338887533,0.00061341093682613,0.03033733367919922,0.0006834158675273226,2,6,"{'max_depth': 2, 'min_child_weight': 6}",0.09660295790261009,0.10175566236203748,0.09627729363799864,0.09821197130088206,0.002509292603636305,83,random search for 1 group,5.0
0.6944034099578857,0.004849332040531594,0.033391873041788735,0.0003187884549491852,3,13,"{'max_depth': 3, 'min_child_weight': 13}",0.10628912778319644,0.11318036113995766,0.10277118018819498,0.10741355637044969,0.004323271659095617,56,random search for 1 group,5.0
1.6640303134918213,0.019172612179814807,0.047899881998697914,0.0011256036522463056,8,4,"{'max_depth': 8, 'min_child_weight': 4}",0.09880053039755643,0.10553745692396632,0.08313295565714507,0.09582364765955594,0.009385690966593873,96,random search for 1 group,5.0
43.775069077809654,1.67842888737839,0.0882888634999593,0.000672713821197108,18,1,"{'max_depth': 18, 'min_child_weight': 1}",0.017422847836968902,0.011867290959512888,-0.02176280062697744,0.0025091127231681165,0.017312045639041675,243,random search for 1 group,5.0
9.902437527974447,0.1335569192493189,0.0762939453125,0.000719194244524122,17,12,"{'max_depth': 17, 'min_child_weight': 12}",0.06287413943662001,0.05790640431612282,0.03356611444723889,0.05144888606666057,0.012806632100885607,195,random search for 1 group,5.0
4.945194164911906,0.11849420965181869,0.06641387939453125,0.0008935347546335488,14,17,"{'max_depth': 14, 'min_child_weight': 17}",0.08492410939073824,0.07302940285197068,0.06253901836387699,0.0734975102021953,0.009144667606086688,149,random search for 1 group,5.0
34.461655378341675,1.584762283432027,0.08501776059468587,0.0014049680344692442,17,1,"{'max_depth': 17, 'min_child_weight': 1}",0.02632359404839346,0.01648776768906346,-0.01841323704284803,0.008132708231536298,0.019195507771797,241,random search for 1 group,5.0
1.0308682918548584,0.008650442934785459,0.04389794667561849,0.00033863945982994426,6,2,"{'max_depth': 6, 'min_child_weight': 2}",0.11234178630073532,0.11601390435080217,0.09640328206652582,0.1082529909060211,0.008512062516570868,42,random search for 1 group,5.0
0.5694287618001302,0.0019959098755102976,0.028794527053833008,0.0005982004346012941,1,19,"{'max_depth': 1, 'min_child_weight': 19}",0.0730792762672795,0.08001164425081009,0.07481471261713535,0.07596854437840832,0.0029453836495734226,135,random search for 1 group,5.0
3.0364487965901694,0.04774819709389705,0.05603297551472982,0.0008143723806715821,10,4,"{'max_depth': 10, 'min_child_weight': 4}",0.08397150145437504,0.08395301996022331,0.06583601664599781,0.07792017935353206,0.008544796726586597,128,random search for 1 group,5.0
1.013763189315796,0.005597965317651412,0.04325143496195475,0.00035894756188732815,6,6,"{'max_depth': 6, 'min_child_weight': 6}",0.11144432703590446,0.11499412710326151,0.10006626924235817,0.10883490779384138,0.006367471327744381,35,random search for 1 group,5.0
0.646699587504069,0.002614422971743544,0.03260660171508789,0.00010621648043020448,2,13,"{'max_depth': 2, 'min_child_weight': 13}",0.09672307297230143,0.10210573320942429,0.09600758469712434,0.09827879695961668,0.002721771685630224,81,random search for 1 group,5.0
0.6947104930877686,0.0019613423610847667,0.03384089469909668,0.0004673340276060623,3,14,"{'max_depth': 3, 'min_child_weight': 14}",0.10754745148803224,0.11313892909092749,0.10336607119084629,0.10801748392326867,0.004003572217526543,44,random search for 1 group,5.0
0.9847351710001627,0.004571658361273648,0.042415618896484375,0.0005816596721700619,6,14,"{'max_depth': 6, 'min_child_weight': 14}",0.11469700165506724,0.11793873093721252,0.10090917478899553,0.11118163579375843,0.0073833051995909615,21,random search for 1 group,5.0
0.6923995018005371,0.002395565436796286,0.03296232223510742,0.0009196594860547438,3,6,"{'max_depth': 3, 'min_child_weight': 6}",0.10837937686455057,0.11287604843347598,0.10286981475594115,0.1080417466846559,0.004091998183947126,43,random search for 1 group,5.0
6.305816411972046,0.15149484734424842,0.07046326001485188,0.0008656116824007695,16,19,"{'max_depth': 16, 'min_child_weight': 19}",0.07360700667180342,0.06576406248498212,0.05528607025815635,0.06488571313831397,0.007505233771589844,156,random search for 1 group,5.0
7.908109108606975,0.07522744634416002,0.07228835423787434,0.0007141910770782398,16,13,"{'max_depth': 16, 'min_child_weight': 13}",0.07045994411296785,0.06399757985865728,0.03686694045040129,0.05710815480734214,0.014553822107876431,174,random search for 1 group,5.0
9.91202163696289,0.2531827709150694,0.06933792432149251,0.0012350639973413157,14,4,"{'max_depth': 14, 'min_child_weight': 4}",0.05974783281463092,0.05260654399282905,0.037086225649228366,0.049813534152229444,0.009460013664790016,208,random search for 1 group,5.0
24.790372133255005,0.5350127064437709,0.08395497004191081,0.0022118288258501703,18,4,"{'max_depth': 18, 'min_child_weight': 4}",0.02846334086257607,0.03708197700447169,0.01847504964245761,0.028006789169835122,0.007603103140601016,232,random search for 1 group,5.0
2.1461265087127686,0.07668905028628968,0.05515726407368978,0.00038218254472771314,10,19,"{'max_depth': 10, 'min_child_weight': 19}",0.09861484676956811,0.09894763474748813,0.08791931952426935,0.09516060034710853,0.005122160867314752,97,random search for 1 group,5.0
6.792059342066447,0.0730363797091258,0.06911468505859375,0.0007016009441016457,15,13,"{'max_depth': 15, 'min_child_weight': 13}",0.07470431762661123,0.06643824514966745,0.043583935242999305,0.06157549933975933,0.013161921656414513,159,random search for 1 group,5.0
29.233843326568604,0.9512953641351548,0.08440113067626953,0.0013751362505715135,19,4,"{'max_depth': 19, 'min_child_weight': 4}",0.028347345038297056,0.03731659861503778,0.011430704325944174,0.025698215993093004,0.010732607459207044,234,random search for 1 group,5.0
0.8402174313863119,0.0014797608653287096,0.039484898249308266,0.0004923294332430107,5,5,"{'max_depth': 5, 'min_child_weight': 5}",0.11251036686920624,0.11828216509211353,0.10473571451858887,0.11184274882663621,0.0055504273813410335,15,random search for 1 group,5.0
11.129411776860556,0.24391244262958903,0.07672119140625,0.0005478676689730869,17,10,"{'max_depth': 17, 'min_child_weight': 10}",0.05792767510000851,0.051366333159984734,0.041744569667024445,0.05034619264233923,0.006645988282193308,204,random search for 1 group,5.0
3.8905691305796304,0.06759544576737066,0.06258765856424968,0.00016383622530265104,13,19,"{'max_depth': 13, 'min_child_weight': 19}",0.08516756544913318,0.08183550516294513,0.06644706389336308,0.0778167115018138,0.008153826156799425,129,random search for 1 group,5.0
1.1572199662526448,0.013464315850039878,0.044977426528930664,0.001005539169058097,7,19,"{'max_depth': 7, 'min_child_weight': 19}",0.11051165459411283,0.11376737508621848,0.10422841106717118,0.10950248024916749,0.003959106236096025,32,random search for 1 group,5.0
0.7473544279734293,0.0018486423803670087,0.036965131759643555,0.0008848212330086256,4,14,"{'max_depth': 4, 'min_child_weight': 14}",0.11306435789070957,0.11798759760030231,0.10547362259236892,0.11217519269446026,0.005147352308676838,8,random search for 1 group,5.0
1.2377099990844727,0.017368251450187805,0.04631741841634115,0.0008938702325548511,7,5,"{'max_depth': 7, 'min_child_weight': 5}",0.10255936848113212,0.11166571149855653,0.0954070780945232,0.10321071935807062,0.006653519545591567,68,random search for 1 group,5.0
1.412424643834432,0.011638810917063803,0.048549652099609375,5.3593116757765464e-05,8,18,"{'max_depth': 8, 'min_child_weight': 18}",0.10750021694468659,0.11198015455390853,0.09474561101431878,0.1047419941709713,0.007301288352365628,65,random search for 1 group,5.0
0.692594051361084,0.0009246364527623241,0.03308351834615072,0.001520032626996956,3,15,"{'max_depth': 3, 'min_child_weight': 15}",0.1068729436369219,0.11314609058044134,0.10211836449168576,0.10737913290301633,0.004516256292696935,57,random search for 1 group,5.0
16.886836131413776,0.47443866826114384,0.07377084096272786,0.0011476087931565284,15,2,"{'max_depth': 15, 'min_child_weight': 2}",0.03885375111794731,0.03446983155823835,0.013763623237133205,0.029029068637772954,0.010941665172980898,230,random search for 1 group,5.0
2.616407791773478,0.07636555137741524,0.05403749148050944,0.0004816826490046706,10,8,"{'max_depth': 10, 'min_child_weight': 8}",0.08923835999165108,0.09161242167089634,0.07256655004843593,0.08447244390366111,0.008474344560028694,121,random search for 1 group,5.0
11.720443805058798,0.46094310584585735,0.07283322016398112,0.001105030108357194,15,5,"{'max_depth': 15, 'min_child_weight': 5}",0.058706159222881915,0.0508963442065542,0.04268011022829743,0.05076087121924452,0.006543308352402148,196,random search for 1 group,5.0
0.6878126462300619,0.0029600841338700704,0.03412135442097982,0.00016000999338004035,3,4,"{'max_depth': 3, 'min_child_weight': 4}",0.1074219012051848,0.11226078917635529,0.10166692237609654,0.10711653758587887,0.004330314742248565,58,random search for 1 group,5.0
0.7484157880147299,0.0035944231812853823,0.03610348701477051,0.0009339063807002168,4,10,"{'max_depth': 4, 'min_child_weight': 10}",0.11014819461780323,0.11874182270437217,0.10795652990826299,0.11228218241014613,0.004654464745299402,7,random search for 1 group,5.0
7.278235038121541,0.015808348905646957,0.06954709688822429,0.00136409021695436,15,11,"{'max_depth': 15, 'min_child_weight': 11}",0.06655702924473827,0.06119952659133743,0.04320990662581181,0.05698882082062917,0.009985641890948683,176,random search for 1 group,5.0
3.9670027097066245,0.06965908377870052,0.06159782409667969,0.0018548127088420917,12,11,"{'max_depth': 12, 'min_child_weight': 11}",0.08395730138907509,0.076328340191262,0.0600650499109775,0.07345023049710486,0.0099640204981679,150,random search for 1 group,5.0
0.6403283278147379,0.0025924463344762063,0.030206044514973957,0.0011064026515516985,2,4,"{'max_depth': 2, 'min_child_weight': 4}",0.09623977441553722,0.10175566236203748,0.09617341028769233,0.09805628235508901,0.0026159969898330933,91,random search for 1 group,5.0
0.8409086863199869,0.0020110508861928443,0.0392308235168457,0.0008299327337262524,5,16,"{'max_depth': 5, 'min_child_weight': 16}",0.1138964669217829,0.11927273161205432,0.10429436806758596,0.11248785553380773,0.006195481318365005,4,random search for 1 group,5.0
0.6864834626515707,0.0020587358512594127,0.033139308293660484,0.0007412574428012973,3,1,"{'max_depth': 3, 'min_child_weight': 1}",0.10830155098666105,0.11258784108251585,0.10033340640516941,0.10707426615811544,0.005077562627424133,61,random search for 1 group,5.0
7.135242780049642,0.04442320336247039,0.07300098737080891,0.0021419189731354815,17,19,"{'max_depth': 17, 'min_child_weight': 19}",0.07373263328805502,0.06411507634725644,0.05382770435345374,0.06389180466292173,0.008127686700681444,157,random search for 1 group,5.0
9.34856390953064,0.20723663950984972,0.07400997479756673,0.000993660189782459,17,13,"{'max_depth': 17, 'min_child_weight': 13}",0.06695649634820489,0.06106378266302892,0.03837645665268852,0.05546557855464077,0.012320973559441999,182,random search for 1 group,5.0
0.8467348416646322,0.0006546258810131272,0.039016167322794594,0.001277677866654729,5,2,"{'max_depth': 5, 'min_child_weight': 2}",0.11039160927751634,0.1214038815914753,0.10283759400153591,0.11154436162350918,0.007623358279939288,19,random search for 1 group,5.0
0.6392105420430502,0.0023097753255574937,0.029163599014282227,0.00017861174702696946,2,15,"{'max_depth': 2, 'min_child_weight': 15}",0.09672307297230143,0.10183559697301381,0.09600758469712434,0.09818875154747986,0.002595199675848007,87,random search for 1 group,5.0
3.3997038205464682,0.06494280269084571,0.058611154556274414,0.00034148238455651304,12,17,"{'max_depth': 12, 'min_child_weight': 17}",0.09152121043926342,0.08551405780648325,0.06980856879686992,0.08228127901420552,0.009154155552265158,122,random search for 1 group,5.0
2.9333443641662598,0.04994941391609531,0.05724175771077474,0.0010972566343405905,11,13,"{'max_depth': 11, 'min_child_weight': 13}",0.09126482322656015,0.08659694264149209,0.06804616547053466,0.08196931044619564,0.01002788617802273,123,random search for 1 group,5.0
0.7478834788004557,0.0028653019479144537,0.036039272944132485,0.0007384283956897638,4,3,"{'max_depth': 4, 'min_child_weight': 3}",0.1097633560754323,0.117205993374489,0.10340529435459822,0.11012488126817317,0.0056399083153389025,30,random search for 1 group,5.0
6.391227960586548,0.08451580988132851,0.06615082422892253,0.0009495731491596083,14,10,"{'max_depth': 14, 'min_child_weight': 10}",0.07021824629442353,0.06277202473241372,0.04748893063942383,0.060159733888753696,0.0094612717652916,163,random search for 1 group,5.0
4.111301978429158,0.13897260301917597,0.058716773986816406,0.002115837330622329,11,4,"{'max_depth': 11, 'min_child_weight': 4}",0.07136035316426781,0.07711366166497846,0.055732611994198544,0.06806887560781494,0.009033740075759106,154,random search for 1 group,5.0
11.957684914271036,0.4176149970199674,0.07370265324910481,0.0005140418219700772,16,7,"{'max_depth': 16, 'min_child_weight': 7}",0.0644667430812812,0.052342274918111276,0.030014870706904784,0.04894129623543242,0.01426903102351633,211,random search for 1 group,5.0
0.7456329663594564,0.002905836313294817,0.038565874099731445,0.001211753009169098,4,11,"{'max_depth': 4, 'min_child_weight': 11}",0.11224130120827236,0.11613449806139187,0.10599373553408598,0.11145651160125007,0.004176975556888859,20,random search for 1 group,5.0
1.4031668504079182,0.021983566048505605,0.04681007067362467,0.0003644370420734536,8,19,"{'max_depth': 8, 'min_child_weight': 19}",0.10711753022733528,0.1098125027241349,0.09469042823670826,0.10387348706272614,0.006585952031468462,67,random search for 1 group,5.0
4.054618040720622,0.07278619622842579,0.06000431378682455,0.0012839388715120868,12,10,"{'max_depth': 12, 'min_child_weight': 10}",0.07800853083132742,0.07586429868723055,0.06009131234575049,0.07132138062143616,0.007988961466897754,151,random search for 1 group,5.0
1.4574352900187175,0.02589500674366392,0.04714862505594889,0.00041486556162303176,8,13,"{'max_depth': 8, 'min_child_weight': 13}",0.10410115235503792,0.10937858016006785,0.0903252821754017,0.10126833823016916,0.008032254474830951,74,random search for 1 group,5.0
3.3225692907969155,0.18234452771830287,0.05595755577087402,0.00020374147526738728,11,9,"{'max_depth': 11, 'min_child_weight': 9}",0.08480435934194852,0.09137825415784828,0.06739969549276292,0.0811941029975199,0.010116596333685236,124,random search for 1 group,5.0
8.975307941436768,0.1357808966951146,0.06686258316040039,0.0006789233793109443,14,5,"{'max_depth': 14, 'min_child_weight': 5}",0.06445284145854435,0.06336311979053677,0.041787423858212436,0.056534461702431184,0.010437216014900599,181,random search for 1 group,5.0
9.816637436548868,0.17986767357959,0.07666516304016113,0.0024676875324792973,19,17,"{'max_depth': 19, 'min_child_weight': 17}",0.07201436021650054,0.05608956807362786,0.04241083134936707,0.05683825321316516,0.0120971794901518,178,random search for 1 group,5.0
19.72387957572937,0.4390224189693472,0.07669432957967122,0.0034753581028814885,15,1,"{'max_depth': 15, 'min_child_weight': 1}",0.044841875294465594,0.028743442147502685,-0.0025670681789464744,0.0236727497543406,0.01968393458848864,235,random search for 1 group,5.0
2.0031939347585044,0.05427236420770585,0.05097039540608724,0.00047326843972070255,9,8,"{'max_depth': 9, 'min_child_weight': 8}",0.09583616347004476,0.10382394593950994,0.07886730873619374,0.09284247271524948,0.010406090312120002,105,random search for 1 group,5.0
2.10093100865682,0.0669883574501092,0.05473788579305013,0.004133150741065161,9,5,"{'max_depth': 9, 'min_child_weight': 5}",0.09372919650665734,0.0959955589193644,0.07971709800664006,0.0898139511442206,0.007199256077671512,111,random search for 1 group,5.0
3.3712054093678794,0.036971851387616564,0.056881109873453774,0.0011704400750849767,11,8,"{'max_depth': 11, 'min_child_weight': 8}",0.07992888500236339,0.08299203947892586,0.0657811195538589,0.07623401467838271,0.007496354278360538,134,random search for 1 group,5.0
1.1652324199676514,0.012344474247912223,0.04631471633911133,0.0024695720051767876,7,15,"{'max_depth': 7, 'min_child_weight': 15}",0.11108314049600099,0.11358167080003745,0.10143450398433618,0.10869977176012487,0.005237604433993486,37,random search for 1 group,5.0
2.4768056869506836,0.06750411237052116,0.05311830838521322,0.0006947608849115448,10,10,"{'max_depth': 10, 'min_child_weight': 10}",0.09648178670807939,0.09299549504509197,0.07661597811020149,0.08869775328779095,0.008660851612138247,113,random search for 1 group,5.0
0.6441088517506918,0.007059372756399533,0.029383500417073567,0.00011392090013511352,2,17,"{'max_depth': 2, 'min_child_weight': 17}",0.09672307297230143,0.10183559697301381,0.09600758469712434,0.09818875154747986,0.002595199675848007,87,random search for 1 group,5.0
10.79927659034729,0.15272563889279323,0.07682347297668457,0.0004776935437098381,19,15,"{'max_depth': 19, 'min_child_weight': 15}",0.061112916929948136,0.05761291603350105,0.03953625115714021,0.052754028040196466,0.009454971209773719,189,random search for 1 group,5.0
1.768401066462199,0.016494013288642483,0.04823589324951172,0.0008631743941440548,8,1,"{'max_depth': 8, 'min_child_weight': 1}",0.09987824143803414,0.1032757372661095,0.07739991150574133,0.09351796340329499,0.011481272931884117,101,random search for 1 group,5.0
0.7469038168589274,0.002337601480338365,0.03578909238179525,0.00036860182307664246,4,9,"{'max_depth': 4, 'min_child_weight': 9}",0.11226339845952471,0.11767068185294816,0.1054964545454724,0.11181017828598176,0.0049804289659828695,17,random search for 1 group,5.0
0.640535036722819,0.0046093789665533165,0.02994505564371745,0.0006690902796672222,2,11,"{'max_depth': 2, 'min_child_weight': 11}",0.09700271920894699,0.10142802914023319,0.09601031482818712,0.09814702105912243,0.002355132994825476,90,random search for 1 group,5.0
3.2213079929351807,0.07331978973569357,0.057209173838297524,0.000599379576562622,11,10,"{'max_depth': 11, 'min_child_weight': 10}",0.0886365596704698,0.08517905554390803,0.0643595628536483,0.07939172602267537,0.010722656102896909,127,random search for 1 group,5.0
8.469849348068237,0.019841050520541054,0.07125997543334961,0.00044527723449369405,16,12,"{'max_depth': 16, 'min_child_weight': 12}",0.06484182001572703,0.054104334992622904,0.03754169370085769,0.05216261623640254,0.011229482861294155,190,random search for 1 group,5.0
10.28843363126119,0.3392165047760711,0.07408571243286133,0.000818124614210143,17,11,"{'max_depth': 17, 'min_child_weight': 11}",0.059426139473363726,0.05593621230710322,0.03539025770865001,0.05025086982970565,0.01060418918370786,205,random search for 1 group,5.0
0.8357907136281332,0.0011613227830806596,0.03761537869771322,0.00036382062367147096,5,12,"{'max_depth': 5, 'min_child_weight': 12}",0.11471107787111978,0.1187021722408157,0.10535364019852067,0.11292229677015204,0.005594379935341584,3,random search for 1 group,5.0
0.5661095778147379,0.0021066441362546586,0.026898304621378582,0.0001750579476220928,1,2,"{'max_depth': 1, 'min_child_weight': 2}",0.0730792762672795,0.08001164425081009,0.07481471261713535,0.07596854437840832,0.0029453836495734226,135,random search for 1 group,5.0
0.6400912602742513,0.002902821689549298,0.029738823572794598,0.0003557633610524642,2,1,"{'max_depth': 2, 'min_child_weight': 1}",0.09645088455138118,0.1017552461539456,0.09592312461629815,0.09804308510720831,0.0026337220006364863,92,random search for 1 group,5.0
0.6869850158691406,0.0022056903179595243,0.03258832295735677,0.00070456005673925,3,5,"{'max_depth': 3, 'min_child_weight': 5}",0.10695654462564352,0.1122718919977923,0.10189588208747369,0.10704143957030317,0.004236413638797099,62,random search for 1 group,5.0
0.9830506642659506,0.007160476267479975,0.04091270764668783,0.0006529328129270824,6,12,"{'max_depth': 6, 'min_child_weight': 12}",0.11178342122720397,0.11479978503073474,0.1020576417975052,0.10954694935181464,0.005437027887923689,31,random search for 1 group,5.0
3.1893040339152017,0.0547896033814952,0.05974205334981283,0.002154141441833617,12,19,"{'max_depth': 12, 'min_child_weight': 19}",0.09355141202718054,0.08770695109775917,0.07245602631082104,0.08457146314525359,0.00889296681487593,120,random search for 1 group,5.0
0.7487837473551432,0.002035432581841102,0.03513789176940918,0.0003368727689957578,4,7,"{'max_depth': 4, 'min_child_weight': 7}",0.11221705560444062,0.11704505713364244,0.10404867100701809,0.11110359458170038,0.005363851829605895,23,random search for 1 group,5.0
0.5632759730021158,0.002930531585667929,0.026528437932332356,0.00024805100237383296,1,18,"{'max_depth': 1, 'min_child_weight': 18}",0.0730792762672795,0.08001164425081009,0.07481471261713535,0.07596854437840832,0.0029453836495734226,135,random search for 1 group,5.0
0.6837984720865885,0.0019898456065385642,0.03260970115661621,0.0009975889206457569,3,19,"{'max_depth': 3, 'min_child_weight': 19}",0.1082408600643604,0.11228301975434307,0.10338978662348597,0.10797122214739648,0.0036356500871822166,46,random search for 1 group,5.0
8.873842239379883,0.21527143101936866,0.07108402252197266,0.0005167616966292209,16,11,"{'max_depth': 16, 'min_child_weight': 11}",0.06423938811566021,0.054487093506137896,0.03600467968561205,0.05157705376913672,0.011708997636736532,192,random search for 1 group,5.0
1.5999780495961506,0.046499851852174305,0.047420899073282875,0.0007466615799396124,8,5,"{'max_depth': 8, 'min_child_weight': 5}",0.10117526545725519,0.10376914618249622,0.08747869844082279,0.09747437002685806,0.007146894064141849,93,random search for 1 group,5.0
0.8320597807566324,0.0037711932856575687,0.038324197133382164,0.00044303707946710723,5,18,"{'max_depth': 5, 'min_child_weight': 18}",0.11425021098343102,0.11766369167661284,0.10419972729867466,0.11203787665290617,0.005714916248153374,10,random search for 1 group,5.0
34.060814460118614,0.9334245770656482,0.0836191177368164,0.000525215332207081,18,2,"{'max_depth': 18, 'min_child_weight': 2}",0.019398694643925407,0.026379815398734352,-0.003304763908192676,0.014157915378155694,0.012672618451914384,239,random search for 1 group,5.0
1.1541594664255779,0.004223689439643321,0.04489437739054362,0.0006977185281200354,7,16,"{'max_depth': 7, 'min_child_weight': 16}",0.11086002901374648,0.11434578821820773,0.10089179329278763,0.10869920350824729,0.005701132636720492,38,random search for 1 group,5.0
1.4452237288157146,0.02018350429453358,0.04692514737447103,0.0009987173064634725,8,14,"{'max_depth': 8, 'min_child_weight': 14}",0.10802037738302572,0.1065028464103649,0.09135869759877091,0.10196064046405384,0.007522261160594775,72,random search for 1 group,5.0
8.92802325884501,0.13499956165387592,0.07481201489766438,0.00042556700499941924,19,19,"{'max_depth': 19, 'min_child_weight': 19}",0.07051526286223297,0.05674178308048017,0.045165587681549546,0.057474211208087565,0.010361912505682278,173,random search for 1 group,5.0
9.143183072408041,0.5802239215698058,0.06518181165059407,0.0007445233736473139,13,2,"{'max_depth': 13, 'min_child_weight': 2}",0.059693667297591846,0.05972689505097084,0.025509313953714585,0.048309958767425755,0.016122496269946524,213,random search for 1 group,5.0
1.8163848718007405,0.04138521872973884,0.05068667729695638,0.0009725435737046443,9,14,"{'max_depth': 9, 'min_child_weight': 14}",0.10082488581736149,0.10411805859122814,0.08961882510384445,0.09818725650414468,0.006206166783980406,89,random search for 1 group,5.0
2.2229142983754477,0.03159898561924437,0.053464015324910484,0.0010487740408680838,10,16,"{'max_depth': 10, 'min_child_weight': 16}",0.09788584060383054,0.09703886422906449,0.08043078757295008,0.0917851641352817,0.008036199042842425,108,random search for 1 group,5.0
15.468827565511068,0.4081666318241341,0.07863648732503255,0.00022648094628739812,18,8,"{'max_depth': 18, 'min_child_weight': 8}",0.050049825382633695,0.04690610606115708,0.031424271793788705,0.04279340107919316,0.008140989633709048,219,random search for 1 group,5.0
1.5200037956237793,0.026403665266677534,0.047118584314982094,0.0007611465829433207,8,9,"{'max_depth': 8, 'min_child_weight': 9}",0.10255708880440773,0.10458797713305867,0.0887475221889118,0.09863086270879273,0.007037586789271965,78,random search for 1 group,5.0
1.7090648810068767,0.04785432164467098,0.04832935333251953,0.00016491753948899937,8,2,"{'max_depth': 8, 'min_child_weight': 2}",0.0981355620696176,0.10384659900119386,0.07953603713185475,0.09383939940088874,0.010379261851014126,100,random search for 1 group,5.0
1.2379906177520752,0.017786048578285498,0.04651824633280436,0.001958858588903933,7,4,"{'max_depth': 7, 'min_child_weight': 4}",0.10421451980682928,0.11261109745296483,0.0889393832368357,0.10192166683220993,0.009798992960331451,73,random search for 1 group,5.0
0.7461623350779215,0.005151526778455435,0.037690957387288414,0.0006133059352645887,4,13,"{'max_depth': 4, 'min_child_weight': 13}",0.11050045036583378,0.11776612925569008,0.10473975281208092,0.1110021108112016,0.005329813518594489,25,random search for 1 group,5.0
0.6405512491861979,0.0028037789208458816,0.030536969502766926,0.0012762716801807388,2,10,"{'max_depth': 2, 'min_child_weight': 10}",0.09700271920894699,0.10142802914023319,0.09613766986223538,0.09818947273713852,0.002317076214410548,84,random search for 1 group,5.0
1.1550354957580566,0.011531033888323236,0.045220375061035156,0.0013775011354144892,7,18,"{'max_depth': 7, 'min_child_weight': 18}",0.1106979594237556,0.113743981539983,0.10237151027131552,0.10893781707835137,0.004806721092819276,34,random search for 1 group,5.0
2.889665126800537,0.06488219124926389,0.05617062250773112,0.0008182195031488075,10,5,"{'max_depth': 10, 'min_child_weight': 5}",0.09309676404211975,0.090798487104093,0.07422553373838969,0.08604026162820082,0.008406797470050726,114,random search for 1 group,5.0
1.8084010283152263,0.062490706588882526,0.05247378349304199,0.0011755075176638882,9,15,"{'max_depth': 9, 'min_child_weight': 15}",0.10491888481162503,0.10304777358177852,0.08883016932053589,0.09893227590464648,0.007183995285176737,77,random search for 1 group,5.0
4.443630218505859,0.09691117644351421,0.06497399012247722,0.0018388393354086185,13,14,"{'max_depth': 13, 'min_child_weight': 14}",0.07518279819471474,0.07551436380144905,0.05901842786397449,0.06990519662004609,0.007699297993931002,152,random search for 1 group,5.0
34.38541762034098,1.354552714203482,0.08583227793375652,0.0003099273611883575,19,3,"{'max_depth': 19, 'min_child_weight': 3}",0.029830099630255735,0.029038895828393252,0.00117195327616193,0.020013649578270305,0.013327006178425414,237,random search for 1 group,5.0
1.4813438256581624,0.02543956283922031,0.046028852462768555,0.00017515097093822246,8,12,"{'max_depth': 8, 'min_child_weight': 12}",0.10212939021886447,0.10540454938490951,0.09444662829925987,0.10066018930101128,0.0045925970962406235,75,random search for 1 group,5.0
2.830164591471354,0.08760178285947545,0.05463345845540365,0.0004710043494031671,11,14,"{'max_depth': 11, 'min_child_weight': 14}",0.09062003646481731,0.09113794259504748,0.07231506540339416,0.08469101482108632,0.008753671598511816,117,random search for 1 group,5.0
10.025024970372518,0.06665880515429172,0.07786798477172852,0.0005488845167140721,19,16,"{'max_depth': 19, 'min_child_weight': 16}",0.06472345718061034,0.061218833511948234,0.036687280373180475,0.05420985702191302,0.01247266654389421,187,random search for 1 group,5.0
7.7559278806050616,0.09952883947398732,0.07122492790222168,0.0010505628575607133,16,14,"{'max_depth': 16, 'min_child_weight': 14}",0.06559644981433355,0.059946538348068845,0.04081416948200911,0.0554523858814705,0.010604665935717562,183,random search for 1 group,5.0
12.970089594523111,0.32061228321652147,0.07714025179545085,0.0014205797969023726,17,8,"{'max_depth': 17, 'min_child_weight': 8}",0.05507633636932763,0.04817535471880774,0.027131165546069314,0.04346095221140156,0.011885630998160488,66,,
8.339583396911621,0.10193664975975203,0.07719310124715169,0.00035818614476732674,18,18,"{'max_depth': 18, 'min_child_weight': 18}",0.0723604308196294,0.060768117235592056,0.038917391263351364,0.057348646439524274,0.013865516196294668,56,,
9.1226437886556,0.13932908961972432,0.07087850570678711,0.0009949251774806524,15,8,"{'max_depth': 15, 'min_child_weight': 8}",0.061899641053835275,0.0601670783634729,0.04004362011545448,0.05403677984425422,0.009919907014543568,60,,
20.25577751795451,0.7186916632168389,0.08291769027709961,0.002454840874627193,19,7,"{'max_depth': 19, 'min_child_weight': 7}",0.052316002496008096,0.04810329476639452,0.022191079957597393,0.040870125740000006,0.013319579325429313,67,,
0.5756782690684,0.002827670711657467,0.02817424138387044,0.0006694631338339398,1,4,"{'max_depth': 1, 'min_child_weight': 4}",0.0730792762672795,0.08001164425081009,0.07481471261713535,0.07596854437840832,0.0029453836495734226,37,,
0.7544438044230143,0.0016528913659766577,0.039035797119140625,0.0015414694686257226,4,17,"{'max_depth': 4, 'min_child_weight': 17}",0.11222337783602165,0.11666228392216904,0.10633886574603968,0.11174150916807679,0.00422826905243503,6,,
3.5701707204182944,0.093827593079023,0.05849377314249674,0.0002236888404757491,11,7,"{'max_depth': 11, 'min_child_weight': 7}",0.08253037408390362,0.08008637946856223,0.0561840125850287,0.07293358871249818,0.011885691755422463,45,,
7.0055921872456866,0.05467965025701729,0.07446352640787761,0.004143788113975887,16,16,"{'max_depth': 16, 'min_child_weight': 16}",0.06626746827773267,0.065404879050737,0.04479303649226607,0.05882179460691191,0.00992607863905525,53,,
4.701023817062378,0.09778071263660357,0.06653038660685222,0.0004982190908601548,14,18,"{'max_depth': 14, 'min_child_weight': 18}",0.08561072551767734,0.07125724985395199,0.05615370857217561,0.07100722798126831,0.012027076259687535,46,,
0.6951483090718588,0.0025026352072257336,0.03429857889811198,0.0006882555487199845,3,8,"{'max_depth': 3, 'min_child_weight': 8}",0.10651158245672754,0.11188880949189506,0.10266872026517293,0.10702303740459851,0.0037814195711800822,20,,
4.015382607777913,0.15784599216694548,0.059272209803263344,0.0010072350295007048,11,5,"{'max_depth': 11, 'min_child_weight': 5}",0.0837780576245225,0.08196721582493893,0.06090455175770215,0.0755499417357212,0.010382208265809842,43,,
5.4749941031138105,0.14785391519998684,0.06590898831685384,0.0005942144000927465,14,14,"{'max_depth': 14, 'min_child_weight': 14}",0.07202038667925414,0.0709187316239297,0.053120473796180234,0.06535319736645469,0.00866152624831181,47,,
0.5725862185160319,0.0033483722397175497,0.027653614679972332,0.0009315031548376918,1,9,"{'max_depth': 1, 'min_child_weight': 9}",0.0730792762672795,0.08001164425081009,0.07481471261713535,0.07596854437840832,0.0029453836495734226,37,,
2.5728110472361245,0.07037134960799052,0.05441880226135254,0.0010843882093709014,10,9,"{'max_depth': 10, 'min_child_weight': 9}",0.08926450949830855,0.09347246151904498,0.06940697447553945,0.08404798183096433,0.01049431710779407,36,,
7.192434072494507,0.2442164169633448,0.06419777870178223,0.001006431800660705,12,1,"{'max_depth': 12, 'min_child_weight': 1}",0.07080160627664178,0.052363858592501034,0.02327092636125694,0.04881213041013325,0.019566169155215526,63,,
0.5730661551157633,0.000970636760760264,0.028096437454223633,0.001102315041311839,1,6,"{'max_depth': 1, 'min_child_weight': 6}",0.0730792762672795,0.08001164425081009,0.07481471261713535,0.07596854437840832,0.0029453836495734226,37,,
1.6879912217458088,0.05968161753333832,0.048588196436564125,0.00033183511665130574,8,3,"{'max_depth': 8, 'min_child_weight': 3}",0.09415968429702282,0.10285662007289487,0.08839532020915442,0.09513720819302403,0.005944126690142404,29,,
0.6437842051188151,0.0015316369314218158,0.031113147735595703,0.0004244845787999975,2,16,"{'max_depth': 2, 'min_child_weight': 16}",0.09672307297230143,0.10183559697301381,0.09600758469712434,0.09818875154747986,0.002595199675848007,24,,
7.399080912272136,0.12258870105713639,0.07440614700317383,0.00034021994297931687,17,18,"{'max_depth': 17, 'min_child_weight': 18}",0.07581674363454827,0.061246808747325576,0.04904401723318397,0.062035856538352606,0.010944151164068435,52,,
0.5717592239379883,0.0020895706403923674,0.02964639663696289,0.0008969661207772498,1,7,"{'max_depth': 1, 'min_child_weight': 7}",0.0730792762672795,0.08001164425081009,0.07481471261713535,0.07596854437840832,0.0029453836495734226,37,,
1.1957802772521973,0.014850008064656788,0.044302781422932945,0.001558803769555031,7,13,"{'max_depth': 7, 'min_child_weight': 13}",0.10845166018182395,0.11041871080441368,0.09800601864184899,0.10562546320936221,0.0054472790563125885,21,,
0.8511383533477783,0.0030085036441665123,0.03722961743672689,0.000252019477854256,5,1,"{'max_depth': 5, 'min_child_weight': 1}",0.11164816563991131,0.12027431206158379,0.1017145937859153,0.11121235716247013,0.007583237320555689,8,,
5.694789886474609,0.040576132150337,0.06549429893493652,0.0007386945066252464,14,13,"{'max_depth': 14, 'min_child_weight': 13}",0.07596830196315818,0.06602656076657787,0.052553673547481305,0.06484951209240579,0.009595147685057048,49,,
0.8464072545369467,0.004988507881120766,0.038995822270711265,9.542867230697959e-05,5,8,"{'max_depth': 5, 'min_child_weight': 8}",0.1130058057958363,0.11630974446260067,0.10458179513423038,0.11129911513088912,0.004937664335261405,7,,
0.7510331471761068,0.0025753647613580176,0.03626569112141927,0.00025391495345829126,4,15,"{'max_depth': 4, 'min_child_weight': 15}",0.11210874610104116,0.11683693587860688,0.1068314924767837,0.11192572481881058,0.004086754785000261,4,,
12.952690760294596,0.1519801119153756,0.07098627090454102,0.0005192555595010852,15,4,"{'max_depth': 15, 'min_child_weight': 4}",0.04839014566616473,0.050334575466630116,0.03360905970014416,0.044111260277646336,0.0074684833150066784,65,,
0.8532709280649821,0.008887685044619852,0.0412436326344808,0.0005780023769823093,5,17,"{'max_depth': 5, 'min_child_weight': 17}",0.11533156820533896,0.11603605618510493,0.10711221869343135,0.11282661436129175,0.0040509105326296665,1,,
2.657583554585775,0.032852293619226786,0.058072964350382485,0.00014452523566496294,11,19,"{'max_depth': 11, 'min_child_weight': 19}",0.09251253992418862,0.09322114968844009,0.0834654396184924,0.08973304307704037,0.004441296491243668,34,,
45.22525350252787,1.7197973405822453,0.09106953938802083,0.0013476611865030083,19,2,"{'max_depth': 19, 'min_child_weight': 2}",0.0133636266883147,0.02337217349342413,-0.009755410738901071,0.008993463147612587,0.013872826107101414,68,,
2.39605180422465,0.04097484012633005,0.05537144343058268,0.00038975783439313273,10,13,"{'max_depth': 10, 'min_child_weight': 13}",0.09509981495314979,0.09466714356832229,0.08122895080522063,0.09033196977556424,0.006439229607783773,13,,
17.247517029444378,0.7687618883418992,0.08105349540710449,0.00029200608488594336,18,7,"{'max_depth': 18, 'min_child_weight': 7}",0.05529507034316594,0.04351525408484036,0.02508765539701563,0.041299326608340646,0.012431270526862387,34,,
4.806289434432983,0.13795630585291643,0.06464417775472005,3.366367523429262e-05,13,12,"{'max_depth': 13, 'min_child_weight': 12}",0.07433110065959136,0.0708171851290672,0.05675556103231072,0.06730128227365643,0.0075936850063739285,21,,
2.743023633956909,0.08129931709514968,0.05701041221618652,0.00198157483353759,10,7,"{'max_depth': 10, 'min_child_weight': 7}",0.08919039478351132,0.08862167443718272,0.06742178536419385,0.08174461819496263,0.010130433223105284,16,,
5.0655778249104815,0.046982970821868184,0.0652631123860677,0.0010582131453657569,13,11,"{'max_depth': 13, 'min_child_weight': 11}",0.07969600259313736,0.0754245081003474,0.05709310366691933,0.07073787145346803,0.009804630955560797,20,,
0.6434934139251709,0.0002323383854370407,0.03151265780131022,0.0003111635170194688,2,3,"{'max_depth': 2, 'min_child_weight': 3}",0.09622664599109876,0.10191287223492551,0.09559563140974237,0.09791171654525554,0.002840948197369422,12,,
14.289309819539389,0.7697451739944422,0.07419403394063313,0.0006384002632384639,15,3,"{'max_depth': 15, 'min_child_weight': 3}",0.05172451476679496,0.045032152214090404,0.023662318346107103,0.04013966177566416,0.011967290531719807,37,,
5.996621370315552,0.01236946247090232,0.06992554664611816,0.00017129187198754015,15,16,"{'max_depth': 15, 'min_child_weight': 16}",0.06949042026164587,0.0687346004667706,0.052404097450951204,0.06354303939312256,0.007882463091524943,22,,
6.9924507935841875,0.19271350625991215,0.06810601552327473,0.0002461439332869106,14,9,"{'max_depth': 14, 'min_child_weight': 9}",0.06329949985845318,0.06917750206538076,0.047222559574991774,0.059899853832941906,0.009279837274548619,24,,
1.2161823113759358,0.011667382550639616,0.04645800590515137,0.00033690786478370505,7,10,"{'max_depth': 7, 'min_child_weight': 10}",0.10468942816965943,0.11365458745391133,0.09555345454207997,0.10463249005521691,0.007389866243020606,9,,
23.762544870376587,0.3384371409162473,0.08172146479288737,0.0005339605497711034,17,3,"{'max_depth': 17, 'min_child_weight': 3}",0.03363422776713998,0.036494782675832727,0.013196118908887167,0.027775043117286624,0.010374792107221663,39,,
1.3232684135437012,0.007935734007854632,0.04792555173238119,0.0010733082484310004,7,1,"{'max_depth': 7, 'min_child_weight': 1}",0.1050294236309236,0.11407130294361356,0.09701630889673052,0.10537234515708922,0.006966893227478794,8,,
0.751708984375,0.001469656846947905,0.03797109921773275,0.0005584597265121546,4,5,"{'max_depth': 4, 'min_child_weight': 5}",0.11219568062913576,0.11730988276171406,0.10511719687760279,0.1115409200894842,0.004999128643431448,1,,
5.783543984095256,0.005656054024206548,0.06558060646057129,0.0005430311009208807,13,8,"{'max_depth': 13, 'min_child_weight': 8}",0.07169828661730404,0.0673614872272198,0.045127703342836334,0.06139582572912006,0.011638751700498584,23,,
0.5729238192240397,0.0008185234102600401,0.028778791427612305,0.00047135009388111934,1,8,"{'max_depth': 1, 'min_child_weight': 8}",0.0730792762672795,0.08001164425081009,0.07481471261713535,0.07596854437840832,0.0029453836495734226,13,,
14.190264781316122,0.4483324925497336,0.0803995927174886,0.0018066903755389631,18,9,"{'max_depth': 18, 'min_child_weight': 9}",0.05617585184591156,0.05242475691899229,0.029371496529475793,0.04599070176479322,0.011850911787084608,23,,
6.0647510687510175,0.1279030155632392,0.06302261352539062,0.0005291239735316906,12,3,"{'max_depth': 12, 'min_child_weight': 3}",0.07712504188872482,0.06657377829088695,0.055580631193857366,0.06642648379115638,0.008796085485393223,17,,
2.0613950888315835,0.0702419795747472,0.05240170160929362,2.5375872019028055e-05,9,7,"{'max_depth': 9, 'min_child_weight': 7}",0.09468665631151818,0.10152485760570629,0.07428735118716623,0.09016628836813023,0.011569953435017497,11,,
9.407344977060953,0.08403409242498146,0.07802780469258626,0.0007708004529582204,19,18,"{'max_depth': 19, 'min_child_weight': 18}",0.06445630814785752,0.05895249101898048,0.04253110211115885,0.05531330042599895,0.009313482916967063,20,,
14.587280432383219,0.38556344121946423,0.07967694600423177,0.0020747414470295047,17,7,"{'max_depth': 17, 'min_child_weight': 7}",0.05847630913972868,0.05083183935162561,0.03694856939762303,0.04875223929632577,0.008910834113349921,22,,
6.525308291117351,0.17092946813187432,0.07038370768229167,0.0004948753978990405,15,14,"{'max_depth': 15, 'min_child_weight': 14}",0.07179424593870631,0.05837584056044598,0.05098620372058704,0.06038543007324645,0.008612877674166231,19,,
3.48104198773702,0.04805934893761284,0.060802618662516274,0.00030204578053730317,12,16,"{'max_depth': 12, 'min_child_weight': 16}",0.0898999227682653,0.0838373397404476,0.07213689298394221,0.08195805183088505,0.00737247579695172,10,,
1.208801507949829,0.002060129300489586,0.04632830619812012,0.0004805100369889519,7,12,"{'max_depth': 7, 'min_child_weight': 12}",0.10886981731507372,0.10828108740871212,0.0988970232210441,0.10534930931494331,0.0045687815738119225,6,,
4.025731563568115,0.03410041694450563,0.062260945638020836,0.0002877278199954389,13,18,"{'max_depth': 13, 'min_child_weight': 18}",0.08649285449421495,0.08076041705672155,0.06512310504095586,0.07745879219729745,0.009031134773956229,12,,
1.1730129718780518,0.01752651879465172,0.045508384704589844,0.0011500586202899388,7,17,"{'max_depth': 7, 'min_child_weight': 17}",0.1114551497264602,0.11532556219403323,0.10027022498813376,0.10901697896954239,0.006383536223533789,2,,
2.2684181531270347,0.08570855928900997,0.04939460754394531,0.0005558091929234481,9,4,"{'max_depth': 9, 'min_child_weight': 4}",0.09273166210565698,0.097070935079823,0.07584231010931286,0.08854830243159761,0.009157474293586678,9,,
8.275383075078329,0.38840206496007956,0.06402993202209473,0.0005625222510745681,13,3,"{'max_depth': 13, 'min_child_weight': 3}",0.0718661847782548,0.05948747564294121,0.03613775409121267,0.055830471504136225,0.01481351745969698,16,,
3.3096697330474854,0.019970931745204843,0.06087970733642578,0.0009009576801098803,12,18,"{'max_depth': 12, 'min_child_weight': 18}",0.09063036239767253,0.08665625441365943,0.07761511578116831,0.08496724419750008,0.005446021652229211,7,,
21.883376359939575,1.0576093377239726,0.08439421653747559,0.0022639327656011113,18,5,"{'max_depth': 18, 'min_child_weight': 5}",0.04639183503263078,0.05098428818336387,0.022505282322105136,0.03996046851269993,0.012484264768010114,12,,
0.9942700068155924,0.007702926039702775,0.04212196667989095,0.001006541730130867,6,13,"{'max_depth': 6, 'min_child_weight': 13}",0.11257762618090739,0.11605987316170097,0.10310501207357103,0.11058083713872646,0.00547402845641222,2,,
1.4400086402893066,0.0380232313503948,0.04860377311706543,0.0015237685227646744,8,17,"{'max_depth': 8, 'min_child_weight': 17}",0.10858457736555649,0.10906529652700125,0.09427615190710081,0.10397534193321951,0.006861170361783062,4,,
5.302078564961751,0.16803605751254477,0.06154314676920573,0.00035313283869361524,12,5,"{'max_depth': 12, 'min_child_weight': 5}",0.0764497687255723,0.07711299213376754,0.05648802896668581,0.07001692994200855,0.009570208549534016,10,,
2.529683748881022,0.03269622033807564,0.053333123524983726,0.0006173692876799166,9,1,"{'max_depth': 9, 'min_child_weight': 1}",0.09131977740192088,0.09148104926159184,0.06766937636471992,0.08349006767607754,0.011187111850402687,2,,
3.396583636601766,0.05007537456681926,0.056334892908732094,0.0004569259706277482,10,2,"{'max_depth': 10, 'min_child_weight': 2}",0.08030039024712987,0.08502944365370724,0.06177520620571286,0.07570168003551665,0.010034971899303712,4,,
5.370948870976766,0.13951887613952949,0.06999874114990234,0.0005501517193885182,15,19,"{'max_depth': 15, 'min_child_weight': 19}",0.08004009214341035,0.07682306525443183,0.06000762392904391,0.07229026044229536,0.008783874820320703,3,,
7.128601948420207,0.11124374830160284,0.07043917973836263,0.00042424330564021034,15,12,"{'max_depth': 15, 'min_child_weight': 12}",0.06676937137650141,0.06453742989756872,0.04279756217446551,0.058034787816178546,0.0108128064390858,5,,
3.7468344370524087,0.11782146825256032,0.061077515284220375,0.00013841868076354418,12,13,"{'max_depth': 12, 'min_child_weight': 13}",0.08735690509511906,0.07652452642074592,0.06412723478690985,0.0760028887675916,0.00949064363949799,2,,
11.437633752822876,0.18585658096011992,0.08076516787211101,0.002191562542299793,19,14,"{'max_depth': 19, 'min_child_weight': 14}",0.05957337672936114,0.053612416762056636,0.03938577373280017,0.050857189074739316,0.00846869877424741,2,,
2.866231679916382,0.0909349666586821,0.05809656778971354,0.00029277700123040123,11,15,"{'max_depth': 11, 'min_child_weight': 15}",0.0905418257587185,0.08546164299007364,0.07410261648661465,0.08336869507846893,0.006872516452921942,1,,
