split0_test_score,split1_test_score,split2_test_score,mean_test_score,std_test_score,rank_test_score,mean_fit_time,std_fit_time,mean_score_time,std_score_time,param_max_depth,param_min_child_weight,params,experiment_name,run_number
0.6298023534290013,0.5931329014818676,0.5688463435390219,0.5972605328166303,0.025055761689394617,199,18.978585640589397,0.767266699410739,0.05758563677469889,0.012969444829511638,13,6,"OrderedDict([('max_depth', 13), ('min_child_weight', 6)])",BO for 1 group,2.0
0.6276558293513748,0.5973485636848199,0.5726748852228261,0.5992264260863402,0.022485118481874945,181,58.428778092066445,9.738241727453405,0.0660401185353597,0.008223602636203748,14,2,"OrderedDict([('max_depth', 14), ('min_child_weight', 2)])",BO for 1 group,2.0
0.7157888292536156,0.6928539639646607,0.5780624761443056,0.6622350897875273,0.06025099543910143,79,0.41352105140686035,0.02636207033518808,0.04996538162231445,0.0020234174611117816,2,5,"OrderedDict([('max_depth', 2), ('min_child_weight', 5)])",BO for 1 group,2.0
0.7097616104380415,0.6799641438745698,0.6079728297384008,0.665899528017004,0.04272859334212906,45,0.49498788515726727,0.03930671941053667,0.05560898780822754,0.008622772695037412,3,19,"OrderedDict([('max_depth', 3), ('min_child_weight', 19)])",BO for 1 group,2.0
0.6318077977547796,0.5927138198136614,0.5756261109003495,0.6000492428229302,0.023515268904777467,169,22.965996106465656,5.263154715168151,0.068907896677653,0.003779764547214895,13,8,"OrderedDict([('max_depth', 13), ('min_child_weight', 8)])",BO for 1 group,2.0
0.6436906491229435,0.5976100839373927,0.564160508167713,0.6018204137426831,0.0326042531774787,158,3.352707306543986,0.2475910960382055,0.0598746140797933,0.010183247401810477,8,14,"OrderedDict([('max_depth', 8), ('min_child_weight', 14)])",BO for 1 group,2.0
0.6286623689579307,0.5866130613780056,0.5765983511830298,0.5972912605063221,0.022556350756631448,198,69.75466458002727,16.554860886341473,0.07697971661885579,0.005028333237902815,15,2,"OrderedDict([('max_depth', 15), ('min_child_weight', 2)])",BO for 1 group,2.0
0.6302013278020896,0.5903631386014963,0.5731937476475101,0.5979194046836986,0.023878706226803603,195,43.55093336105347,14.696285538138405,0.06436991691589355,0.003437446153690784,18,12,"OrderedDict([('max_depth', 18), ('min_child_weight', 12)])",BO for 1 group,2.0
0.6287848219084542,0.5929623302101115,0.5775457079360802,0.5997642866848819,0.021464104284160682,172,53.44851986567179,21.928038507282785,0.06994986534118652,0.008618264768838063,16,5,"OrderedDict([('max_depth', 16), ('min_child_weight', 5)])",BO for 1 group,2.0
0.6535767487264712,0.5826075384707923,0.5411482308304201,0.5924441726758946,0.046422784911717745,234,3.598712682723999,0.22290158008269004,0.05262470245361328,0.009147550751778694,8,7,"OrderedDict([('max_depth', 8), ('min_child_weight', 7)])",BO for 1 group,2.0
0.65492222069309,0.6216449884174238,0.5757271802036626,0.6174314631047255,0.032468230176600554,134,0.33109013239542645,0.02034997028550273,0.04601081212361654,0.00810803152498295,1,20,"OrderedDict([('max_depth', 1), ('min_child_weight', 20)])",BO for 1 group,2.0
0.7135448341295731,0.6799641438745698,0.6115175867728847,0.6683421882590093,0.042455405545452574,1,0.4932367006937663,0.04260180203765305,0.04845436414082845,0.00579886228999891,3,2,"OrderedDict([('max_depth', 3), ('min_child_weight', 2)])",BO for 1 group,2.0
0.6812519932723631,0.6177600468573657,0.5694724912129195,0.622828177114216,0.04577429211824462,130,0.6209115187327067,0.022655811995305662,0.04483668009440104,0.003403822323052973,4,20,"OrderedDict([('max_depth', 4), ('min_child_weight', 20)])",BO for 1 group,2.0
0.6304332470236083,0.5858006279851157,0.5745461846680865,0.5969266865589368,0.024134108908673475,204,397.19175656636554,92.6139483234895,0.07880687713623047,0.012989080583829022,20,1,"OrderedDict([('max_depth', 20), ('min_child_weight', 1)])",BO for 1 group,2.0
0.6368328823532883,0.595429312284129,0.5612926876994324,0.5978516274456166,0.030886684942887474,196,5.957441250483195,1.988671827866489,0.05384421348571777,0.005508377229466622,10,20,"OrderedDict([('max_depth', 10), ('min_child_weight', 20)])",BO for 1 group,2.0
0.6627735507000532,0.5727689298053666,0.5774305635877701,0.6043243480310633,0.04137362023367708,152,1.1257477601369221,0.40761418864171783,0.053978522618611656,0.0034827793256684545,6,20,"OrderedDict([('max_depth', 6), ('min_child_weight', 20)])",BO for 1 group,2.0
0.7135448341295731,0.6799641438745698,0.6115175867728847,0.6683421882590093,0.042455405545452574,1,0.5171696345011393,0.037522887852685746,0.04874539375305176,0.0007295283090069274,3,1,"OrderedDict([('max_depth', 3), ('min_child_weight', 1)])",BO for 1 group,2.0
0.7157888292536156,0.6928539639646607,0.5780624761443056,0.6622350897875273,0.06025099543910143,79,0.42003591855367023,0.030035082855888896,0.04775508244832357,0.0037096273245737117,2,16,"OrderedDict([('max_depth', 2), ('min_child_weight', 16)])",BO for 1 group,2.0
0.6321939255489203,0.5860351962547963,0.5600874507426461,0.5927721908487875,0.029820309067999998,232,18.015755891799927,3.588387913480732,0.0461271603902181,0.0038977930236518896,11,1,"OrderedDict([('max_depth', 11), ('min_child_weight', 1)])",BO for 1 group,2.0
0.6741850718059121,0.5978849004204112,0.6027757286883899,0.6249485669715711,0.03487267417824719,127,0.9057400226593018,0.03193620152119932,0.05200552940368652,0.008738688737223603,5,1,"OrderedDict([('max_depth', 5), ('min_child_weight', 1)])",BO for 1 group,2.0
0.6854532499092636,0.6377284734406828,0.5860699249829762,0.6364172161109742,0.040583665558034075,117,0.6383403142293295,0.036231050101536696,0.04934072494506836,0.0038954353888272703,4,1,"OrderedDict([('max_depth', 4), ('min_child_weight', 1)])",BO for 1 group,2.0
0.65492222069309,0.6216449884174238,0.5757271802036626,0.6174314631047255,0.032468230176600554,134,0.2000410556793213,0.02316629826480588,0.043100833892822266,0.0011831159830355967,1,1,"OrderedDict([('max_depth', 1), ('min_child_weight', 1)])",BO for 1 group,2.0
0.6364511755937728,0.5986727392300557,0.5682989075190172,0.6011409407809486,0.02787773215435826,161,12.225595712661743,2.5069844013588645,0.05451162656148275,0.003379257427700422,12,20,"OrderedDict([('max_depth', 12), ('min_child_weight', 20)])",BO for 1 group,2.0
0.6428178058891661,0.600945117152041,0.5805690758986601,0.6081106663132891,0.025913123026045162,144,30.307566324869793,14.787448154918721,0.05219427744547526,0.006833210024904383,19,20,"OrderedDict([('max_depth', 19), ('min_child_weight', 20)])",BO for 1 group,2.0
0.6356539935048372,0.5939416150780499,0.5775733243297307,0.6023896443042059,0.02445223822490872,155,21.40302030245463,6.5159275204107185,0.06066083908081055,0.009946594215836319,15,20,"OrderedDict([('max_depth', 15), ('min_child_weight', 20)])",BO for 1 group,2.0
0.6499839726951735,0.5915030248136606,0.5383038689023886,0.5932636221370742,0.045610204801069185,229,2.2951553662618003,0.06464944382928592,0.05452545483907064,0.005480295241228092,7,1,"OrderedDict([('max_depth', 7), ('min_child_weight', 1)])",BO for 1 group,2.0
0.6411439426120568,0.5916004129633243,0.5719548891994803,0.6015664149249538,0.02911210715328464,159,28.06778685251872,9.355322503152232,0.06195982297261556,0.011251671796462758,17,20,"OrderedDict([('max_depth', 17), ('min_child_weight', 20)])",BO for 1 group,2.0
0.7083709538797711,0.6799641438745698,0.6079728297384008,0.665435975830914,0.04225515024076969,74,0.506411631902059,0.03897130945742237,0.04727021853129069,0.00485698872888756,3,10,"OrderedDict([('max_depth', 3), ('min_child_weight', 10)])",BO for 1 group,2.0
0.7157888292536156,0.6928539639646607,0.5780624761443056,0.6622350897875273,0.06025099543910143,79,0.4097256660461426,0.044487420856603094,0.047546068827311196,0.003638600310527235,2,1,"OrderedDict([('max_depth', 2), ('min_child_weight', 1)])",BO for 1 group,2.0
0.6396555637401113,0.5785379025206675,0.5563965131716819,0.5915299931441536,0.035209971972588745,239,3.8652798334757485,1.764720328037151,0.05986150105794271,0.013608675441335507,9,1,"OrderedDict([('max_depth', 9), ('min_child_weight', 1)])",BO for 1 group,2.0
0.7157888292536156,0.6928539639646607,0.5780624761443056,0.6622350897875273,0.06025099543910143,79,0.24121745427449545,0.05819292608011711,0.04467956225077311,0.001187811384214486,2,20,"OrderedDict([('max_depth', 2), ('min_child_weight', 20)])",BO for 1 group,2.0
0.6388926574912235,0.5983279915783167,0.5761345762675008,0.6044517417790136,0.025984218635051633,151,35.26426672935486,13.150691611406273,0.07134675979614258,0.002942672501636409,20,20,"OrderedDict([('max_depth', 20), ('min_child_weight', 20)])",BO for 1 group,2.0
0.6250646197019636,0.5929776829682184,0.5793468801694888,0.5991297276132236,0.01916444045579217,183,193.08391181627908,43.71131107732541,0.0751953125,0.01295918868937112,17,1,"OrderedDict([('max_depth', 17), ('min_child_weight', 1)])",BO for 1 group,2.0
0.7097616104380415,0.6799641438745698,0.6079728297384008,0.665899528017004,0.04272859334212906,45,0.4901390075683594,0.03323311991875097,0.04996569951375326,0.00168505872818453,3,20,"OrderedDict([('max_depth', 3), ('min_child_weight', 20)])",BO for 1 group,2.0
0.6274864644590759,0.588465461680447,0.5726048811451351,0.5961856024282194,0.023060752757810783,215,303.10918577512103,75.91990364083776,0.09026233355204265,0.007523453159944289,19,1,"OrderedDict([('max_depth', 19), ('min_child_weight', 1)])",BO for 1 group,2.0
0.6759221205632806,0.5922930084042359,0.5776556071192704,0.6152902453622623,0.04328765487517327,142,1.3903398513793945,0.03587895938204113,0.05060172080993652,0.0025487831740876226,6,1,"OrderedDict([('max_depth', 6), ('min_child_weight', 1)])",BO for 1 group,2.0
0.6376509443126962,0.601206063325289,0.5761568424185792,0.6050046166855215,0.025248140494749445,150,12.114997307459513,3.735342889579714,0.06235663096110026,0.005494628287017386,14,20,"OrderedDict([('max_depth', 14), ('min_child_weight', 20)])",BO for 1 group,2.0
0.632144896773733,0.5896053637758878,0.537952074937607,0.5865674451624092,0.03851401159309542,242,4.790523052215576,0.5870676312544938,0.06671849886576335,0.012805493711613786,9,20,"OrderedDict([('max_depth', 9), ('min_child_weight', 20)])",BO for 1 group,2.0
0.6611782274445039,0.6110974975332184,0.6016326215014245,0.624636115493049,0.02612649267160072,128,0.8812665144602457,0.03455533988138646,0.049924373626708984,0.004531144299214772,5,20,"OrderedDict([('max_depth', 5), ('min_child_weight', 20)])",BO for 1 group,2.0
0.6337533006516249,0.5789405171212073,0.5818210933803297,0.598171637051054,0.025187503757939197,189,9.362040281295776,2.0349775179467735,0.056367079416910805,0.008181051146831705,11,20,"OrderedDict([('max_depth', 11), ('min_child_weight', 20)])",BO for 1 group,2.0
0.6436183665774069,0.5970154763910703,0.5354676985012232,0.5920338471565668,0.04429261957861422,237,2.110168774922689,0.17083482085382548,0.05396588643391927,0.006413573828742363,7,20,"OrderedDict([('max_depth', 7), ('min_child_weight', 20)])",BO for 1 group,2.0
0.6278893125532259,0.5856983481255622,0.5518600368263196,0.5884825658350359,0.031101196044308832,241,11.739797751108805,0.6018412069813222,0.054311513900756836,0.007541180760004327,10,1,"OrderedDict([('max_depth', 10), ('min_child_weight', 1)])",BO for 1 group,2.0
0.6424685892149602,0.5973846430897954,0.5759720657825133,0.605275099362423,0.027714513433616646,149,24.19855006535848,7.289452598008428,0.07441401481628418,0.007349960905862563,16,20,"OrderedDict([('max_depth', 16), ('min_child_weight', 20)])",BO for 1 group,2.0
0.626553911140824,0.5968243147463417,0.5668775099590722,0.596751911948746,0.024362842556171122,208,30.25681511561076,1.936557016160999,0.05662353833516439,0.007779114038970998,12,1,"OrderedDict([('max_depth', 12), ('min_child_weight', 1)])",BO for 1 group,2.0
0.6299356807473916,0.5857557997368046,0.5725803911191074,0.5960906238677678,0.024529081440194566,217,240.2537326812744,60.70561451898948,0.07934610048929851,0.0016847756104267134,18,1,"OrderedDict([('max_depth', 18), ('min_child_weight', 1)])",BO for 1 group,2.0
0.6342031545130906,0.5785967501818479,0.5633565919459436,0.5920521655469607,0.030447714844532597,236,11.090468962987265,3.4742139035837205,0.05466445287068685,0.006079256683370986,13,20,"OrderedDict([('max_depth', 13), ('min_child_weight', 20)])",BO for 1 group,2.0
0.670781690346881,0.6343925967009707,0.5903879687787481,0.6318540852755333,0.032869648077280704,121,0.8976143995920817,0.04956485778595502,0.047429561614990234,0.005412296457611158,5,11,"OrderedDict([('max_depth', 5), ('min_child_weight', 11)])",BO for 1 group,2.0
0.6844529089848728,0.6310643369334686,0.5669639492152221,0.6274937317111878,0.04803107211780504,124,0.635191281636556,0.041061056136736225,0.04744243621826172,0.0043601121611183645,4,10,"OrderedDict([('max_depth', 4), ('min_child_weight', 10)])",BO for 1 group,2.0
0.6370335889557088,0.5841314849551944,0.5812280306669011,0.6007977015259348,0.025650044380318916,164,30.950620969136555,10.147947697165007,0.0753326416015625,0.007165427790334009,18,20,"OrderedDict([('max_depth', 18), ('min_child_weight', 20)])",BO for 1 group,2.0
0.65492222069309,0.6216449884174238,0.5757271802036626,0.6174314631047255,0.032468230176600554,134,0.32148369153340656,0.03573656823348518,0.05501206715901693,0.007044708706061614,1,11,"OrderedDict([('max_depth', 1), ('min_child_weight', 11)])",BO for 1 group,2.0
0.6651239853379208,0.5512843479554613,0.5693925830971369,0.595266972130173,0.049946496478512833,220,1.3421754837036133,0.05018273110808956,0.050013462702433266,0.007690465418502756,6,10,"OrderedDict([('max_depth', 6), ('min_child_weight', 10)])",BO for 1 group,2.0
0.626217005612811,0.5905457409798784,0.573494739445348,0.5967524953460125,0.021966674566705913,207,55.773500204086304,20.306003812619757,0.07318154970804851,0.009268311746202492,20,11,"OrderedDict([('max_depth', 20), ('min_child_weight', 11)])",BO for 1 group,2.0
0.7157888292536156,0.6928539639646607,0.5780624761443056,0.6622350897875273,0.06025099543910143,79,0.3954795201619466,0.03600036048862498,0.043958584467569985,0.0029529122004895362,2,11,"OrderedDict([('max_depth', 2), ('min_child_weight', 11)])",BO for 1 group,2.0
0.6336919693417264,0.593446585645008,0.5670328559782292,0.5980571369883212,0.027408055219453165,193,8.099997202555338,2.606469634773482,0.06854804356892903,0.004926742043293445,12,11,"OrderedDict([('max_depth', 12), ('min_child_weight', 11)])",BO for 1 group,2.0
0.6377870858293725,0.5890355753031267,0.5751745694402259,0.6006657435242417,0.026851783451431577,165,24.655448118845623,6.464921751384365,0.06862171490987141,0.008342158277742385,14,11,"OrderedDict([('max_depth', 14), ('min_child_weight', 11)])",BO for 1 group,2.0
0.6297480365094248,0.5915322905532403,0.5772422960567887,0.599507541039818,0.022164786792908547,175,40.9903047879537,13.958273170356302,0.07485850652058919,0.002178112606367739,17,11,"OrderedDict([('max_depth', 17), ('min_child_weight', 11)])",BO for 1 group,2.0
0.6437820015809814,0.5960232449118816,0.5392697733174303,0.5930250066034312,0.0427195781726119,231,3.2210384209950766,0.2787802102273721,0.05637486775716146,0.005222919566866097,8,20,"OrderedDict([('max_depth', 8), ('min_child_weight', 20)])",BO for 1 group,2.0
0.6197870897880893,0.5939239270198432,0.5420705315159924,0.5852605161079749,0.032313638749873266,243,8.087695757548014,1.1923302032816718,0.05599379539489746,0.006008494044875378,10,11,"OrderedDict([('max_depth', 10), ('min_child_weight', 11)])",BO for 1 group,2.0
0.6297338190622839,0.5866465820441448,0.5741793078030804,0.5968532363031697,0.023800669089820366,205,45.385900576909386,11.252377974683855,0.07862289746602376,0.008105257172848298,19,11,"OrderedDict([('max_depth', 19), ('min_child_weight', 11)])",BO for 1 group,2.0
0.7096595551243796,0.6799641438745698,0.6079728297384008,0.6658655095791167,0.04269368529949568,69,0.26279934247334796,0.031772731619472735,0.04745928446451823,0.004999324562353717,3,14,"OrderedDict([('max_depth', 3), ('min_child_weight', 14)])",BO for 1 group,2.0
0.6311835890426096,0.5840596764829491,0.57045858290911,0.595233949478223,0.026019606392207024,221,27.923102537790935,10.538939085054912,0.07204612096150716,0.008959558369080944,15,11,"OrderedDict([('max_depth', 15), ('min_child_weight', 11)])",BO for 1 group,2.0
0.6387673913849872,0.5899225995053332,0.5537892725714639,0.5941597544872614,0.034821308428671253,225,4.485663255055745,1.48906439073368,0.055028279622395836,0.003564669853405088,9,10,"OrderedDict([('max_depth', 9), ('min_child_weight', 10)])",BO for 1 group,2.0
0.6297751138118404,0.5884463530102255,0.5719331938587525,0.5967182202269394,0.024327484681638936,209,11.626746336619059,1.9196851296389208,0.057099103927612305,0.00984678264345481,11,11,"OrderedDict([('max_depth', 11), ('min_child_weight', 11)])",BO for 1 group,2.0
0.65280468238172,0.5915818255329384,0.556408846209248,0.6002651180413021,0.039829545017376795,167,2.177192290623983,0.10780893939220501,0.05801073710123698,0.006374248161375077,7,10,"OrderedDict([('max_depth', 7), ('min_child_weight', 10)])",BO for 1 group,2.0
0.7135448341295731,0.6799641438745698,0.6068511365441285,0.6667867048494238,0.0445430125501158,35,0.4339703718821208,0.06975405257538471,0.042223056157430015,0.0010895774163232354,3,6,"OrderedDict([('max_depth', 3), ('min_child_weight', 6)])",BO for 1 group,2.0
0.6283751320005496,0.5870215809000001,0.5789027406503611,0.5980998178503036,0.021662946505063355,190,30.15436601638794,10.01613139560482,0.06901049613952637,0.003473541157608426,16,13,"OrderedDict([('max_depth', 16), ('min_child_weight', 13)])",BO for 1 group,2.0
0.6462091063415698,0.5841982697485185,0.5474527420224727,0.5926200393708537,0.040754545971873474,233,2.775200287501017,1.2299786009252895,0.05644726753234863,0.006693601640829809,8,1,"OrderedDict([('max_depth', 8), ('min_child_weight', 1)])",BO for 1 group,2.0
0.6254045451551334,0.5922417493318837,0.5781078787664709,0.5985847244178294,0.019822859910985043,185,135.63063097000122,25.046308052378823,0.07016134262084961,0.008986249944415764,16,1,"OrderedDict([('max_depth', 16), ('min_child_weight', 1)])",BO for 1 group,2.0
0.6718677090014192,0.6200421380995575,0.6091830559366725,0.6336976343458831,0.02735197574535793,120,0.8881662686665853,0.04889774811739621,0.04818050066630045,0.0033536528565104493,5,6,"OrderedDict([('max_depth', 5), ('min_child_weight', 6)])",BO for 1 group,2.0
0.6921119820426362,0.6253807790348291,0.5860691141503231,0.6345206250759295,0.04377156647069652,118,0.6494539578755697,0.025145328260890956,0.04736932118733724,0.001130308535365416,4,5,"OrderedDict([('max_depth', 4), ('min_child_weight', 5)])",BO for 1 group,2.0
0.626349337823477,0.590216058294335,0.5684800471791932,0.5950151477656683,0.02386751131745894,222,45.21577334403992,4.249491503286353,0.059778292973836265,0.007311762504536718,13,1,"OrderedDict([('max_depth', 13), ('min_child_weight', 1)])",BO for 1 group,2.0
0.65492222069309,0.6216449884174238,0.5757271802036626,0.6174314631047255,0.032468230176600554,134,0.3268980185190837,0.028874083484936846,0.04882454872131348,0.003795440008836106,1,6,"OrderedDict([('max_depth', 1), ('min_child_weight', 6)])",BO for 1 group,2.0
0.7157888292536156,0.6928539639646607,0.5780624761443056,0.6622350897875273,0.06025099543910143,79,0.41431013743082684,0.0518331426057967,0.04339925448099772,0.002730745451214806,2,8,"OrderedDict([('max_depth', 2), ('min_child_weight', 8)])",BO for 1 group,2.0
0.6877183076752619,0.5988127984410292,0.5697305152095854,0.6187538737752921,0.050189737708326715,133,0.6261740525563558,0.03145682820769699,0.058408101399739586,0.009548548397956602,4,16,"OrderedDict([('max_depth', 4), ('min_child_weight', 16)])",BO for 1 group,2.0
0.6272158115602677,0.5860817045812721,0.5761261286392227,0.5964745482602541,0.022114057746827738,213,67.17221848169963,18.056360595332226,0.0745395024617513,0.004908651918810065,18,6,"OrderedDict([('max_depth', 18), ('min_child_weight', 6)])",BO for 1 group,2.0
0.6644140828049121,0.6295321851534219,0.592854846027195,0.628933704661843,0.029217001057905156,122,0.8968435923258463,0.04803036069010735,0.04667003949483236,0.0011891079778799383,5,16,"OrderedDict([('max_depth', 5), ('min_child_weight', 16)])",BO for 1 group,2.0
0.6352837566337564,0.5911245415671844,0.5716785332483647,0.5993622771497685,0.026612043966630625,178,17.3030424118042,4.246545700267564,0.08020750681559245,0.0046288524097738435,13,15,"OrderedDict([('max_depth', 13), ('min_child_weight', 15)])",BO for 1 group,2.0
0.6529145148996631,0.6036125688308753,0.5657466656943346,0.6074245831416244,0.035688065919386724,146,2.1340423425038657,0.1425737596403837,0.05792816480000814,0.006660570149129369,7,15,"OrderedDict([('max_depth', 7), ('min_child_weight', 15)])",BO for 1 group,2.0
0.6278343172016775,0.5854265659051618,0.5751601845478618,0.5961403558849003,0.02279956190376477,216,84.43339522679646,27.317191003401867,0.07412862777709961,0.006509099912112419,20,6,"OrderedDict([('max_depth', 20), ('min_child_weight', 6)])",BO for 1 group,2.0
0.6298618479193636,0.5906609892920789,0.5781142110787756,0.599545682763406,0.022040233108354793,174,59.26342479387919,14.27691398988448,0.06094717979431152,0.01097796357327332,17,6,"OrderedDict([('max_depth', 17), ('min_child_weight', 6)])",BO for 1 group,2.0
0.6618661972996192,0.5859536304770406,0.5813265286532938,0.6097154521433179,0.03692449668435975,143,0.8918457825978597,0.5160656702195273,0.06291381518046062,0.008136233996478547,6,15,"OrderedDict([('max_depth', 6), ('min_child_weight', 15)])",BO for 1 group,2.0
0.6358608713482639,0.5861587103666546,0.5606106494087308,0.5942100770412164,0.031243851176228025,224,13.123110135396322,2.1128430146726784,0.04454366366068522,0.0016513951925251021,11,6,"OrderedDict([('max_depth', 11), ('min_child_weight', 6)])",BO for 1 group,2.0
0.65492222069309,0.6216449884174238,0.5757271802036626,0.6174314631047255,0.032468230176600554,134,0.35330931345621747,0.01642583086199603,0.05068651835123698,0.008974350436916988,1,16,"OrderedDict([('max_depth', 1), ('min_child_weight', 16)])",BO for 1 group,2.0
0.7097616104380415,0.6799641438745698,0.6079728297384008,0.665899528017004,0.04272859334212906,45,0.2895979881286621,0.09947612380272641,0.04534109433492025,0.0024922341638088535,3,16,"OrderedDict([('max_depth', 3), ('min_child_weight', 16)])",BO for 1 group,2.0
0.6383235714797764,0.5911241073378908,0.5683280194147123,0.5992585660774599,0.029148715139923242,179,17.39808225631714,4.305527804530243,0.06781864166259766,0.016646933793564158,12,6,"OrderedDict([('max_depth', 12), ('min_child_weight', 6)])",BO for 1 group,2.0
0.6263585874870532,0.5906859810122275,0.5806762249066566,0.5992402644686458,0.019606145071061582,180,75.97767059008281,24.475597012321867,0.08083796501159668,0.00808121260037509,19,6,"OrderedDict([('max_depth', 19), ('min_child_weight', 6)])",BO for 1 group,2.0
0.6339321745072808,0.5867457497046364,0.5597926726915736,0.5934901989678303,0.030640736819558353,228,5.1311930020650225,0.5649774091145616,0.05388410886128744,0.002490993848415772,9,15,"OrderedDict([('max_depth', 9), ('min_child_weight', 15)])",BO for 1 group,2.0
0.6402538319148818,0.5912333824968934,0.5741964534418882,0.6018945559512211,0.028001663965420913,157,18.69380521774292,5.715763442823184,0.06470942497253418,0.01293041142326897,14,16,"OrderedDict([('max_depth', 14), ('min_child_weight', 16)])",BO for 1 group,2.0
0.7157888292536156,0.6928539639646607,0.5780624761443056,0.6622350897875273,0.06025099543910143,79,0.41447917620340985,0.04927169796404726,0.05096276601155599,0.012585528982486828,2,14,"OrderedDict([('max_depth', 2), ('min_child_weight', 14)])",BO for 1 group,2.0
0.649762104124452,0.5949239938638184,0.554694389818318,0.5997934959355296,0.03896367208625644,170,9.218083302179972,1.0041983968086403,0.061105807622273765,0.006647278923842983,10,6,"OrderedDict([('max_depth', 10), ('min_child_weight', 6)])",BO for 1 group,2.0
0.6316662466514262,0.598127581474459,0.5823259955593791,0.6040399412284214,0.020572345399455877,153,23.924243847529095,6.045248925050235,0.0711042086283366,0.004005406112498103,15,16,"OrderedDict([('max_depth', 15), ('min_child_weight', 16)])",BO for 1 group,2.0
0.629955127234797,0.5959346935560061,0.5725618748190328,0.599483898536612,0.023564719359113584,177,36.540371100107826,11.515185695214528,0.06574296951293945,0.00705710611046583,19,16,"OrderedDict([('max_depth', 19), ('min_child_weight', 16)])",BO for 1 group,2.0
0.6655835398921194,0.5830141194483844,0.5728869956720644,0.6071615516708561,0.041516953884642514,147,1.4267435868581135,0.05749492242222206,0.05299210548400879,0.01001315095525916,6,5,"OrderedDict([('max_depth', 6), ('min_child_weight', 5)])",BO for 1 group,2.0
0.7135448341295731,0.6799641438745698,0.6068511365441285,0.6667867048494238,0.0445430125501158,35,0.4376844565073649,0.056952663479872045,0.045754035313924156,0.003784468928881123,3,4,"OrderedDict([('max_depth', 3), ('min_child_weight', 4)])",BO for 1 group,2.0
0.7157888292536156,0.6928539639646607,0.5780624761443056,0.6622350897875273,0.06025099543910143,79,0.39986149470011395,0.03173067121272053,0.043437560399373375,0.0040352879986637145,2,3,"OrderedDict([('max_depth', 2), ('min_child_weight', 3)])",BO for 1 group,2.0
0.6265011160137954,0.5961775715551223,0.5780406122274143,0.6002397665987774,0.019991351100529887,168,30.265702962875366,10.345308723884198,0.06365021069844563,0.009660948874176421,17,16,"OrderedDict([('max_depth', 17), ('min_child_weight', 16)])",BO for 1 group,2.0
0.6281630456519695,0.5919798318837504,0.5692595540793457,0.5964674772050218,0.024255714794094562,214,40.814072132110596,16.26972010062591,0.0744791030883789,0.007956019370490008,20,16,"OrderedDict([('max_depth', 20), ('min_child_weight', 16)])",BO for 1 group,2.0
0.6338956708003239,0.593857818430069,0.5762729948364607,0.6013421613556179,0.02411230305714639,160,13.28282086054484,3.101110322034632,0.05899516741434733,0.00779690147633949,12,16,"OrderedDict([('max_depth', 12), ('min_child_weight', 16)])",BO for 1 group,2.0
0.6375749219900698,0.5957656219428671,0.5700197135134129,0.60112008581545,0.027837974789883004,162,31.662279446919758,8.290894408825366,0.07402849197387695,0.0033731988588700905,14,6,"OrderedDict([('max_depth', 14), ('min_child_weight', 6)])",BO for 1 group,2.0
0.6352794116959946,0.5843318271766715,0.5683899133093335,0.5960003840606666,0.028526802174108152,218,4.948059797286987,0.7969260558151284,0.059611876805623375,0.017175002150822634,11,16,"OrderedDict([('max_depth', 11), ('min_child_weight', 16)])",BO for 1 group,2.0
0.713557376038112,0.6799641438745698,0.6079698478953957,0.6671637892693592,0.044045948230884084,33,0.29427170753479004,0.06251092252200248,0.047137180964152016,0.0023633929055286735,3,8,"OrderedDict([('max_depth', 3), ('min_child_weight', 8)])",BO for 1 group,2.0
0.6419167401736648,0.5864154356413092,0.5439567745533951,0.5907629834561231,0.04010997045692154,240,2.7547929286956787,0.3100009826826787,0.05359133084615072,0.010338894050414197,9,5,"OrderedDict([('max_depth', 9), ('min_child_weight', 5)])",BO for 1 group,2.0
0.7157888292536156,0.6928539639646607,0.5780624761443056,0.6622350897875273,0.06025099543910143,79,0.3417973518371582,0.04468120643499397,0.05771923065185547,0.008794132595662632,2,18,"OrderedDict([('max_depth', 2), ('min_child_weight', 18)])",BO for 1 group,2.0
0.6474277420591834,0.5964211973955378,0.5594412120555231,0.6010967171700815,0.03607217514366501,163,1.2169644832611084,0.0936167604141795,0.06214555104573568,0.014809714596907268,7,5,"OrderedDict([('max_depth', 7), ('min_child_weight', 5)])",BO for 1 group,2.0
0.6295010309139708,0.5897935690122464,0.5702457769168938,0.5965134589477037,0.024653113016723623,212,17.569302479426067,4.615879330033217,0.07676831881205241,0.01306039784988645,15,6,"OrderedDict([('max_depth', 15), ('min_child_weight', 6)])",BO for 1 group,2.0
0.6361797369558464,0.5815088481158067,0.5576795939622533,0.5917893930113022,0.032861683006351165,238,3.2000412940979004,0.5793702820808103,0.05643129348754883,0.01566153439359682,10,16,"OrderedDict([('max_depth', 10), ('min_child_weight', 16)])",BO for 1 group,2.0
0.6311077638276705,0.5938399840920605,0.5661430283256743,0.5970302587484685,0.026617508072677414,201,13.830001831054688,4.683176505812,0.09539341926574707,0.0407404648092869,18,16,"OrderedDict([('max_depth', 18), ('min_child_weight', 16)])",BO for 1 group,2.0
0.708361310305625,0.6799641438745698,0.6079728297384008,0.6654327613061986,0.04225188411704468,77,0.29712597529093426,0.05109882421790611,0.09473260243733723,0.013660278644941633,3,12,"OrderedDict([('max_depth', 3), ('min_child_weight', 12)])",BO for 1 group,2.0
0.6384387572564723,0.5971544315261474,0.5758515718970514,0.603814920226557,0.025981538639321566,154,10.635803858439127,3.186146324847588,0.11482024192810059,0.07116087782115806,16,17,"OrderedDict([('max_depth', 16), ('min_child_weight', 17)])",BO for 1 group,2.0
0.6268687323056035,0.5968587507669552,0.5697740218723881,0.5978338349816489,0.0233190134408596,197,15.187305847803751,4.4585094551440285,0.06870325406392415,0.02347532388459993,16,9,"OrderedDict([('max_depth', 16), ('min_child_weight', 9)])",BO for 1 group,2.0
0.6341174179328091,0.5883743575857402,0.5722515115984802,0.5982477623723431,0.026203825206790883,188,12.482762416203817,3.9899590506067857,0.19446961085001627,0.013308068557626656,16,12,"OrderedDict([('max_depth', 16), ('min_child_weight', 12)])",BO for 1 group,2.0
0.7083709538797711,0.6799641438745698,0.6079728297384008,0.665435975830914,0.04225515024076969,74,0.3921365737915039,0.05865962921783607,0.10746598243713379,0.03814325156142983,3,11,"OrderedDict([('max_depth', 3), ('min_child_weight', 11)])",BO for 1 group,2.0
0.6292351219555594,0.5929419117862895,0.574669499843484,0.5989488445284443,0.022677657284149836,184,11.827044248580933,3.0447674666353035,0.10993623733520508,0.07508197685085873,14,7,"OrderedDict([('max_depth', 14), ('min_child_weight', 7)])",BO for 1 group,2.0
0.6463159461507557,0.590676788356217,0.5534190666210097,0.5968039337093275,0.038171664789689606,206,1.5319778124491374,0.35436914634218225,0.06542174021402995,0.02534438697844335,8,11,"OrderedDict([('max_depth', 8), ('min_child_weight', 11)])",BO for 1 group,2.0
0.6679715356964253,0.5947851617916854,0.6023106005203009,0.6216890993361373,0.03287051357065199,132,0.5436050891876221,0.1640682478645977,0.0753646691640218,0.03813476354074003,5,3,"OrderedDict([('max_depth', 5), ('min_child_weight', 3)])",BO for 1 group,2.0
0.6795759428149932,0.6293332131830531,0.5734176709212502,0.6274422756397655,0.043359554167918056,125,0.3529375394185384,0.05956133994298587,0.04683526357014974,0.002618538307851357,4,13,"OrderedDict([('max_depth', 4), ('min_child_weight', 13)])",BO for 1 group,2.0
0.6314936109745879,0.5858786249224774,0.5665318533880259,0.5946346964283638,0.027233668847536942,223,7.263474464416504,1.7704356110381696,0.15673510233561197,0.0775074613657702,13,12,"OrderedDict([('max_depth', 13), ('min_child_weight', 12)])",BO for 1 group,2.0
0.6682579840221254,0.612332218297089,0.6039934645511031,0.6281945556234392,0.02853293330874043,123,0.4848943551381429,0.03831493260295868,0.1194930871327718,0.03997217566568428,5,9,"OrderedDict([('max_depth', 5), ('min_child_weight', 9)])",BO for 1 group,2.0
0.6341655196628355,0.5911769506665218,0.5537744553102887,0.5930389752132154,0.03284591459621931,230,1.3762009938557942,0.23922527669954893,0.06443007787068684,0.024796239146931163,8,17,"OrderedDict([('max_depth', 8), ('min_child_weight', 17)])",BO for 1 group,2.0
0.7097616104380415,0.6799641438745698,0.6079728297384008,0.665899528017004,0.04272859334212906,45,0.4737829367319743,0.11109128001248057,0.0826250712076823,0.03355943556865135,3,17,"OrderedDict([('max_depth', 3), ('min_child_weight', 17)])",BO for 1 group,2.0
0.6873136653456449,0.6014857738270067,0.5802338609704036,0.6230111000476851,0.046289133915279,129,0.4427618980407715,0.20035498520724457,0.08208640416463216,0.03238117064881057,4,7,"OrderedDict([('max_depth', 4), ('min_child_weight', 7)])",BO for 1 group,2.0
0.7135448341295731,0.6799641438745698,0.6068511365441285,0.6667867048494238,0.0445430125501158,35,0.39635396003723145,0.1476275553583372,0.06864134470621745,0.028992946691855644,3,3,"OrderedDict([('max_depth', 3), ('min_child_weight', 3)])",BO for 1 group,2.0
0.6738138511596418,0.6447891875264635,0.5827009080343737,0.6337679822401597,0.03800431840119596,119,0.5044481754302979,0.03297404348433524,0.10589957237243652,0.0335653243142379,5,14,"OrderedDict([('max_depth', 5), ('min_child_weight', 14)])",BO for 1 group,2.0
0.65492222069309,0.6216449884174238,0.5757271802036626,0.6174314631047255,0.032468230176600554,134,0.2894908587137858,0.09746700311164097,0.09885565439860027,0.027895739447943005,1,3,"OrderedDict([('max_depth', 1), ('min_child_weight', 3)])",BO for 1 group,2.0
0.7157888292536156,0.6928539639646607,0.5780624761443056,0.6622350897875273,0.06025099543910143,79,0.33948810895284015,0.10106951930107876,0.11101563771565755,0.042496567906455125,2,9,"OrderedDict([('max_depth', 2), ('min_child_weight', 9)])",BO for 1 group,2.0
0.6329664922646215,0.5883496470563017,0.5780545883842096,0.5997902425683775,0.023832676674349136,171,17.26661252975464,5.3486320176584785,0.20073040326436362,0.09390665439345537,18,9,"OrderedDict([('max_depth', 18), ('min_child_weight', 9)])",BO for 1 group,2.0
0.6368548806774463,0.5845819685240237,0.5596164209461455,0.5936844233825385,0.03218266540395539,226,1.533765157063802,0.06069717937218338,0.16686367988586426,0.016243553395803943,8,4,"OrderedDict([('max_depth', 8), ('min_child_weight', 4)])",BO for 1 group,2.0
0.657099791356792,0.5921726853560314,0.5684372519231882,0.6059032428786705,0.0374758378346699,148,0.5938416322072347,0.056828845230306714,0.07912826538085938,0.04401650187581932,6,18,"OrderedDict([('max_depth', 6), ('min_child_weight', 18)])",BO for 1 group,2.0
0.6948871433183338,0.629420932963166,0.5860691141503231,0.6367923968106076,0.044729518422350636,116,0.40233739217122394,0.07690832625589071,0.04782708485921224,0.004308636445962102,4,3,"OrderedDict([('max_depth', 4), ('min_child_weight', 3)])",BO for 1 group,2.0
0.65492222069309,0.6216449884174238,0.5757271802036626,0.6174314631047255,0.032468230176600554,134,0.2660110791524251,0.12335516087731863,0.04652857780456543,0.004578195258841444,1,13,"OrderedDict([('max_depth', 1), ('min_child_weight', 13)])",BO for 1 group,2.0
0.7157888292536156,0.6928539639646607,0.5780624761443056,0.6622350897875273,0.06025099543910143,79,0.380703608194987,0.03768453955669184,0.09689863522847493,0.03305256125956949,2,13,"OrderedDict([('max_depth', 2), ('min_child_weight', 13)])",BO for 1 group,2.0
0.628732692873396,0.5866312563358971,0.5744323083922791,0.5965987525338573,0.02326150144253438,211,50.74507053693136,15.12025887915777,0.11756038665771484,0.06148524799180817,20,3,"OrderedDict([('max_depth', 20), ('min_child_weight', 3)])",BO for 1 group,2.0
0.627417299340198,0.5889845047598479,0.5774717448748625,0.5979578496583028,0.021354629345295247,194,34.19034194946289,11.506088130358286,0.15310200055440268,0.10666608391279284,17,3,"OrderedDict([('max_depth', 17), ('min_child_weight', 3)])",BO for 1 group,2.0
0.6268391555202597,0.5929248831038914,0.5607270815708474,0.5934970400649995,0.026993173250092317,227,9.950812975565592,1.512152343093889,0.05759803454081217,0.005975681844220997,12,3,"OrderedDict([('max_depth', 12), ('min_child_weight', 3)])",BO for 1 group,2.0
0.6523851175479414,0.5887100278398867,0.5578389219600959,0.5996446891159747,0.039365135911115276,173,1.105833371480306,0.11679315470006152,0.06508954366048177,0.024580790856736298,7,13,"OrderedDict([('max_depth', 7), ('min_child_weight', 13)])",BO for 1 group,2.0
0.7157888292536156,0.6928539639646607,0.5780624761443056,0.6622350897875273,0.06025099543910143,79,0.24546353022257486,0.03935943396143106,0.050490379333496094,0.00824577128176426,2,6,"OrderedDict([('max_depth', 2), ('min_child_weight', 6)])",BO for 1 group,2.0
0.6198146283519572,0.6063138336861289,0.5503043442508548,0.5921442687629803,0.03009432201747791,235,4.278807322184245,0.5023508156079187,0.07803583145141602,0.017388781964326708,10,3,"OrderedDict([('max_depth', 10), ('min_child_weight', 3)])",BO for 1 group,2.0
0.6284249076606103,0.5872058632633699,0.5753301660401443,0.5969869789880415,0.02275251730469364,202,50.91299271583557,15.110980787281036,0.07209404309590657,0.0050334997061338834,19,3,"OrderedDict([('max_depth', 19), ('min_child_weight', 3)])",BO for 1 group,2.0
0.6382873963773597,0.5923317940008201,0.5636436061341853,0.5980875988374551,0.03074378877599859,191,6.019412914911906,1.525608465249868,0.05506316820780436,0.007921104382229168,13,18,"OrderedDict([('max_depth', 13), ('min_child_weight', 18)])",BO for 1 group,2.0
0.623605827536127,0.5958449247005708,0.5781437203791815,0.5991981575386265,0.018710672972701268,182,9.920576095581055,2.79467948958845,0.148024320602417,0.05749294343688229,15,14,"OrderedDict([('max_depth', 15), ('min_child_weight', 14)])",BO for 1 group,2.0
0.65492222069309,0.6216449884174238,0.5757271802036626,0.6174314631047255,0.032468230176600554,134,0.3173917929331462,0.05031229657765918,0.10175331433614095,0.07299847096332136,1,8,"OrderedDict([('max_depth', 1), ('min_child_weight', 8)])",BO for 1 group,2.0
0.65810689514473,0.5672736819574853,0.5807501314226814,0.6020435695082988,0.04002271049965989,156,0.7478453318277994,0.04515041398259092,0.062296390533447266,0.02090081784104209,6,7,"OrderedDict([('max_depth', 6), ('min_child_weight', 7)])",BO for 1 group,2.0
0.6339916293776253,0.5912974224965273,0.5609130688525521,0.5954007069089016,0.029974952981123234,219,5.660923401514689,0.9213894850809895,0.09628844261169434,0.05395033854302302,11,3,"OrderedDict([('max_depth', 11), ('min_child_weight', 3)])",BO for 1 group,2.0
0.6527252956349479,0.591421470819655,0.5568009659292084,0.6003159107946038,0.039662766370361584,166,2.2783826986948648,0.4043016533817443,0.15673208236694336,0.01688130574084442,9,18,"OrderedDict([('max_depth', 9), ('min_child_weight', 18)])",BO for 1 group,2.0
0.7135581362613833,0.6799641438745698,0.6079698478953957,0.6671640426771163,0.044046215145863404,32,0.33696405092875165,0.034504182514409204,0.11278955141703288,0.06799309757415431,3,7,"OrderedDict([('max_depth', 3), ('min_child_weight', 7)])",BO for 1 group,2.0
0.7097616104380415,0.6799641438745698,0.6079728297384008,0.665899528017004,0.04272859334212906,45,0.3512471516927083,0.06191594320775038,0.1083059310913086,0.03261663872062027,3,15,"OrderedDict([('max_depth', 3), ('min_child_weight', 15)])",BO for 1 group,2.0
0.7083709538797711,0.6799641438745698,0.6079728297384008,0.665435975830914,0.04225515024076969,74,0.29112672805786133,0.03840881046551624,0.1099542776743571,0.036947596905154256,3,9,"OrderedDict([('max_depth', 3), ('min_child_weight', 9)])",BO for 1 group,2.0
0.7135448341295731,0.6799641438745698,0.6068511365441285,0.6667867048494238,0.0445430125501158,35,0.32469956080118817,0.04642844172988311,0.10340921084086101,0.06539865319510546,3,5,"OrderedDict([('max_depth', 3), ('min_child_weight', 5)])",BO for 1 group,2.0
0.6489256750161012,0.6042549561344008,0.5698898153245353,0.6076901488250125,0.03235755646844022,145,1.0607766310373943,0.21230548153883852,0.0956273873647054,0.029251267143144473,7,18,"OrderedDict([('max_depth', 7), ('min_child_weight', 18)])",BO for 1 group,2.0
0.708361310305625,0.6799641438745698,0.6079728297384008,0.6654327613061986,0.04225188411704468,77,0.31666366259257,0.05421514831585423,0.06247774759928385,0.01815464916647119,3,13,"OrderedDict([('max_depth', 3), ('min_child_weight', 13)])",BO for 1 group,2.0
0.7157888292536156,0.6928539639646607,0.5780624761443056,0.6622350897875273,0.06025099543910143,79,0.37370093663533527,0.1341772607371391,0.0518341064453125,0.004541909855144007,2,7,"OrderedDict([('max_depth', 2), ('min_child_weight', 7)])",BO for 1 group,2.0
0.6370963855599251,0.5903292275083853,0.5673997572377127,0.5982751234353411,0.029002964749977565,187,4.923629363377889,1.4151916274436855,0.06999532381693523,0.017928031818767905,12,14,"OrderedDict([('max_depth', 12), ('min_child_weight', 14)])",BO for 1 group,2.0
0.6696641425489388,0.6210002870051342,0.5916399736497548,0.6274348010679426,0.03217654385335644,126,0.4561146100362142,0.011096236980809667,0.13048132260640463,0.06188391635073748,5,18,"OrderedDict([('max_depth', 5), ('min_child_weight', 18)])",BO for 1 group,2.0
0.6227696582347622,0.5960544667488245,0.5720973679391115,0.5969738309742327,0.02069708794147772,203,11.33865483601888,3.1224820772856807,0.10969185829162598,0.054896813721536715,17,14,"OrderedDict([('max_depth', 17), ('min_child_weight', 14)])",BO for 1 group,2.0
0.6305605498219427,0.5908914857143344,0.5770692842827623,0.5995071066063464,0.022671576401034732,176,15.828571637471518,5.4699459026196084,0.2167502244313558,0.14325730894181718,20,13,"OrderedDict([('max_depth', 20), ('min_child_weight', 13)])",BO for 1 group,2.0
0.7157888292536156,0.6928539639646607,0.5780624761443056,0.6622350897875273,0.06025099543910143,79,0.36418811480204266,0.12126479595265811,0.048744916915893555,0.004452958224582765,2,15,"OrderedDict([('max_depth', 2), ('min_child_weight', 15)])",BO for 1 group,2.0
0.6279701997890828,0.5867641962401065,0.5752102716029674,0.5966482225440523,0.022644690143369593,210,37.83152707417806,10.42127348020939,0.10790443420410156,0.037099380839210105,18,3,"OrderedDict([('max_depth', 18), ('min_child_weight', 3)])",BO for 1 group,2.0
0.6301095581689993,0.594378693470903,0.5703720038017598,0.5982867518138874,0.024543818508317602,186,14.35295303662618,4.854225336042147,0.12312483787536621,0.0739001959096892,19,14,"OrderedDict([('max_depth', 19), ('min_child_weight', 14)])",BO for 1 group,2.0
0.6249259863425033,0.599509110521304,0.5672062249804166,0.5972137739480746,0.02361982416548102,200,3.9780847231547036,0.660629113305289,0.10914929707845052,0.029032596157154377,11,13,"OrderedDict([('max_depth', 11), ('min_child_weight', 13)])",BO for 1 group,2.0
0.6343664656220138,0.589733355816186,0.5700917341233883,0.5980638518538628,0.0268930988728882,192,7.285071690877278,2.029930406753827,0.10597856839497884,0.07186762995369471,14,14,"OrderedDict([('max_depth', 14), ('min_child_weight', 14)])",BO for 1 group,2.0
0.6829869149576365,0.609168001165866,0.5740137933720166,0.6220562364985064,0.04541193135818467,131,0.4581135908762614,0.15971448996664864,0.0495309034983317,0.00784796757030833,4,18,"OrderedDict([('max_depth', 4), ('min_child_weight', 18)])",BO for 1 group,2.0
0.6391920338100889,0.5884603544597574,0.5699592612903708,0.5992038831867391,0.02926729408768281,59,0.8680357138315836,0.06174957788311966,0.16154885292053223,0.0721036926973491,7,17,"OrderedDict([('max_depth', 7), ('min_child_weight', 17)])",,
0.6601060450490243,0.6430339740531839,0.5916399736497548,0.6315933309173211,0.029098304300355017,38,0.46740150451660156,0.022899165435426104,0.10431138674418132,0.031036198640105043,5,17,"OrderedDict([('max_depth', 5), ('min_child_weight', 17)])",,
0.6334189799946363,0.5778382396519335,0.5596435723466888,0.5903002639977528,0.03138130262329307,80,2.3023905754089355,0.45624589258403436,0.1591784954071045,0.08001041636879475,9,7,"OrderedDict([('max_depth', 9), ('min_child_weight', 7)])",,
0.617295442733159,0.5990154462489412,0.569866487447455,0.5953924588098517,0.01953152969536138,71,9.111812988917032,1.0420229760552795,0.10680198669433594,0.05024529694507621,12,2,"OrderedDict([('max_depth', 12), ('min_child_weight', 2)])",,
0.7157888292536156,0.6928539639646607,0.5780624761443056,0.6622350897875273,0.06025099543910143,25,0.2842160065968831,0.0915378541976315,0.08933464686075847,0.031395963131113945,2,17,"OrderedDict([('max_depth', 2), ('min_child_weight', 17)])",,
0.6346962086365925,0.5912241676163414,0.5591771355486401,0.5950325039338581,0.030947915052513198,73,6.0971144040425616,0.32754991125030364,0.12496622403462727,0.04214458143065688,11,2,"OrderedDict([('max_depth', 11), ('min_child_weight', 2)])",,
0.6287096715059299,0.5870003182571997,0.5783700663719649,0.5980266853783648,0.021980363057039716,64,105.56739298502605,23.82641082887899,0.0778946081797282,0.006916229505616162,15,1,"OrderedDict([('max_depth', 15), ('min_child_weight', 1)])",,
0.6235637035471455,0.5904509499753026,0.5703433748707902,0.5947860094644127,0.021942278849828013,75,70.14415113131206,14.388463632234128,0.06450772285461426,0.0052478282087997,14,1,"OrderedDict([('max_depth', 14), ('min_child_weight', 1)])",,
0.7157888292536156,0.6928539639646607,0.5780624761443056,0.6622350897875273,0.06025099543910143,25,0.4205005168914795,0.0300982880358064,0.05121596654256185,0.004141824063405239,2,10,"OrderedDict([('max_depth', 2), ('min_child_weight', 10)])",,
0.65492222069309,0.6216449884174238,0.5757271802036626,0.6174314631047255,0.032468230176600554,44,0.3540160655975342,0.016918228881853365,0.05315915743509928,0.006536642480403815,1,10,"OrderedDict([('max_depth', 1), ('min_child_weight', 10)])",,
0.6313700379883613,0.5881385692479377,0.5682759639779174,0.5959281904047388,0.02634038967231006,70,31.925695657730103,15.831089879922775,0.06963443756103516,0.007523457087961587,16,11,"OrderedDict([('max_depth', 16), ('min_child_weight', 11)])",,
0.6852951632133861,0.6115527600670122,0.5736545546034465,0.6235008259612816,0.04635352256776022,42,0.6516508261362711,0.05345438690471382,0.04565652211507162,0.004178010070908037,4,12,"OrderedDict([('max_depth', 4), ('min_child_weight', 12)])",,
0.6310644455974926,0.5901182229485924,0.5765532068590633,0.599245291801716,0.023171049847985674,58,38.339911460876465,8.443760527541835,0.07183369000752766,0.00618890579386157,18,11,"OrderedDict([('max_depth', 18), ('min_child_weight', 11)])",,
0.6443687893787899,0.5760110764395585,0.5509014763837554,0.5904271140673679,0.03949600195203518,67,3.650384028752645,0.2483386228266675,0.05893333752950033,0.008288265067778798,8,6,"OrderedDict([('max_depth', 8), ('min_child_weight', 6)])",,
0.6386048261705497,0.5818332192976987,0.5512916069693183,0.5905765508125222,0.036177653750201,67,4.830005645751953,3.0960331863691652,0.07569535573323567,0.024798486495647823,10,7,"OrderedDict([('max_depth', 10), ('min_child_weight', 7)])",,
0.6305427476650421,0.5910799694843515,0.570469043182011,0.5973639201104682,0.024924265541599475,55,10.580152750015259,2.359966071342847,0.12769492467244467,0.09556041212838205,13,11,"OrderedDict([('max_depth', 13), ('min_child_weight', 11)])",,
0.6573207890433888,0.5846730473037751,0.5518009624589922,0.597931599602052,0.04408665979170938,53,1.389017899831136,0.06677045886370227,0.05309375127156576,0.007189313031138987,8,15,"OrderedDict([('max_depth', 8), ('min_child_weight', 15)])",,
0.6316850201459556,0.599067911632449,0.5643927322061942,0.5983818879948662,0.0274762439859773,50,7.1874330043792725,0.7099916467590031,0.12329872449239095,0.07898218137243784,12,12,"OrderedDict([('max_depth', 12), ('min_child_weight', 12)])",,
0.7157888292536156,0.6928539639646607,0.5780624761443056,0.6622350897875273,0.06025099543910143,18,0.4091304937998454,0.01136479152701779,0.049092372258504234,0.0033390037776058787,2,12,"OrderedDict([('max_depth', 2), ('min_child_weight', 12)])",,
0.6362643972128701,0.5931324283755786,0.5698986592662834,0.599765161618244,0.027496638049041865,40,10.03393809000651,1.7331506020771863,0.06218536694844564,0.0031122371467998487,11,15,"OrderedDict([('max_depth', 11), ('min_child_weight', 15)])",,
0.6524656106625282,0.6122357253001153,0.5601337726397183,0.6082783695341206,0.037798038544009024,30,1.355916420618693,0.07483944764870565,0.062314351399739586,0.0032914795594487928,6,8,"OrderedDict([('max_depth', 6), ('min_child_weight', 8)])",,
0.6868914425463906,0.5988127984410292,0.5714942180182803,0.6190661530019,0.04923940586849815,25,0.6385637919108073,0.016703439637527774,0.0477600892384847,0.004211499086646549,4,15,"OrderedDict([('max_depth', 4), ('min_child_weight', 15)])",,
0.629179908709994,0.5946570799516331,0.5685380265732971,0.5974583384116414,0.024836059188071476,49,33.98833783467611,2.9115734082279414,0.07888364791870117,0.017656620998690253,14,3,"OrderedDict([('max_depth', 14), ('min_child_weight', 3)])",,
0.6379528941188755,0.586344889335829,0.5754746814294383,0.5999241549613809,0.02725410191039886,39,21.034755150477093,7.419924755717461,0.10887010892232259,0.030201644964472123,15,18,"OrderedDict([('max_depth', 15), ('min_child_weight', 18)])",,
0.646948039320484,0.5823264068246788,0.554858696868361,0.5947110476711747,0.03860178100371892,55,2.319925308227539,0.09591787117739588,0.08251706759134929,0.04193089550414024,7,2,"OrderedDict([('max_depth', 7), ('min_child_weight', 2)])",,
0.65492222069309,0.6216449884174238,0.5757271802036626,0.6174314631047255,0.032468230176600554,26,0.33838629722595215,0.025971382810024556,0.05721672375996908,0.017081911716718814,1,14,"OrderedDict([('max_depth', 1), ('min_child_weight', 14)])",,
0.65492222069309,0.6216449884174238,0.5757271802036626,0.6174314631047255,0.032468230176600554,26,0.4580567677815755,0.07020260651355874,0.17725427945454916,0.025845945695728578,1,9,"OrderedDict([('max_depth', 1), ('min_child_weight', 9)])",,
0.635189954085644,0.5935743850043677,0.5675466808392648,0.5987703399764255,0.027858590116572896,44,53.081759532292686,22.066703442194264,0.07681679725646973,0.016730498874861728,20,10,"OrderedDict([('max_depth', 20), ('min_child_weight', 10)])",,
0.6270431580481443,0.5922755921903617,0.5795510530811042,0.5996232677732034,0.02007263910406573,30,67.84417541821797,20.54434537151546,0.060741265614827476,0.007495129248606388,16,3,"OrderedDict([('max_depth', 16), ('min_child_weight', 3)])",,
0.6702061354061057,0.5981749016055975,0.602943365727732,0.6237748009131451,0.03288957463613579,16,0.9934094746907552,0.11690903012783682,0.1158141295115153,0.04942843616780777,5,5,"OrderedDict([('max_depth', 5), ('min_child_weight', 5)])",,
0.6492766082541839,0.5832507044590358,0.5569471996021714,0.5964915041051304,0.038838717855241574,42,3.6165921688079834,0.3943635469261314,0.157485564549764,0.06348660427683289,8,13,"OrderedDict([('max_depth', 8), ('min_child_weight', 13)])",,
0.6403098825560891,0.5857460523346383,0.5622291552429223,0.5960950300445499,0.032705514307411684,44,5.1448179086049395,0.9076016941693903,0.19872244199117026,0.09588848309627189,9,16,"OrderedDict([('max_depth', 9), ('min_child_weight', 16)])",,
0.6257262733447413,0.5899142223994029,0.577310797924361,0.5976504312228351,0.020508555292286738,37,40.25084352493286,11.358587471887441,0.11500771840413411,0.05864638427903253,17,10,"OrderedDict([('max_depth', 17), ('min_child_weight', 10)])",,
0.6337280455720493,0.5999233294481499,0.5613789914489028,0.5983434554897006,0.029557496617293056,32,22.330713192621868,3.402310357089393,0.1220103104909261,0.04437537781974416,12,4,"OrderedDict([('max_depth', 12), ('min_child_weight', 4)])",,
0.6415674215689473,0.5981697828825157,0.5808546643021352,0.6068639562511994,0.025536917220085633,20,25.421764214833576,8.372631199910066,0.13172173500061035,0.10865197264475127,16,19,"OrderedDict([('max_depth', 16), ('min_child_weight', 19)])",,
0.6266808738600295,0.5896622708098066,0.5768914874458364,0.5977448773718909,0.0211146417840566,34,64.17097115516663,26.677830816044942,0.22767464319864908,0.014041582289476351,19,7,"OrderedDict([('max_depth', 19), ('min_child_weight', 7)])",,
0.6208760871983208,0.5922989809033226,0.5663128663283195,0.5931626448099876,0.022283711606386307,42,31.169822692871094,6.024398475028129,0.17140801747639975,0.08663042760256488,13,4,"OrderedDict([('max_depth', 13), ('min_child_weight', 4)])",,
0.6380769926076912,0.5924970910896687,0.5557899692973377,0.5954546843315659,0.03365857067333721,39,8.125643968582153,0.9137081790580338,0.11073621114095052,0.05391823442989821,10,10,"OrderedDict([('max_depth', 10), ('min_child_weight', 10)])",,
0.6340968457820704,0.5829607176871408,0.5496875761921236,0.5889150465537782,0.03471619912342683,48,7.4612672328948975,0.9602654742071275,0.14478000005086264,0.0627609956383382,10,13,"OrderedDict([('max_depth', 10), ('min_child_weight', 13)])",,
0.6621525668431913,0.5958696372674014,0.5261901761724413,0.5947374600943447,0.05551218657850307,41,2.2052311102549234,0.24361420125302247,0.0942397912343343,0.05492038182650063,7,7,"OrderedDict([('max_depth', 7), ('min_child_weight', 7)])",,
0.6497164067168936,0.607473184118601,0.5363526111892749,0.5978474006749231,0.046778408938920886,33,2.443861802419027,0.0807620118177382,0.09696483612060547,0.04063539054348478,7,4,"OrderedDict([('max_depth', 7), ('min_child_weight', 4)])",,
0.6662493926838327,0.56627631787545,0.577731137144789,0.6034189492346905,0.044673270823727775,24,1.6240580876668294,0.1473691796714125,0.08226513862609863,0.04503837924902545,6,9,"OrderedDict([('max_depth', 6), ('min_child_weight', 9)])",,
0.6521384042305289,0.5965136285952211,0.5600287685067804,0.6028936004441768,0.03787324718835635,25,5.073943614959717,0.6877630447096027,0.09693431854248047,0.048652611806056234,9,17,"OrderedDict([('max_depth', 9), ('min_child_weight', 17)])",,
0.6300589837734248,0.5982711498784838,0.5758369123069103,0.6013890153196063,0.022245584913440888,28,20.124387820561726,7.268871956963469,0.12131222089131673,0.05006609193102262,16,15,"OrderedDict([('max_depth', 16), ('min_child_weight', 15)])",,
0.6850462820837642,0.6293332131830531,0.5766783452175033,0.6303526134947736,0.04424689682459196,18,0.4794248739878337,0.162077922712716,0.0941325028737386,0.027259145278586683,4,14,"OrderedDict([('max_depth', 4), ('min_child_weight', 14)])",,
0.6468060709139379,0.5799099640123047,0.568351606967795,0.5983558806313458,0.03458289180318911,29,4.750706195831299,0.24980857783566046,0.11146799723307292,0.035032949507404584,9,14,"OrderedDict([('max_depth', 9), ('min_child_weight', 14)])",,
0.6697556766896782,0.5959895505840966,0.6010982546343682,0.6222811606360477,0.03363427785422813,20,0.8840726216634115,0.09610753758565069,0.05835866928100586,0.008392438379906365,5,8,"OrderedDict([('max_depth', 5), ('min_child_weight', 8)])",,
0.6701378285411196,0.604384155966982,0.5844605026401652,0.6196608290494223,0.036607682242350906,21,1.4939106305440266,0.15455228122204526,0.15906405448913574,0.0561863014943297,6,16,"OrderedDict([('max_depth', 6), ('min_child_weight', 16)])",,
0.6623684319378625,0.5938750961930267,0.577012247241096,0.6110852584573284,0.03691035835073787,24,1.4800461928049724,0.13855983944031716,0.10683067639668782,0.03742669370801443,6,19,"OrderedDict([('max_depth', 6), ('min_child_weight', 19)])",,
0.6673697770252605,0.5953821172232594,0.5793764058788498,0.6140427667091232,0.038269859514185114,23,0.8298566341400146,0.16505220887959163,0.06711872418721516,0.012972376931746335,6,12,"OrderedDict([('max_depth', 6), ('min_child_weight', 12)])",,
0.6279486085831627,0.5923764284340507,0.5554020442587692,0.5919090270919942,0.02961885488253791,37,1.9957988262176514,0.218429946214746,0.1000979741414388,0.018987092208563185,8,3,"OrderedDict([('max_depth', 8), ('min_child_weight', 3)])",,
0.6662059592502945,0.629410308892958,0.5802741744365709,0.6252968141932744,0.035201880056811984,19,0.7064839204152426,0.26071616386892804,0.1106710433959961,0.04812526318099788,5,15,"OrderedDict([('max_depth', 5), ('min_child_weight', 15)])",,
0.6338704994896831,0.5892708440786032,0.5636491551545639,0.5955968329076168,0.029014627357667334,24,5.862831989924113,1.0125139764972027,0.13610307375590006,0.11459103150862415,10,19,"OrderedDict([('max_depth', 10), ('min_child_weight', 19)])",,
0.6255938381228987,0.5841455134363642,0.5591732024587981,0.5896375180060204,0.027392782457557944,29,7.539393583933513,1.0255752431205691,0.06473851203918457,0.02351369215433498,10,9,"OrderedDict([('max_depth', 10), ('min_child_weight', 9)])",,
0.6601396946742603,0.5746739204329154,0.558761848416018,0.5978584878410645,0.04451599002918098,20,3.6815950870513916,0.2900244144180047,0.2965554396311442,0.06785932535350413,8,8,"OrderedDict([('max_depth', 8), ('min_child_weight', 8)])",,
0.6280967578868073,0.5929670058621623,0.5630862348681679,0.5947166662057125,0.026569255531881268,26,15.91757067044576,2.4667046778552684,0.18628152211507162,0.018983709849573004,12,9,"OrderedDict([('max_depth', 12), ('min_child_weight', 9)])",,
0.6289833326187753,0.5885563773965394,0.5781859599131286,0.5985752233094811,0.021914625611214458,19,29.272292693456013,14.326780685127744,0.1271063486735026,0.06601558393749425,15,10,"OrderedDict([('max_depth', 15), ('min_child_weight', 10)])",,
0.6270274910523043,0.5947682999446017,0.5763830861211321,0.599392959039346,0.02093250329854005,17,44.86236055692037,25.498354688910027,0.06673415501912434,0.013695453761443042,19,9,"OrderedDict([('max_depth', 19), ('min_child_weight', 9)])",,
0.6493200270332826,0.5970446021425864,0.5492499924343686,0.5985382072034126,0.04086706985838564,15,2.6205457051595054,0.41805367171401925,0.1869359811147054,0.09933611098305745,7,3,"OrderedDict([('max_depth', 7), ('min_child_weight', 3)])",,
0.6314224233029252,0.5920714729034506,0.5637176940217865,0.5957371967427207,0.02776161306801671,20,20.170306364695232,6.30641290076185,0.061613003412882485,0.019963867674636832,14,13,"OrderedDict([('max_depth', 14), ('min_child_weight', 13)])",,
0.6299941089966759,0.5874595158591631,0.5719027195241289,0.5964521147933226,0.024553377356360716,19,45.640981674194336,11.904693063604219,0.11627538998921712,0.03503428403783857,19,12,"OrderedDict([('max_depth', 19), ('min_child_weight', 12)])",,
0.6349576072260341,0.5912602447860325,0.5686105455429978,0.5982761325183548,0.027536644179439254,16,37.43175427118937,13.105427651265176,0.24361157417297363,0.12217909616900868,18,15,"OrderedDict([('max_depth', 18), ('min_child_weight', 15)])",,
0.6506251199590136,0.5807959611620289,0.5507354438001457,0.5940521749737294,0.04184321732568704,22,2.1977591514587402,0.2090243702437585,0.0681930383046468,0.027936668374164673,7,19,"OrderedDict([('max_depth', 7), ('min_child_weight', 19)])",,
0.6283998996875908,0.5932033719819757,0.5779142807877686,0.599839184152445,0.0211380372992359,11,65.75634980201721,25.513801017896483,0.14214841524759927,0.06809981090568548,16,4,"OrderedDict([('max_depth', 16), ('min_child_weight', 4)])",,
0.6505434149751996,0.5949550707622924,0.5607154948249762,0.6020713268541561,0.03701571409732602,10,2.291006644566854,0.12281461472689996,0.0856332778930664,0.04746681370181377,7,6,"OrderedDict([('max_depth', 7), ('min_child_weight', 6)])",,
0.6319630888397814,0.5914503581820714,0.5769512031084016,0.6001215500434182,0.023280450584883584,9,52.53695694605509,16.696154687095266,0.14768060048421225,0.06049418116478289,20,12,"OrderedDict([('max_depth', 20), ('min_child_weight', 12)])",,
0.6400173027080731,0.6021941988168792,0.5649792142316425,0.6023969052521984,0.030634506665668648,6,32.35520029067993,11.352205509888945,0.1511697769165039,0.07355920947172923,18,17,"OrderedDict([('max_depth', 18), ('min_child_weight', 17)])",,
0.6430275614349534,0.586154097750734,0.5484550913733105,0.5925455835196659,0.03887266684223361,14,6.334813356399536,0.5594438032944975,0.155774195988973,0.059391269552150724,9,2,"OrderedDict([('max_depth', 9), ('min_child_weight', 2)])",,
0.6596430513967015,0.5648125346136198,0.5519214551186384,0.59212568037632,0.048031181016532594,15,6.7727870146433515,0.6442225726534513,0.10878539085388184,0.0654853818289159,9,4,"OrderedDict([('max_depth', 9), ('min_child_weight', 4)])",,
0.6441255094479201,0.583758499011491,0.5512768016176173,0.5930536033590095,0.03847094020220698,13,4.340508619944255,1.2283177353625683,0.14577134450276694,0.07243041604542508,9,9,"OrderedDict([('max_depth', 9), ('min_child_weight', 9)])",,
0.6355026041558297,0.5834173081544367,0.5754460644589046,0.5981219922563904,0.026631657740313154,11,17.622610489527386,5.31364585263934,0.09199770291646321,0.05530005979879242,13,10,"OrderedDict([('max_depth', 13), ('min_child_weight', 10)])",,
0.6332226005450939,0.5902838853371299,0.5718443509142294,0.598450278932151,0.02571432635968756,10,37.39329306284586,11.904612212038533,0.19488080342610678,0.03249957334519618,17,12,"OrderedDict([('max_depth', 17), ('min_child_weight', 12)])",,
0.6687772828270542,0.6077881528607785,0.5953734102910452,0.6239796153262925,0.03207963755405994,4,0.643120527267456,0.11125752525166756,0.1475675106048584,0.06945175193388428,5,4,"OrderedDict([('max_depth', 5), ('min_child_weight', 4)])",,
0.633876797196492,0.5926281729354601,0.5733174440725403,0.5999408047348308,0.025258196696950314,7,8.144607861836752,2.225120292077062,0.13302850723266602,0.05993737145128611,14,18,"OrderedDict([('max_depth', 14), ('min_child_weight', 18)])",,
0.6271040252150711,0.5856070005952804,0.5578231883264759,0.5901780713789425,0.028467872020671196,9,6.3647567431132,1.263966439125541,0.1784369945526123,0.07370190167515678,11,7,"OrderedDict([('max_depth', 11), ('min_child_weight', 7)])",,
0.6891991635218191,0.5988127984410292,0.5740137933720166,0.6206752517782883,0.04950011800376254,2,0.7224195003509521,0.21790598831991556,0.2364663283030192,0.07572180184725319,4,17,"OrderedDict([('max_depth', 4), ('min_child_weight', 17)])",,
0.6268527281836083,0.5793276931563153,0.5708816981687417,0.5923540398362218,0.024636738570680803,5,7.144161701202393,1.284836703641839,0.20175981521606445,0.10869111008023867,13,19,"OrderedDict([('max_depth', 13), ('min_child_weight', 19)])",,
0.6400775193201109,0.5942059564198596,0.5518056295506928,0.5953630350968878,0.036046134828991036,5,2.5560359160105386,0.7851193902028404,0.13655742009480795,0.1102777704176517,9,11,"OrderedDict([('max_depth', 9), ('min_child_weight', 11)])",,
0.6948871433183338,0.6294534178337274,0.5860691141503231,0.6368032251007948,0.044727736496494586,2,0.6854190031687418,0.097444534908692,0.2669137318929036,0.05192290512653284,4,4,"OrderedDict([('max_depth', 4), ('min_child_weight', 4)])",,
0.6601201977779487,0.5884088170552124,0.5421589021578554,0.5968959723303389,0.048529995326538955,2,1.1114543279012044,0.2444804983831218,0.16489108403523764,0.061367054725464394,7,8,"OrderedDict([('max_depth', 7), ('min_child_weight', 8)])",,
0.6371498838990677,0.5882258752373941,0.5462541871614841,0.5905433154326486,0.0371441769159638,3,3.443510135014852,0.8012480771454766,0.12780404090881348,0.013006813004223598,9,6,"OrderedDict([('max_depth', 9), ('min_child_weight', 6)])",,
0.6305811032779041,0.5870629051638367,0.5761917652200094,0.5979452578872501,0.02349991807349654,1,31.95628563563029,11.228791885143295,0.21178929011027017,0.10918524506707236,20,7,"OrderedDict([('max_depth', 20), ('min_child_weight', 7)])",,
