mean_fit_time,std_fit_time,mean_score_time,std_score_time,param_alpha,param_lambda,params,split0_test_score,split1_test_score,split2_test_score,mean_test_score,std_test_score,rank_test_score,iter_num,experiment_name,run_number,param_colsample_bytree,param_subsample
3.6086583137512207,0.9173690645636574,1.0067300001780193,0.37128755200880925,0.9243019463975145,0.8407472281504593,"{'alpha': 0.9243019463975145, 'lambda': 0.8407472281504593}",0.9263903909431879,0.9257115902344739,0.9266311538594291,0.926244378345697,0.000389349092764407,138,166,random search for 2 group,8,,
2.524177630742391,0.20462750911597202,0.405440092086792,0.02754378173877134,0.0640589658034949,0.3448964199351042,"{'alpha': 0.0640589658034949, 'lambda': 0.3448964199351042}",0.9264364113302193,0.92637888584643,0.9265045963390361,0.9264399645052285,5.138255720445198e-05,51,167,random search for 2 group,8,,
3.091923236846924,0.3055822300114718,0.6526368459065756,0.20346302421927429,0.9997368676930598,0.6838700633802132,"{'alpha': 0.9997368676930598, 'lambda': 0.6838700633802132}",0.9258151361052946,0.926631997975103,0.9270453421079881,0.9264974920627953,0.0005111559335467226,33,168,random search for 2 group,8,,
2.612289031346639,0.30394076068488063,0.3771337668100993,0.01751576382529904,0.37953054740978975,0.8419246364212141,"{'alpha': 0.37953054740978975, 'lambda': 0.8419246364212141}",0.9261372788145148,0.9265399572010401,0.9258603035079443,0.9261791798411664,0.0002790448681490936,176,169,random search for 2 group,8,,
2.660012642542521,0.08563119598235375,0.5536553859710693,0.1345316023342365,0.23456619294331715,0.8159372885558566,"{'alpha': 0.23456619294331715, 'lambda': 0.8159372885558566}",0.9261027635242413,0.9264594215237351,0.9262975022147566,0.9262865624209109,0.0001458103596405712,117,170,random search for 2 group,8,,
2.9867096741994223,0.537624040142628,0.4927738507588704,0.07769030442107773,0.15481944425392402,0.6749105804611897,"{'alpha': 0.15481944425392402, 'lambda': 0.6749105804611897}",0.9257115902344739,0.9264364113302193,0.9260443871739705,0.9260641295795545,0.0002962360850662337,226,171,random search for 2 group,8,,
2.6401375929514566,0.14826132096081088,0.43487946192423504,0.03862688037914256,0.7443279041031982,0.4581447833478871,"{'alpha': 0.7443279041031982, 'lambda': 0.4581447833478871}",0.9259071768793575,0.9259877125566626,0.9262169656108702,0.9260372850156301,0.0001312385513968651,236,172,random search for 2 group,8,,
3.779130458831787,0.43203299528344336,0.6886797746022543,0.23877278278130934,0.8800965825057621,0.4760706459230488,"{'alpha': 0.8800965825057621, 'lambda': 0.4760706459230488}",0.9262523297820935,0.9261948042983041,0.9262399760691234,0.926229036716507,2.4725794871609676e-05,147,173,random search for 2 group,8,,
2.44646684328715,0.0587971313807797,0.5045875708262125,0.12475652870774229,0.5845000011114264,0.10733273726289194,"{'alpha': 0.5845000011114264, 'lambda': 0.10733273726289194}",0.926286845072367,0.9270346763616282,0.9260904080904772,0.9264706431748242,0.00040681441208963523,40,174,random search for 2 group,8,,
3.2378116448720298,0.6434965297256885,0.7992826302846273,0.24749144343942858,0.32549617434990263,0.03036368185653826,"{'alpha': 0.32549617434990263, 'lambda': 0.03036368185653826}",0.9261372788145148,0.9258841666858418,0.9260558924030972,0.9260257793011513,0.0001055036700844802,241,175,random search for 2 group,8,,
2.517151196797689,0.06240172158907501,0.5026490688323975,0.07322639080648903,0.630680518604349,0.920281520925843,"{'alpha': 0.630680518604349, 'lambda': 0.920281520925843}",0.9263558756529142,0.9259877125566626,0.9260904080904772,0.9261446654333514,0.0001551212661161655,192,176,random search for 2 group,8,,
3.082237958908081,0.6795858092343546,0.6757014592488607,0.08086210672682863,0.03181538026097264,0.5999965436828548,"{'alpha': 0.03181538026097264, 'lambda': 0.5999965436828548}",0.9261948042983041,0.9261372788145148,0.9260098714865906,0.9261139848664698,7.727436928980377e-05,201,177,random search for 2 group,8,,
2.63702122370402,0.19863952260958573,0.486120065053304,0.12558291496373944,0.43039271868732154,0.9466872298078678,"{'alpha': 0.43039271868732154, 'lambda': 0.9466872298078678}",0.9265744724913136,0.9267240387491659,0.9262169656108702,0.9265051589504498,0.00021273468155672017,32,178,random search for 2 group,8,,
2.7453535397847495,0.19635624629157375,0.6106673876444498,0.12903963096472415,0.5716139672751922,0.11724756148056059,"{'alpha': 0.5716139672751922, 'lambda': 0.11724756148056059}",0.9262753399756092,0.9269311304908074,0.9261479342361103,0.9264514682341757,0.0003431374515090098,46,179,random search for 2 group,8,,
3.3260563214619956,1.1012953381019677,0.4711151917775472,0.07721635647905152,0.40330563843099254,0.949331748268966,"{'alpha': 0.40330563843099254, 'lambda': 0.949331748268966}",0.9259992176534204,0.9268620999102603,0.926412554506023,0.9264246240232344,0.00035237357281398804,56,180,random search for 2 group,8,,
3.23572047551473,0.5888107162602341,0.5621316432952881,0.20747749609928645,0.31019578824435234,0.9925624141440949,"{'alpha': 0.31019578824435234, 'lambda': 0.9925624141440949}",0.92637888584643,0.9255965392668952,0.9259753557992108,0.925983593637512,0.00031944476738278015,255,181,random search for 2 group,8,,
2.9743587970733643,0.45847101182633115,0.5467871824900309,0.151804556769943,0.420401028526599,0.14355541044119224,"{'alpha': 0.420401028526599, 'lambda': 0.14355541044119224}",0.9262178144918198,0.9267700591361974,0.9258372930496911,0.9262750555592362,0.0003829452074673113,125,182,random search for 2 group,8,,
3.1603511969248452,0.8674321290081474,0.6510659058888754,0.05786966480608841,0.38282942459779856,0.9634758258300034,"{'alpha': 0.38282942459779856, 'lambda': 0.9634758258300034}",0.9263213603626407,0.9264824317172508,0.9261709446943636,0.9263249122580849,0.00012718884470926673,99,183,random search for 2 group,8,,
2.5562504132588706,0.07352088488993243,0.6359361012776693,0.02323264166388177,0.09620596248424473,0.9467434174449295,"{'alpha': 0.09620596248424473, 'lambda': 0.9467434174449295}",0.9262523297820935,0.9264479164269771,0.9267692166089487,0.9264898209393397,0.00021308838394961212,34,184,random search for 2 group,8,,
2.553456465403239,0.19727783340346094,0.5245365301767985,0.16467523252142505,0.49493200527658343,0.10838296309780093,"{'alpha': 0.49493200527658343, 'lambda': 0.10838296309780093}",0.9262983501691249,0.9262983501691249,0.9260789028613505,0.9262252010665334,0.00010344845296024728,149,185,random search for 2 group,8,,
3.2781741619110107,0.5852544915031566,0.8013970851898193,0.10197931710099842,0.3542382963967272,0.6681808211497945,"{'alpha': 0.3542382963967272, 'lambda': 0.6681808211497945}",0.9264939368140086,0.9262293195885778,0.9262284708399968,0.9263172424141944,0.00012494228877849337,102,186,random search for 2 group,8,,
2.4295233885447183,0.10232524610566013,0.40416351954142254,0.02475669279356286,0.3052495979944335,0.9081072582881403,"{'alpha': 0.3052495979944335, 'lambda': 0.9081072582881403}",0.9259186819761154,0.92637888584643,0.9264470701934029,0.9262482126719828,0.00023467017411985105,133,187,random search for 2 group,8,,
3.269399325052897,0.2988530557328297,0.8273569742838541,0.3161642378176216,0.8329022637896907,0.4536829923254043,"{'alpha': 0.8329022637896907, 'lambda': 0.4536829923254043}",0.9257230953312318,0.9268160795232288,0.9255496623215251,0.9260296123919952,0.0005606054248738629,238,188,random search for 2 group,8,,
2.6353679498036704,0.31392632095017947,0.40119043986002606,0.04058604257703885,0.3885648552192381,0.7829510943500732,"{'alpha': 0.3885648552192381, 'lambda': 0.7829510943500732}",0.9262293195885778,0.9268160795232288,0.9261824499234902,0.9264092830117656,0.0002882842840904466,58,189,random search for 2 group,8,,
3.2301979859670005,0.6217858293420662,0.6638266245524088,0.19401042434838492,0.3666175530801056,0.4790452537373979,"{'alpha': 0.3666175530801056, 'lambda': 0.4790452537373979}",0.9260797533307256,0.9262983501691249,0.9260789028613505,0.9261523354537337,0.00010324857919159095,191,190,random search for 2 group,8,,
2.6866334279378257,0.060584101405767296,0.6165194511413574,0.15955819426707069,0.047946676960161305,0.7883503995800696,"{'alpha': 0.047946676960161305, 'lambda': 0.7883503995800696}",0.9262293195885778,0.9257115902344739,0.9266771747759357,0.9262060281996624,0.00039454213402009375,161,191,random search for 2 group,8,,
2.6984447638193765,0.08704140298482294,0.7409712473551432,0.09591873212199896,0.29856616675531866,0.3840969330566971,"{'alpha': 0.29856616675531866, 'lambda': 0.3840969330566971}",0.9268160795232288,0.9258036310085368,0.9268382479837086,0.9264859861718248,0.0004825828335179223,35,192,random search for 2 group,8,,
3.3612253665924072,0.39874302371031545,0.8506345748901367,0.056536955560842546,0.7252942393163552,0.058360562627489454,"{'alpha': 0.7252942393163552, 'lambda': 0.058360562627489454}",0.9261027635242413,0.9265859775880715,0.926700185234189,0.9264629754488339,0.00025894055890876436,41,193,random search for 2 group,8,,
2.443031072616577,0.08271454703169905,0.5039635499318441,0.14943682232123895,0.6168026714061402,0.24386806597029242,"{'alpha': 0.6168026714061402, 'lambda': 0.24386806597029242}",0.9265859775880715,0.9259877125566626,0.925492136175892,0.9260219421068753,0.00044721434482846963,243,194,random search for 2 group,8,,
4.746439139048259,0.5767297154955715,0.4937255382537842,0.12604950807525755,0.3105152840607772,0.9412656084400877,"{'alpha': 0.3105152840607772, 'lambda': 0.9412656084400877}",0.9262523297820935,0.9262523297820935,0.9256186936962849,0.9260411177534906,0.00029869891538649655,235,195,random search for 2 group,8,,
2.364401896794637,0.017701529885260688,0.470596710840861,0.13881860635173413,0.42065220076102516,0.5698147655335207,"{'alpha': 0.42065220076102516, 'lambda': 0.5698147655335207}",0.9265399572010401,0.9261027635242413,0.9267231956924422,0.9264553054725745,0.0002602671130253076,43,196,random search for 2 group,8,,
3.4495991865793862,0.7023796506629502,0.7201038201649984,0.08654100925834357,0.10660887433017274,0.6988440927385527,"{'alpha': 0.10660887433017274, 'lambda': 0.6988440927385527}",0.9264824317172508,0.9268275846199866,0.9263665335895165,0.9265588499755846,0.00019582615730876252,18,197,random search for 2 group,8,,
2.606996933619181,0.1650071975493476,0.4795507589975993,0.11902814274597054,0.01638656179132303,0.8405201659315915,"{'alpha': 0.01638656179132303, 'lambda': 0.8405201659315915}",0.9261717941047884,0.9263903909431879,0.9267807218380754,0.9264476356286839,0.0002518676393195949,48,198,random search for 2 group,8,,
3.108424186706543,0.4847068740672045,0.4909541606903076,0.07359911236722289,0.4672195711364384,0.832438484780781,"{'alpha': 0.4672195711364384, 'lambda': 0.832438484780781}",0.9264018960399457,0.9260107227501784,0.9258257878205645,0.9260794688702295,0.00024016618118325874,221,199,random search for 2 group,8,,
2.8058868249257407,0.3266972272991954,0.49775854746500653,0.15072123845569305,0.4896634473110264,0.44827126691624797,"{'alpha': 0.4896634473110264, 'lambda': 0.44827126691624797}",0.9264134011367036,0.926712533652408,0.9264470701934029,0.9265243349941715,0.0001337845346475156,27,200,random search for 2 group,8,,
2.6289300123850503,0.20693438261234814,0.7566227912902832,0.37663307404252966,0.8277014855636318,0.05115042484135124,"{'alpha': 0.8277014855636318, 'lambda': 0.05115042484135124}",0.9263213603626407,0.9264709266204929,0.9271258787118746,0.9266393885650027,0.0003493775547308179,8,201,random search for 2 group,8,,
3.5171695550282798,0.3115192164968497,0.7420822779337565,0.26941923319648,0.28678542795145523,0.571039258051206,"{'alpha': 0.28678542795145523, 'lambda': 0.571039258051206}",0.9267815642329552,0.925792125911779,0.9261479342361103,0.9262405414602816,0.0004092099064698082,143,202,random search for 2 group,8,,
2.4090281327565513,0.027124341761781235,0.6744423707326254,0.41799920624116876,0.6162238750289443,0.3279723827880312,"{'alpha': 0.6162238750289443, 'lambda': 0.3279723827880312}",0.9260797533307256,0.9268966152005338,0.9263780388186431,0.9264514691166341,0.0003375004544035839,45,203,random search for 2 group,8,,
3.3488992055257163,0.7096310692547287,0.7897071043650309,0.09720031747124694,0.04682393414192465,0.4098313221082751,"{'alpha': 0.04682393414192465, 'lambda': 0.4098313221082751}",0.9264824317172508,0.926712533652408,0.9260328819448439,0.9264092824381676,0.0002822466104567659,59,204,random search for 2 group,8,,
2.5048841635386148,0.06209454402387824,0.47031092643737793,0.10702288630464914,0.9036388781251324,0.5560830273576108,"{'alpha': 0.9036388781251324, 'lambda': 0.5560830273576108}",0.9262523297820935,0.9264364113302193,0.9256301989254117,0.9261063133459082,0.0003449494746999133,204,205,random search for 2 group,8,,
3.2391673723856607,0.44169310321465377,0.7809404532114664,0.4288234532913776,0.05438979598332383,0.5834631294265689,"{'alpha': 0.05438979598332383, 'lambda': 0.5834631294265689}",0.9254354679122851,0.9257806208150211,0.9262054603817435,0.9258071830363499,0.00031490873223529787,280,206,random search for 2 group,8,,
2.7148423194885254,0.24181747383515725,0.46924535433451336,0.13399437275272186,0.7059380779255828,0.8586622629044588,"{'alpha': 0.7059380779255828, 'lambda': 0.8586622629044588}",0.9257691157182631,0.926206309395062,0.9265161015681628,0.9261638422271626,0.0003064305905634655,181,207,random search for 2 group,8,,
2.6658968130747476,0.22204704827071167,0.5350963274637858,0.14075896627668216,0.9892518955264636,0.3258137631650705,"{'alpha': 0.9892518955264636, 'lambda': 0.3258137631650705}",0.9264018960399457,0.9265169470075243,0.9261939551526168,0.9263709327333624,0.0001336661995421867,75,208,random search for 2 group,8,,
3.1435546875,0.5130357410407398,0.7127591768900553,0.22231454004427206,0.2514450676111558,0.2638417328968713,"{'alpha': 0.2514450676111558, 'lambda': 0.2638417328968713}",0.9262293195885778,0.926551462297798,0.9258833139661976,0.9262213652841912,0.00027282839719475156,152,209,random search for 2 group,8,,
2.6217199166615806,0.28702697855095805,0.6305065949757894,0.350851480847385,0.21968791825001677,0.0370188644839331,"{'alpha': 0.21968791825001677, 'lambda': 0.0370188644839331}",0.9257346004279896,0.9265054419107664,0.9265276067972894,0.9262558830453486,0.0003687135255805306,132,210,random search for 2 group,8,,
3.7449676990509033,1.0901423267577925,0.663204034169515,0.3216310373571758,0.20672171938315476,0.1626544645661694,"{'alpha': 0.20672171938315476, 'lambda': 0.1626544645661694}",0.9258036310085368,0.9258956717825997,0.9260789028613505,0.925926068550829,0.0001144162601409613,266,211,random search for 2 group,8,,
2.4739110469818115,0.05475375591240942,0.41710742314656574,0.056847653472784115,0.3590421214543913,0.7966800120317837,"{'alpha': 0.3590421214543913, 'lambda': 0.7966800120317837}",0.9257230953312318,0.9262753399756092,0.9265276067972894,0.9261753473680434,0.0003359648453141102,177,212,random search for 2 group,8,,
3.3084799448649087,0.7262537099029214,0.5742461681365967,0.1601822875676425,0.7017048759917681,0.16433565065294875,"{'alpha': 0.7017048759917681, 'lambda': 0.16433565065294875}",0.9262638348788513,0.9264939368140086,0.925331062968119,0.9260296115536596,0.0005028016971009791,239,213,random search for 2 group,8,,
2.687395175298055,0.2801328587215026,0.7149591445922852,0.025737908084009622,0.6244074415796396,0.7719896989860501,"{'alpha': 0.6244074415796396, 'lambda': 0.7719896989860501}",0.9259416921696312,0.9260222278469362,0.9267577113798221,0.9262405437987965,0.0003671677445688364,140,214,random search for 2 group,8,,
2.6740610599517822,0.2948701207127074,0.6273419857025146,0.09711061391667583,0.766784433462175,0.030652226266347782,"{'alpha': 0.766784433462175, 'lambda': 0.030652226266347782}",0.9261027635242413,0.9259416921696312,0.9258603035079443,0.9259682530672723,0.00010074994073877247,258,215,random search for 2 group,8,,
3.3808645407358804,0.6781652188696841,0.6920935312906901,0.08326435425228053,0.8493091551956714,0.7681196315414934,"{'alpha': 0.8493091551956714, 'lambda': 0.7681196315414934}",0.9262753399756092,0.9259647023631469,0.9263090074438832,0.9261830165942131,0.00015498215428347826,173,216,random search for 2 group,8,,
2.5987802346547446,0.2918069261970592,0.4143824577331543,0.05056391826740178,0.45900223871668944,0.8144710995802444,"{'alpha': 0.45900223871668944, 'lambda': 0.8144710995802444}",0.9258381462988103,0.9264709266204929,0.9259293348827042,0.9260794692673358,0.0002792943297714245,220,217,random search for 2 group,8,,
3.666567325592041,0.9066372311793337,0.9535745779673258,0.16971736861393985,0.6319882880360852,0.346319934377741,"{'alpha': 0.6319882880360852, 'lambda': 0.346319934377741}",0.9260912584274834,0.9258841666858418,0.9264815858807828,0.9261523369980361,0.0002476898160422046,189,218,random search for 2 group,8,,
2.668788035710653,0.2994374994278236,0.47144103050231934,0.11700608609150191,0.9924959356299174,0.8897398704350392,"{'alpha': 0.9924959356299174, 'lambda': 0.8897398704350392}",0.9259071768793575,0.9272877884903012,0.9262169656108702,0.9264706436601763,0.0005914876834970016,38,219,random search for 2 group,8,,
3.2899953524271646,1.0144767324057922,0.681196928024292,0.23986100499073013,0.23382640512599073,0.2567965370397952,"{'alpha': 0.23382640512599073, 'lambda': 0.2567965370397952}",0.9259416921696312,0.9262638348788513,0.9269072793584684,0.9263709354689836,0.00040140798623234015,71,220,random search for 2 group,8,,
2.938349405924479,0.3675565208232818,0.3781427542368571,0.02537326002429982,0.4815376905596386,0.5299387326209228,"{'alpha': 0.4815376905596386, 'lambda': 0.5299387326209228}",0.9262753399756092,0.9267355438459237,0.9265851329429226,0.9265320055881517,0.00019159642904087237,23,221,random search for 2 group,8,,
2.994385083516439,0.042440843321993736,0.5780595938364664,0.08288953748660771,0.8957920571030101,0.5639373256974247,"{'alpha': 0.8957920571030101, 'lambda': 0.5639373256974247}",0.92637888584643,0.9256770749442003,0.9261709446943636,0.9260756351616646,0.0002943326529508251,222,222,random search for 2 group,8,,
3.104672114054362,0.5325455225124723,0.6877134641011556,0.3194991789151574,0.6422510851919587,0.6983569446066729,"{'alpha': 0.6422510851919587, 'lambda': 0.6983569446066729}",0.9260222278469362,0.926206309395062,0.9260558924030972,0.9260948098816985,8.003095940783087e-05,213,223,random search for 2 group,8,,
2.4281508922576904,0.09156528643051338,0.587118943532308,0.15297688711628202,0.22031270019805116,0.04333408534594252,"{'alpha': 0.22031270019805116, 'lambda': 0.04333408534594252}",0.9266435030718608,0.9260682482339676,0.9257222407584247,0.9261446640214177,0.0003799654299785209,193,224,random search for 2 group,8,,
3.943594137827555,0.7100435631197595,0.5214198430379232,0.11662923262228721,0.1389917719337993,0.37988584124109204,"{'alpha': 0.1389917719337993, 'lambda': 0.37988584124109204}",0.9261602890080306,0.9260222278469362,0.9259063244244509,0.9260296137598059,0.00010381206163028763,237,225,random search for 2 group,8,,
2.5082475344340005,0.12648205975227192,0.39524038632710773,0.016023398205834677,0.3346839915907751,0.6802744017863754,"{'alpha': 0.3346839915907751, 'lambda': 0.6802744017863754}",0.9260567431372098,0.9264249062334614,0.9266196486303024,0.9263670993336578,0.00023341219160839444,76,226,random search for 2 group,8,,
3.3684491316477456,0.72527528264556,0.8853520552317301,0.13853266767335512,0.5867417554123883,0.679876324479709,"{'alpha': 0.5867417554123883, 'lambda': 0.679876324479709}",0.9261832992015463,0.9263443705561564,0.9261019133196038,0.9262098610257689,0.00010074894794719571,159,227,random search for 2 group,8,,
3.186983108520508,0.8068696365328915,0.48162325223286945,0.09171892364401815,0.10842542418061196,0.28154724771859174,"{'alpha': 0.10842542418061196, 'lambda': 0.28154724771859174}",0.9256885800409581,0.9260107227501784,0.9264700806516561,0.9260564611475975,0.00032068135989816765,231,228,random search for 2 group,8,,
2.944528341293335,0.6753030053092546,0.8332844575246176,0.2981861793222033,0.7968193897138858,0.25251221642650923,"{'alpha': 0.7968193897138858, 'lambda': 0.25251221642650923}",0.9265629673945558,0.9265054419107664,0.9258603035079443,0.9263095709377556,0.00031854692269549825,105,229,random search for 2 group,8,,
2.878811836242676,0.10806765130979083,0.5654187202453613,0.10420941082386326,0.6320839148548428,0.1173865270166583,"{'alpha': 0.6320839148548428, 'lambda': 0.1173865270166583}",0.9267240387491659,0.9265284521042823,0.9264585754225295,0.9265703554253258,0.00011235245341653915,17,230,random search for 2 group,8,,
2.7282015482584634,0.23812035516805496,0.6501293977101644,0.07902548391878823,0.12616895251393745,0.39974086694313027,"{'alpha': 0.12616895251393745, 'lambda': 0.39974086694313027}",0.9251363353965807,0.92637888584643,0.9259063244244509,0.9258071818891538,0.0005120903805866264,281,231,random search for 2 group,8,,
3.013712167739868,0.13030367897493517,0.48224949836730957,0.16206605463076468,0.5312040581288263,0.03923343937505208,"{'alpha': 0.5312040581288263, 'lambda': 0.03923343937505208}",0.9263443705561564,0.9266895234588923,0.9268497532128352,0.9266278824092945,0.0002108753528581556,9,232,random search for 2 group,8,,
2.9877001444498696,0.5773275141247268,0.44127289454142254,0.06243463557262969,0.6521885670059593,0.021784308356001758,"{'alpha': 0.6521885670059593, 'lambda': 0.021784308356001758}",0.9260567431372098,0.9259762074599047,0.9264470701934029,0.9261600069301724,0.00020562990484869272,185,233,random search for 2 group,8,,
2.988532304763794,0.5026738805526099,0.742552121480306,0.12179842690018157,0.48494384657106404,0.41608470585941426,"{'alpha': 0.48494384657106404, 'lambda': 0.41608470585941426}",0.9258381462988103,0.9260107227501784,0.9264585754225295,0.926102481490506,0.0002614674284490422,205,234,random search for 2 group,8,,
2.9946916898091636,0.536124138911352,0.5455127557118734,0.20898386652430442,0.8112849509061697,0.8977624957191187,"{'alpha': 0.8112849509061697, 'lambda': 0.8977624957191187}",0.9266089877815873,0.9264018960399457,0.92628599698563,0.9264322936023878,0.00013360082938888038,54,235,random search for 2 group,8,,
2.721022844314575,0.3954806487993878,0.6913556257883707,0.2389663268718539,0.2970464163522507,0.7646447735167688,"{'alpha': 0.2970464163522507, 'lambda': 0.7646447735167688}",0.9265629673945558,0.9262638348788513,0.92628599698563,0.9263709330863458,0.00013608985118054447,74,236,random search for 2 group,8,,
2.8787315686543784,0.3889296284326798,0.7558148701985677,0.33369311884598485,0.9092882983747498,0.2922672376028188,"{'alpha': 0.9092882983747498, 'lambda': 0.2922672376028188}",0.9259301870728733,0.9264939368140086,0.925745251216678,0.9260564583678533,0.00031842409965801604,234,237,random search for 2 group,8,,
2.4647037982940674,0.06849650816240944,0.5870976448059082,0.21160527810240265,0.7882469908774834,0.8513683925933656,"{'alpha': 0.7882469908774834, 'lambda': 0.8513683925933656}",0.926125773717757,0.926551462297798,0.9265161015681628,0.9263977791945726,0.00019287790587717578,62,238,random search for 2 group,8,,
2.9547868569691977,0.40579695558246887,0.5236886342366537,0.18609162529744094,0.308203225860467,0.40121468637812274,"{'alpha': 0.308203225860467, 'lambda': 0.40121468637812274}",0.9265859775880715,0.9260107227501784,0.9265736277137959,0.9263901093506819,0.0002683142117367723,65,239,random search for 2 group,8,,
2.4860740502675376,0.09232101625137844,0.5337067445119222,0.19449849478494305,0.26742905534750694,0.13919877573451211,"{'alpha': 0.26742905534750694, 'lambda': 0.13919877573451211}",0.9255965392668952,0.9264018960399457,0.9257912721331846,0.9259299024800085,0.00034308761055058806,265,240,random search for 2 group,8,,
2.970851500829061,0.2649231375776514,0.5697023868560791,0.2224286866206457,0.9015368386773542,0.06604976561383868,"{'alpha': 0.9015368386773542, 'lambda': 0.06604976561383868}",0.9267470489426816,0.9264364113302193,0.9262514812982501,0.9264783138570504,0.00020447279993186023,37,241,random search for 2 group,8,,
2.5600993633270264,0.25482602073179655,0.5610266526540121,0.052328958970092994,0.5760656311205569,0.8047997989221585,"{'alpha': 0.5760656311205569, 'lambda': 0.8047997989221585}",0.9253894475252537,0.9270231712648703,0.9263895440477697,0.9262673876126312,0.0006725349856233431,127,242,random search for 2 group,8,,
2.6732946236928306,0.2293693984195763,0.5020991166432699,0.16013883935478299,0.4946211437415814,0.32546284388609703,"{'alpha': 0.4946211437415814, 'lambda': 0.32546284388609703}",0.9260567431372098,0.9261487839112726,0.9266196486303024,0.9262750585595949,0.00024654223930889875,122,243,random search for 2 group,8,,
2.6321906248728433,0.15312108108128694,0.7931571006774902,0.06834569721977089,0.8326898264677695,0.47174477446034135,"{'alpha': 0.8326898264677695, 'lambda': 0.47174477446034135}",0.9266089877815873,0.9263213603626407,0.9260904080904772,0.926340252078235,0.00021213030067475646,91,244,random search for 2 group,8,,
2.5845340887705484,0.19624701443656983,0.46936901410420734,0.07776676248098378,0.19955156805322538,0.9709896455765423,"{'alpha': 0.19955156805322538, 'lambda': 0.9709896455765423}",0.9265859775880715,0.925872661589084,0.9266771747759357,0.9263786046510304,0.00035968784449608523,67,245,random search for 2 group,8,,
2.641864538192749,0.3106453856819255,0.5742035706837972,0.14616750311889995,0.05006361424119876,0.5881689871070983,"{'alpha': 0.05006361424119876, 'lambda': 0.5881689871070983}",0.9260682482339676,0.9259071768793575,0.9262054603817435,0.9260602951650229,0.00012190351492917889,229,246,random search for 2 group,8,,
2.3778622150421143,0.06546274552166448,0.49886782964070636,0.16104086189847422,0.8670540838255029,0.45694586209169574,"{'alpha': 0.8670540838255029, 'lambda': 0.45694586209169574}",0.9263213603626407,0.9265744724913136,0.92628599698563,0.9263939432798615,0.00012846721825448502,64,247,random search for 2 group,8,,
2.4489123026529946,0.044300157207007036,0.5279786586761475,0.1176231269831969,0.14184621022857669,0.6589458535011953,"{'alpha': 0.14184621022857669, 'lambda': 0.6589458535011953}",0.926286845072367,0.9258956717825997,0.9254806309467654,0.9258877159339107,0.00032918361211355075,268,248,random search for 2 group,8,,
2.511404355367025,0.16810212817984088,0.47245168685913086,0.07402676399093779,0.9858648341792361,0.9856388520472349,"{'alpha': 0.9858648341792361, 'lambda': 0.9856388520472349}",0.9259762074599047,0.926206309395062,0.9262054603817435,0.92612932574557,0.0001082715329152328,198,249,random search for 2 group,8,,
2.3939181168874106,0.04660371788595877,0.5184981028238932,0.12117132699998187,0.18032801860452752,0.12499828170104532,"{'alpha': 0.18032801860452752, 'lambda': 0.12499828170104532}",0.9258036310085368,0.9262523297820935,0.9257912721331846,0.9259490776412717,0.0002144909961354667,260,250,random search for 2 group,8,,
2.4359428882598877,0.047676180899065515,0.40808796882629395,0.023764693705150622,0.45486872224394703,0.4907174879964541,"{'alpha': 0.45486872224394703, 'lambda': 0.4907174879964541}",0.9262408246853356,0.9264479164269771,0.9270453421079881,0.9265780277401002,0.000341085313071669,16,251,random search for 2 group,8,,
2.5105411211649575,0.05395736495398607,0.5420020421346029,0.13487154318419559,0.023982459349235263,0.5253956023912899,"{'alpha': 0.023982459349235263, 'lambda': 0.5253956023912899}",0.9256885800409581,0.925953197266389,0.9259178296535776,0.9258532023203082,0.00011729759347579982,276,252,random search for 2 group,8,,
2.4640822410583496,0.10639800260144198,0.5033162434895834,0.11177686828723446,0.41542707351707964,0.5769759948358318,"{'alpha': 0.41542707351707964, 'lambda': 0.5769759948358318}",0.9264249062334614,0.9265859775880715,0.9267692166089487,0.9265933668101605,0.00014066119843881672,15,253,random search for 2 group,8,,
2.4500250816345215,0.0282552258926568,0.5793177286783854,0.17018653667398667,0.5211003701268117,0.6601058948567641,"{'alpha': 0.5211003701268117, 'lambda': 0.6601058948567641}",0.9260337329436941,0.9264479164269771,0.9263895440477697,0.926290397806147,0.00018304730240579576,115,254,random search for 2 group,8,,
2.4096182187398276,0.056494362247305675,0.3956135908762614,0.01738300106146671,0.83038437740547,0.6278814619128095,"{'alpha': 0.83038437740547, 'lambda': 0.6278814619128095}",0.9263328654593985,0.9263328654593985,0.9267807218380754,0.9264821509189575,0.00021112152157336088,36,255,random search for 2 group,8,,
2.4917975266774497,0.12796187381269655,0.38932092984517414,0.025557252353326287,0.6712031671128016,0.26387788484808683,"{'alpha': 0.6712031671128016, 'lambda': 0.26387788484808683}",0.9257346004279896,0.9268275846199866,0.9267462061506955,0.9264361303995573,0.0004971678720994151,53,256,random search for 2 group,8,,
2.453108867009481,0.1444126737063369,0.3933357397715251,0.023337704231628058,0.4646981389614091,0.2271349540262264,"{'alpha': 0.4646981389614091, 'lambda': 0.2271349540262264}",0.9262408246853356,0.9261487839112726,0.9265045963390361,0.9262980683118816,0.00015079399971004327,110,257,random search for 2 group,8,,
2.6954383850097656,0.22102394587302024,0.6152207056681315,0.15348419152725393,0.4958736908658852,0.7326740625227285,"{'alpha': 0.4958736908658852, 'lambda': 0.7326740625227285}",0.9260912584274834,0.9267815642329552,0.9260443871739705,0.9263057366114698,0.00033700462175651256,107,258,random search for 2 group,8,,
2.5240254402160645,0.1923045659313371,0.3880111376444499,0.02534627128770359,0.9255646816809524,0.30557660661147223,"{'alpha': 0.9255646816809524, 'lambda': 0.30557660661147223}",0.9261832992015463,0.9265399572010401,0.9259293348827042,0.9262175304284302,0.00025045789610624443,154,259,random search for 2 group,8,,
2.6764530340830484,0.1641270261180472,0.5376309553782145,0.08601212279820063,0.12293161502000238,0.48161204254548473,"{'alpha': 0.12293161502000238, 'lambda': 0.48161204254548473}",0.9260452380404519,0.9260452380404519,0.9260789028613505,0.9260564596474182,1.5869748763227825e-05,232,260,random search for 2 group,8,,
2.561849037806193,0.2158275421431987,0.3895599842071533,0.020960276124674514,0.03253297666874766,0.4945235208652544,"{'alpha': 0.03253297666874766, 'lambda': 0.4945235208652544}",0.9262178144918198,0.9265169470075243,0.9259178296535776,0.9262175303843073,0.000244588718038846,155,261,random search for 2 group,8,,
2.5889077186584473,0.16919807391195016,0.6501241525014242,0.09144686474661884,0.6407891855119442,0.6035196990731977,"{'alpha': 0.6407891855119442, 'lambda': 0.6035196990731977}",0.9260567431372098,0.9264479164269771,0.9265506172555427,0.9263517589399098,0.00021277939738783254,85,262,random search for 2 group,8,,
2.4069761435190835,0.07703768785580382,0.40203555425008136,0.007546144604779928,0.7925043531075313,0.8083256539563738,"{'alpha': 0.7925043531075313, 'lambda': 0.8083256539563738}",0.9259186819761154,0.9259647023631469,0.9263320179021365,0.9260718007471329,0.00018495800392566092,223,263,random search for 2 group,8,,
2.369591156641642,0.057213458458951295,0.5298835436503092,0.05901309080437167,0.326752503351453,0.15549608726750863,"{'alpha': 0.326752503351453, 'lambda': 0.15549608726750863}",0.9261142686209991,0.9265629673945558,0.9260558924030972,0.9262443761395507,0.00022653511358202412,139,264,random search for 2 group,8,,
2.4157675902048745,0.06789102702889864,0.3863535722096761,0.013186835254241367,0.3778363068139451,0.9634976170810765,"{'alpha': 0.3778363068139451, 'lambda': 0.9634976170810765}",0.9267240387491659,0.9261487839112726,0.9258487982788177,0.9262405403130854,0.0003631582742083967,144,265,random search for 2 group,8,,
2.463691075642904,0.06473060540652219,0.5195355415344238,0.10142440117387196,0.7586122580541728,0.7107796676503222,"{'alpha': 0.7586122580541728, 'lambda': 0.7107796676503222}",0.9261372788145148,0.9260682482339676,0.9261939551526168,0.9261331607336997,5.1402180830970044e-05,197,266,random search for 2 group,8,,
2.3895105520884194,0.06420878819742319,0.38715124130249023,0.015960559737472506,0.656211084004639,0.19759986732290435,"{'alpha': 0.656211084004639, 'lambda': 0.19759986732290435}",0.9262638348788513,0.9262408246853356,0.9261939551526168,0.926232871572268,2.9077288276286437e-05,146,267,random search for 2 group,8,,
2.473728577295939,0.09496155331566729,0.3738212585449219,0.030128937178740784,0.9324744579493465,0.6623867297987824,"{'alpha': 0.9324744579493465, 'lambda': 0.6623867297987824}",0.92637888584643,0.9270116661681125,0.9261594394652369,0.9265166638265931,0.00036130288968020904,29,268,random search for 2 group,8,,
2.383223613103231,0.025476572650169532,0.3831314245859782,0.027923875787983388,0.7485099337569358,0.544327094361324,"{'alpha': 0.7485099337569358, 'lambda': 0.544327094361324}",0.9262638348788513,0.9261602890080306,0.9262975022147566,0.9262405420338795,5.838826077885097e-05,142,269,random search for 2 group,8,,
2.6347474257151284,0.10918868394049815,0.39503010114034015,0.01051432016347398,0.4424608867472156,0.0710352189945197,"{'alpha': 0.4424608867472156, 'lambda': 0.0710352189945197}",0.9261948042983041,0.9264364113302193,0.9259753557992108,0.9262021904759115,0.0001882975789950886,165,270,random search for 2 group,8,,
2.347224712371826,0.030134282292572753,0.40030423800150555,0.026982137233407498,0.6656614153044418,0.7788414044042024,"{'alpha': 0.6656614153044418, 'lambda': 0.7788414044042024}",0.9259762074599047,0.9266550081686187,0.9264585754225295,0.9263632636836844,0.00028519682818352625,77,271,random search for 2 group,8,,
2.7030626932779946,0.08284273051399148,0.3873587449391683,0.027234505733411567,0.8001672352052339,0.9017594172401503,"{'alpha': 0.8001672352052339, 'lambda': 0.9017594172401503}",0.9265859775880715,0.926712533652408,0.9256762198419182,0.9263249103607992,0.000461594086703689,100,272,random search for 2 group,8,,
2.4131243228912354,0.05447412958357036,0.42780518531799316,0.06268979880966766,0.7303249100790092,0.2713070014423915,"{'alpha': 0.7303249100790092, 'lambda': 0.2713070014423915}",0.9261027635242413,0.9266895234588923,0.9261594394652369,0.9263172421494569,0.0002642575392657547,103,273,random search for 2 group,8,,
2.519439379374186,0.14895455295833526,0.41207432746887207,0.05856080011334547,0.39528636471688616,0.8434440754307766,"{'alpha': 0.39528636471688616, 'lambda': 0.8434440754307766}",0.9258151361052946,0.9261948042983041,0.9262975022147566,0.926102480872785,0.00020746401625991036,207,274,random search for 2 group,8,,
2.341644048690796,0.04997730971830909,0.40178680419921875,0.03376769237158473,0.1509456972637221,0.7057616558209013,"{'alpha': 0.1509456972637221, 'lambda': 0.7057616558209013}",0.9265744724913136,0.9265284521042823,0.9259638505700841,0.9263555917218933,0.00027763923416457444,82,275,random search for 2 group,8,,
2.4042135874430337,0.07577149269125534,0.6589883963267008,0.0065527709476270075,0.12410086319802449,0.7682274955495467,"{'alpha': 0.12410086319802449, 'lambda': 0.7682274955495467}",0.9268620999102603,0.9260222278469362,0.9259063244244509,0.9262635507272158,0.0004258749771379377,131,276,random search for 2 group,8,,
2.390017112096151,0.08169975297341524,0.38576467831929523,0.0160992206819612,0.9414278981420747,0.018879587103202478,"{'alpha': 0.9414278981420747, 'lambda': 0.018879587103202478}",0.9260107227501784,0.9266204928783451,0.9262284708399968,0.9262865621561734,0.00025230385525192614,118,277,random search for 2 group,8,,
2.454512357711792,0.10234030498585776,0.6911094983418783,0.09118162959510324,0.9986509118751562,0.6226985639910533,"{'alpha': 0.9986509118751562, 'lambda': 0.6226985639910533}",0.9264018960399457,0.9260797533307256,0.9267231956924422,0.9264016150210379,0.0002626843193411631,61,278,random search for 2 group,8,,
2.3916603724161782,0.05100045365009221,0.3919954299926758,0.030681745168621318,0.907558218111381,0.9361983823627977,"{'alpha': 0.907558218111381, 'lambda': 0.9361983823627977}",0.9261832992015463,0.9270691916519018,0.92628599698563,0.9265128292796927,0.0003956353755851057,30,279,random search for 2 group,8,,
2.441012700398763,0.12966593108358312,0.526481548945109,0.13544718353829682,0.16034764461000905,0.6371265715205852,"{'alpha': 0.16034764461000905, 'lambda': 0.6371265715205852}",0.9259762074599047,0.925953197266389,0.926539112026416,0.9261561722509032,0.00027094220909477755,187,280,random search for 2 group,8,,
2.4388007322947183,0.04413130719031526,0.3927462895711263,0.016241545907771836,0.9551568567578814,0.42701156048949773,"{'alpha': 0.9551568567578814, 'lambda': 0.42701156048949773}",0.926206309395062,0.9265399572010401,0.9252965472807391,0.9260142712922804,0.0005254687000927345,247,281,random search for 2 group,8,,
2.44779380162557,0.05058042374011363,0.6523189544677734,0.08503579408408131,0.639479161852248,0.02359187455327716,"{'alpha': 0.639479161852248, 'lambda': 0.02359187455327716}",0.926206309395062,0.926125773717757,0.9261594394652369,0.9261638408593519,3.3025525808200064e-05,182,282,random search for 2 group,8,,
2.35884420077006,0.06445795085569814,0.40651408831278485,0.030580191916123375,0.3409489843685741,0.7243092972044853,"{'alpha': 0.3409489843685741, 'lambda': 0.7243092972044853}",0.9264134011367036,0.9268045744264709,0.9263435231312631,0.9265204995648126,0.00020288688010934263,28,283,random search for 2 group,8,,
2.5296291510264077,0.08123201863548461,0.6843001842498779,0.05312299239209607,0.9551658908637757,0.8507896868393743,"{'alpha': 0.9551658908637757, 'lambda': 0.8507896868393743}",0.9259992176534204,0.9265744724913136,0.9259638505700841,0.9261791802382727,0.0002798865027489417,175,284,random search for 2 group,8,,
2.517439126968384,0.15918082686874666,0.3961780071258545,0.034035771154543815,0.9367359055641363,0.09913621917529591,"{'alpha': 0.9367359055641363, 'lambda': 0.09913621917529591}",0.9260337329436941,0.9258841666858418,0.9261364290069837,0.9260181095455066,0.0001035765018240522,244,285,random search for 2 group,8,,
2.617441415786743,0.14236078826101223,0.6468966007232666,0.08538852299191908,0.273001288723276,0.38476892168031984,"{'alpha': 0.273001288723276, 'lambda': 0.38476892168031984}",0.9260222278469362,0.9263443705561564,0.9256992303001714,0.926021942901088,0.00026337748368540295,242,286,random search for 2 group,8,,
2.4881016413370767,0.1311967811013677,0.3966221809387207,0.04189022455866355,0.8099609563682508,0.10089636661582557,"{'alpha': 0.8099609563682508, 'lambda': 0.10089636661582557}",0.9267930693297131,0.9263213603626407,0.9258027773623112,0.9263057356848883,0.00040443593896628366,108,287,random search for 2 group,8,,
2.7075401147206626,0.19493108426310082,0.661505381266276,0.037614970066812956,0.05720475482719045,0.011714302401203858,"{'alpha': 0.05720475482719045, 'lambda': 0.011714302401203858}",0.9255390137831059,0.9262408246853356,0.9264700806516561,0.9260833063733659,0.0003960895457531038,218,288,random search for 2 group,8,,
2.438025156656901,0.12615875434780854,0.38282092412312824,0.015415689486340955,0.7010174710467577,0.5752009125889186,"{'alpha': 0.7010174710467577, 'lambda': 0.5752009125889186}",0.9258611564923261,0.9262523297820935,0.9262514812982501,0.9261216558575566,0.00018420119334629646,200,289,random search for 2 group,8,,
2.6222437222798667,0.17305622349547015,0.6692748069763184,0.05457894748153533,0.6327682399750784,0.6095273348985416,"{'alpha': 0.6327682399750784, 'lambda': 0.6095273348985416}",0.9256195494604109,0.9262178144918198,0.9258142825914378,0.9258838821812229,0.0002491496727208522,270,290,random search for 2 group,8,,
2.575139840443929,0.31456476843308395,0.36769827206929523,0.01840438684318315,0.005717359579946346,0.8242040076771852,"{'alpha': 0.005717359579946346, 'lambda': 0.8242040076771852}",0.9267585540394395,0.925872661589084,0.9258603035079443,0.926163839712156,0.0004205567966792139,184,291,random search for 2 group,8,,
2.569608529408773,0.17435044221056115,0.3995293776194255,0.01922919889437852,0.4261758847277032,0.27827920103374304,"{'alpha': 0.4261758847277032, 'lambda': 0.27827920103374304}",0.9255850341701374,0.9261027635242413,0.9259638505700841,0.9258838827548209,0.00021879527666090448,269,292,random search for 2 group,8,,
2.4208908875783286,0.10801877782736667,0.4012147585550944,0.02840924490555849,0.17363549755555618,0.6229334735794124,"{'alpha': 0.17363549755555618, 'lambda': 0.6229334735794124}",0.9260337329436941,0.9261027635242413,0.9261594394652369,0.9260986453110575,5.1402024275784555e-05,210,293,random search for 2 group,8,,
2.4054335753122964,0.03758111344065643,0.5558766523996989,0.13913605389473377,0.15855971642983901,0.45146493906760177,"{'alpha': 0.15855971642983901, 'lambda': 0.45146493906760177}",0.9253894475252537,0.9261487839112726,0.9260558924030972,0.9258647079465412,0.00033819280408721355,273,294,random search for 2 group,8,,
2.602224588394165,0.18755551859612998,0.4999408721923828,0.14735705717609004,0.8418579455993627,0.33359993093575757,"{'alpha': 0.8418579455993627, 'lambda': 0.33359993093575757}",0.925872661589084,0.9267010285556502,0.9264010492768964,0.9263249131405434,0.00034243782040790195,98,295,random search for 2 group,8,,
2.492832899093628,0.12135690563457283,0.4540406068166097,0.10150868135830217,0.9720274117876725,0.43924250082708427,"{'alpha': 0.9720274117876725, 'lambda': 0.43924250082708427}",0.9259877125566626,0.9259992176534204,0.9270913630244947,0.9263594310781925,0.0005175753551101325,78,296,random search for 2 group,8,,
2.744246562321981,0.37788559405623867,0.3880484898885091,0.02442284419070899,0.8153688307766572,0.6965719665746464,"{'alpha': 0.8153688307766572, 'lambda': 0.6965719665746464}",0.9264249062334614,0.9259071768793575,0.926412554506023,0.926248212539614,0.00024120134392604153,134,297,random search for 2 group,8,,
2.51798939704895,0.049307151468133296,0.37980373700459796,0.014728266459591232,0.20676772820024736,0.3329604294480456,"{'alpha': 0.20676772820024736, 'lambda': 0.3329604294480456}",0.9267010285556502,0.9264364113302193,0.925998366257464,0.9263786020477779,0.0002897585330067789,69,298,random search for 2 group,8,,
2.5440847078959146,0.20766826367310728,0.3959105809529622,0.027055953348426847,0.9933401716811081,0.027249545264528274,"{'alpha': 0.9933401716811081, 'lambda': 0.027249545264528274}",0.9255965392668952,0.9262523297820935,0.9257797669040579,0.9258762119843489,0.0002762746701988743,272,299,random search for 2 group,8,,
2.4931296507517495,0.06793410574655588,0.38422679901123047,0.021881543175995912,0.48462353409185355,0.09500701603055417,"{'alpha': 0.48462353409185355, 'lambda': 0.09500701603055417}",0.9265284521042823,0.9260107227501784,0.9260443871739705,0.9261945206761437,0.0002365248012102117,168,300,random search for 2 group,8,,
2.4912665685017905,0.19725681858229108,0.4064189592997233,0.016030736888334788,0.5307253080116484,0.2865062902330766,"{'alpha': 0.5307253080116484, 'lambda': 0.2865062902330766}",0.9263328654593985,0.9262523297820935,0.9259063244244509,0.9261638398886477,0.00018503541923120146,183,301,random search for 2 group,8,,
2.3875695864359536,0.05109753214280739,0.48516496022542316,0.1280863984697557,0.08563400829944434,0.032958257104719,"{'alpha': 0.08563400829944434, 'lambda': 0.032958257104719}",0.9260912584274834,0.9260222278469362,0.9261019133196038,0.9260717998646744,3.532157403538211e-05,224,302,random search for 2 group,8,,
2.514620621999105,0.1200036196714695,0.5447177886962891,0.07465985015980005,0.542208577075282,0.5330994242227374,"{'alpha': 0.542208577075282, 'lambda': 0.5330994242227374}",0.9260222278469362,0.925872661589084,0.9261824499234902,0.9260257797865035,0.00012649549462216515,240,303,random search for 2 group,8,,
2.402562379837036,0.06304655140336603,0.5550900300343832,0.21880076792267647,0.8936998988281754,0.24290396984439044,"{'alpha': 0.8936998988281754, 'lambda': 0.24290396984439044}",0.9262523297820935,0.9258956717825997,0.9263320179021365,0.9261600064889431,0.00018972291524271026,186,304,random search for 2 group,8,,
2.5817693074544272,0.06308147771060699,0.5570024649302164,0.11116663908648221,0.03476763442754127,0.8858338516405321,"{'alpha': 0.03476763442754127, 'lambda': 0.8858338516405321}",0.9257230953312318,0.9258381462988103,0.9263550283603897,0.9259720899968106,0.00027482178954210516,257,305,random search for 2 group,8,,
2.4464479287465415,0.051668199560384556,0.48304319381713867,0.13528517617514607,0.09231363715492324,0.0925206304781866,"{'alpha': 0.09231363715492324, 'lambda': 0.0925206304781866}",0.9252743965576751,0.9262523297820935,0.9260213767157173,0.9258493676851619,0.0004173557058431789,277,306,random search for 2 group,8,,
2.6204835573832193,0.030289992910268636,0.6567737261454264,0.16962716920652235,0.8183473972883878,0.9032484394971336,"{'alpha': 0.8183473972883878, 'lambda': 0.9032484394971336}",0.9264134011367036,0.9264479164269771,0.9258833139661976,0.9262482105099594,0.00025840529155141324,136,307,random search for 2 group,8,,
2.428391933441162,0.04356444913469769,0.46495501200358075,0.13589269396003403,0.7543078882993489,0.9838790039627148,"{'alpha': 0.7543078882993489, 'lambda': 0.9838790039627148}",0.9267815642329552,0.9262753399756092,0.9265851329429226,0.9265473457171624,0.00020838530899014446,20,308,random search for 2 group,8,,
2.739743153254191,0.060680646130621706,0.5465522607167562,0.08939404579469888,0.223734998689612,0.13290859052087522,"{'alpha': 0.223734998689612, 'lambda': 0.13290859052087522}",0.925872661589084,0.9257806208150211,0.9263895440477697,0.9260142754839583,0.00026800217320183855,246,309,random search for 2 group,8,,
2.3834215799967446,0.07303674280447882,0.4277697404225667,0.031940666883991754,0.633580678704572,0.023547009647322037,"{'alpha': 0.633580678704572, 'lambda': 0.023547009647322037}",0.926206309395062,0.9270691916519018,0.9260443871739705,0.9264399627403114,0.0004498158651468444,52,310,random search for 2 group,8,,
2.839609702428182,0.1470777102653957,0.3864890734354655,0.028980703069966984,0.7545071746974804,0.4991711000313933,"{'alpha': 0.7545071746974804, 'lambda': 0.4991711000313933}",0.9258496513955682,0.9266895234588923,0.9265161015681628,0.9263517588075411,0.00036203377182674937,86,311,random search for 2 group,8,,
2.377066453297933,0.06915287126825989,0.38803712526957196,0.02069599557421512,0.4979357264718711,0.04364115551264469,"{'alpha': 0.4979357264718711, 'lambda': 0.04364115551264469}",0.9263098552658828,0.9261717941047884,0.9261939551526168,0.9262252015077627,6.0539089758100764e-05,148,312,random search for 2 group,8,,
2.4444958368937173,0.07802981570377572,0.5639822483062744,0.1433852539279868,0.37120638685973106,0.6221580223092077,"{'alpha': 0.37120638685973106, 'lambda': 0.6221580223092077}",0.9265629673945558,0.9267815642329552,0.9267692166089487,0.9267045827454865,0.00010026397381940925,6,313,random search for 2 group,8,,
2.4544595082600913,0.13221731890674776,0.3837025960286458,0.02630022337332778,0.46112884565940326,0.5527615658976458,"{'alpha': 0.46112884565940326, 'lambda': 0.5527615658976458}",0.9260797533307256,0.9259301870728733,0.925998366257464,0.9260027688870208,6.113947842020323e-05,250,314,random search for 2 group,8,,
2.583566983540853,0.12340542068150095,0.6597827275594076,0.07710009459837698,0.6484133558972305,0.41457138876717126,"{'alpha': 0.6484133558972305, 'lambda': 0.41457138876717126}",0.9260682482339676,0.9261948042983041,0.9257912721331846,0.9260181082218187,0.00016851323921329454,245,315,random search for 2 group,8,,
2.5086090564727783,0.17185556074767522,0.3851306438446045,0.01186479447272415,0.9501570356006286,0.5144909794251059,"{'alpha': 0.9501570356006286, 'lambda': 0.5144909794251059}",0.9264134011367036,0.9262983501691249,0.9264010492768964,0.926370933527575,5.1571310196605806e-05,73,316,random search for 2 group,8,,
2.695314566294352,0.19291753715606416,0.4774634043375651,0.08683802421451331,0.6070941790959542,0.8224539918169383,"{'alpha': 0.6070941790959542, 'lambda': 0.8224539918169383}",0.9262638348788513,0.9264824317172508,0.9257682616749312,0.9261715094236779,0.00029877829527531205,179,317,random search for 2 group,8,,
2.460310141245524,0.1639993491684147,0.38416218757629395,0.031083826557901584,0.9003312092876893,0.5347176391923848,"{'alpha': 0.9003312092876893, 'lambda': 0.5347176391923848}",0.9265744724913136,0.9265974826848293,0.9266311538594291,0.9266010363451906,2.32761071964662e-05,14,318,random search for 2 group,8,,
2.4276270866394043,0.061998903890552355,0.5718534787495931,0.2261462344050802,0.14584506881518555,0.14176996118161733,"{'alpha': 0.14584506881518555, 'lambda': 0.14176996118161733}",0.9260912584274834,0.9261372788145148,0.9264355649642763,0.9262213674020915,0.00015262135224153827,150,319,random search for 2 group,8,,
2.523224671681722,0.16049214641924744,0.4883568286895752,0.08161922351603014,0.8293149206511777,0.9167854705159624,"{'alpha': 0.8293149206511777, 'lambda': 0.9167854705159624}",0.9261027635242413,0.9269081202972917,0.9260213767157173,0.9263440868457501,0.00040021348802351793,89,320,random search for 2 group,8,,
2.5707841714223227,0.15667326934551168,0.7044150034586588,0.22820312583688007,0.7041827651291468,0.9380440538718261,"{'alpha': 0.7041827651291468, 'lambda': 0.9380440538718261}",0.9261602890080306,0.9263098552658828,0.9260904080904772,0.9261868507881302,9.153655670432648e-05,170,321,random search for 2 group,8,,
2.7030840714772544,0.2550002639124965,0.3824976285298665,0.02856669061304093,0.5414513263956774,0.8760230097772101,"{'alpha': 0.5414513263956774, 'lambda': 0.8760230097772101}",0.9253779424284958,0.9271037069421754,0.9263550283603897,0.9262788925770202,0.0007065943118465608,121,322,random search for 2 group,8,,
2.5501296520233154,0.12466043009084107,0.3771030902862549,0.021708136034816243,0.4399629026631241,0.49064153262828536,"{'alpha': 0.4399629026631241, 'lambda': 0.49064153262828536}",0.9259071768793575,0.9270116661681125,0.9273559832944073,0.9267582754472924,0.0006180157226266446,3,323,random search for 2 group,8,,
2.507495164871216,0.09198282180928773,0.5933568477630615,0.12172866856552285,0.30934441598467943,0.15761315300838963,"{'alpha': 0.30934441598467943, 'lambda': 0.15761315300838963}",0.9258956717825997,0.9264479164269771,0.9261709446943636,0.9261715109679801,0.00022545328756417565,178,324,random search for 2 group,8,,
2.3900440533955893,0.036615300900726656,0.4861607551574707,0.14377127795721933,0.12296884852491763,0.034971220797256564,"{'alpha': 0.12296884852491763, 'lambda': 0.034971220797256564}",0.9260682482339676,0.9262753399756092,0.9259638505700841,0.9261024795932203,0.0001294481927408378,208,325,random search for 2 group,8,,
2.7401188214619956,0.1290156435260955,0.4293363889058431,0.054681812133995006,0.621371135782091,0.6223223562770088,"{'alpha': 0.621371135782091, 'lambda': 0.6223223562770088}",0.9252513863641593,0.9262293195885778,0.9261479342361103,0.9258762133962826,0.000443066969319513,271,326,random search for 2 group,8,,
2.348111152648926,0.04848140949642814,0.3951595624287923,0.023738559176775184,0.16647389131178336,0.9489018758187686,"{'alpha': 0.16647389131178336, 'lambda': 0.9489018758187686}",0.9261832992015463,0.9261372788145148,0.9266656695468091,0.9263287491876233,0.00023897833281281443,97,327,random search for 2 group,8,,
2.4596494833628335,0.09225907259021912,0.5620759328206381,0.10825281634466914,0.07899952416566913,0.7209158808833778,"{'alpha': 0.07899952416566913, 'lambda': 0.7209158808833778}",0.9255735290733795,0.9264018960399457,0.9258487982788177,0.925941407797381,0.00034446127021858954,261,328,random search for 2 group,8,,
2.4648725986480713,0.10814828360646235,0.38283904393513996,0.03400718830828719,0.28810250524243763,0.8285773721627482,"{'alpha': 0.28810250524243763, 'lambda': 0.8285773721627482}",0.926125773717757,0.9262523297820935,0.9266311538594291,0.9263364191197598,0.0002147176975022576,92,329,random search for 2 group,8,,
2.6335244178771973,0.18083817839771485,0.4610129197438558,0.0793917581033494,0.5502716332776595,0.8292746561747658,"{'alpha': 0.5502716332776595, 'lambda': 0.8292746561747658}",0.9257461055247475,0.9268045744264709,0.9262514812982501,0.9262673870831563,0.0004322644633971366,128,330,random search for 2 group,8,,
2.5122753779093423,0.19937643357142606,0.3860484759012858,0.019760693359456388,0.904333800822951,0.29339907763735906,"{'alpha': 0.904333800822951, 'lambda': 0.29339907763735906}",0.9262983501691249,0.9262178144918198,0.9256762198419182,0.9260641281676211,0.00027625610182329237,228,331,random search for 2 group,8,,
2.5334556102752686,0.1998132982564432,0.44100602467854816,0.10587477443149947,0.18159630386375358,0.4524327131847733,"{'alpha': 0.18159630386375358, 'lambda': 0.4524327131847733}",0.9258611564923261,0.9264594215237351,0.9265161015681628,0.9262788931947413,0.00029628940949418084,120,332,random search for 2 group,8,,
2.464598814646403,0.1729525497078498,0.4759844144185384,0.10005414850629989,0.7115031307116986,0.6454512144993346,"{'alpha': 0.7115031307116986, 'lambda': 0.6454512144993346}",0.9260682482339676,0.9261717941047884,0.9262975022147566,0.9261791815178375,9.373820754480079e-05,174,333,random search for 2 group,8,,
2.5004688103993735,0.12708138267064112,0.5415899753570557,0.10253176812602431,0.2832153349825962,0.6897710155201153,"{'alpha': 0.2832153349825962, 'lambda': 0.6897710155201153}",0.9263213603626407,0.9260222278469362,0.9262975022147566,0.926213696808111,0.00013573890408961423,156,334,random search for 2 group,8,,
2.684814214706421,0.27170029600212314,0.3812419573465983,0.014433416365003907,0.33189064866052054,0.25545554878853083,"{'alpha': 0.33189064866052054, 'lambda': 0.25545554878853083}",0.9257576106215053,0.9262983501691249,0.9265966381720492,0.9262175329875598,0.0003472658638277109,153,335,random search for 2 group,8,,
2.454767942428589,0.05161229697170594,0.44554320971171063,0.04623147971119171,0.18027308293330602,0.9978783351617873,"{'alpha': 0.18027308293330602, 'lambda': 0.9978783351617873}",0.9259992176534204,0.926712533652408,0.9262284708399968,0.9263134073819418,0.0002973388535224801,104,336,random search for 2 group,8,,
2.644036610921224,0.22163175575377392,0.5614248911539713,0.10879776098224901,0.34659435491066515,0.19319810251188085,"{'alpha': 0.34659435491066515, 'lambda': 0.19319810251188085}",0.9262523297820935,0.9261372788145148,0.9264700806516561,0.9262865630827548,0.0001380053256382783,116,337,random search for 2 group,8,,
2.383199612299601,0.043406528889605125,0.37362511952718097,0.026015681504852808,0.35956425175823625,0.1110825203340946,"{'alpha': 0.35956425175823625, 'lambda': 0.1110825203340946}",0.9254124577187695,0.9266089877815873,0.9262514812982501,0.9260909755995357,0.0005014928429509762,216,338,random search for 2 group,8,,
2.680302381515503,0.2015484555738829,0.5041690667470297,0.08678475176640499,0.7839266924981161,0.9487066193728194,"{'alpha': 0.7839266924981161, 'lambda': 0.9487066193728194}",0.9269541406843231,0.9259992176534204,0.9260443871739705,0.926332581837238,0.00043989515545487997,95,339,random search for 2 group,8,,
2.5148828824361167,0.17652148987538982,0.40453195571899414,0.018573200451620187,0.4922803809514025,0.6992855223444515,"{'alpha': 0.4922803809514025, 'lambda': 0.6992855223444515}",0.9257115902344739,0.9267010285556502,0.9257567564458046,0.9260564584119763,0.00045615275164385293,233,340,random search for 2 group,8,,
2.397596518198649,0.08809378679544942,0.5208015441894531,0.10788407808345007,0.8793236660456988,0.2812231160849711,"{'alpha': 0.8793236660456988, 'lambda': 0.2812231160849711}",0.9259301870728733,0.9266780183621344,0.9262744917565033,0.9262942323971703,0.00030561978444892805,113,341,random search for 2 group,8,,
2.645228385925293,0.2417208862850135,0.4438775380452474,0.059630779737530476,0.31946398110509977,0.32425879165035887,"{'alpha': 0.31946398110509977, 'lambda': 0.32425879165035887}",0.9256195494604109,0.9258496513955682,0.925998366257464,0.9258225223711477,0.00015583651563288274,279,342,random search for 2 group,8,,
2.49056339263916,0.1592790125193699,0.5198879241943359,0.22380317072404032,0.10265587226497075,0.30225678239411746,"{'alpha': 0.10265587226497075, 'lambda': 0.30225678239411746}",0.9256655698474424,0.9261948042983041,0.9259408401118309,0.9259337380858592,0.00021611741419022757,263,343,random search for 2 group,8,,
2.6887196699778237,0.30982275721287117,0.6874438126881918,0.22193006662344628,0.9978465907429231,0.4875529818513552,"{'alpha': 0.9978465907429231, 'lambda': 0.4875529818513552}",0.9262523297820935,0.9261487839112726,0.9262629865273767,0.9262213667402476,5.1507875459422465e-05,151,344,random search for 2 group,8,,
2.4445943037668862,0.11607933128552239,0.38776079813639325,0.024911314746380878,0.27967564143746504,0.1594506992921172,"{'alpha': 0.27967564143746504, 'lambda': 0.1594506992921172}",0.9258611564923261,0.9261948042983041,0.9264470701934029,0.9261676769946776,0.00023996615626499282,180,345,random search for 2 group,8,,
2.6329776446024575,0.22691555060765506,0.6398162841796875,0.05920068404992554,0.7578302471708332,0.4548493166803361,"{'alpha': 0.7578302471708332, 'lambda': 0.4548493166803361}",0.9259071768793575,0.926631997975103,0.926412554506023,0.9263172431201611,0.00030348487102938856,101,346,random search for 2 group,8,,
2.778270880381266,0.19464868036714886,0.6287355422973633,0.16856870394988147,0.6065835403004048,0.8777718664325835,"{'alpha': 0.6065835403004048, 'lambda': 0.8777718664325835}",0.926206309395062,0.9264479164269771,0.9259753557992108,0.9262098605404167,0.00019293840934994235,160,347,random search for 2 group,8,,
2.33516001701355,0.05335415104086268,0.36726148923238117,0.01786755175436727,0.19729205748849288,0.6452518652407064,"{'alpha': 0.19729205748849288, 'lambda': 0.6452518652407064}",0.9268390897167446,0.9267010285556502,0.9265851329429226,0.9267084170717724,0.00010380896997333447,5,348,random search for 2 group,8,,
2.581378936767578,0.2665490039215689,0.5977288881937662,0.19157149840440402,0.9063400323487882,0.7788292222830961,"{'alpha': 0.9063400323487882, 'lambda': 0.7788292222830961}",0.9263903909431879,0.9269426355875653,0.9257337459875513,0.9263555908394349,0.0004941401971582582,83,349,random search for 2 group,8,,
2.747164249420166,0.1593519112633751,0.47477491696675617,0.11070792812100208,0.6895202718703481,0.5800850411573829,"{'alpha': 0.6895202718703481, 'lambda': 0.5800850411573829}",0.9256195494604109,0.9259992176534204,0.9263205126730099,0.9259797599289471,0.0002864975958427533,256,350,random search for 2 group,8,,
2.374185085296631,0.023002231592995973,0.4943250020345052,0.18496264572322554,0.027123763743893914,0.9211314045075167,"{'alpha': 0.027123763743893914, 'lambda': 0.9211314045075167}",0.9262293195885778,0.9259647023631469,0.9266771747759357,0.9262903989092202,0.00029405469707054834,114,351,random search for 2 group,8,,
2.6654251416524253,0.2148805666362091,0.5917712052663168,0.05517045800438483,0.4283916502981987,0.8855278787301021,"{'alpha': 0.4283916502981987, 'lambda': 0.8855278787301021}",0.9262178144918198,0.9256885800409581,0.9264930911099094,0.9261331618808958,0.00033385032915812617,196,352,random search for 2 group,8,,
2.5072731177012124,0.2897048966189877,0.48599855105082196,0.05698663443847513,0.30773949020597013,0.7227423671256082,"{'alpha': 0.30773949020597013, 'lambda': 0.7227423671256082}",0.9258841666858418,0.9264594215237351,0.9262169656108702,0.9261868512734823,0.00023581021622923933,169,353,random search for 2 group,8,,
2.406841278076172,0.013963125771045451,0.527605136235555,0.18776327317237726,0.5080104547808059,0.4138571138266167,"{'alpha': 0.5080104547808059, 'lambda': 0.4138571138266167}",0.9268620999102603,0.9271037069421754,0.9269417950458484,0.9269692006327613,0.00010052127175624706,1,354,random search for 2 group,8,,
2.714285691579183,0.174635008527327,0.5916646321614584,0.1577851026281494,0.6466905111686901,0.12371259118017408,"{'alpha': 0.6466905111686901, 'lambda': 0.12371259118017408}",0.9256310545571689,0.9260452380404519,0.925998366257464,0.9258915529516948,0.0001851914345987353,267,355,random search for 2 group,8,,
2.56370480855306,0.36393634409788483,0.44591522216796875,0.04104828020805642,0.714907801554006,0.950761655597189,"{'alpha': 0.714907801554006, 'lambda': 0.950761655597189}",0.9259301870728733,0.9271842426194804,0.9268382479837086,0.9266508925586875,0.0005288291280162463,7,356,random search for 2 group,8,,
2.518954594930013,0.15417755508261444,0.44076768557230633,0.07981721271972848,0.9457543832244543,0.24225264942099034,"{'alpha': 0.9457543832244543, 'lambda': 0.24225264942099034}",0.9264249062334614,0.9269081202972917,0.9263205126730099,0.9265511797345877,0.0002559680030050187,19,357,random search for 2 group,8,,
2.6154839197794595,0.347193891633659,0.5771965185801188,0.15369443363887886,0.6090470232417629,0.6554635604323138,"{'alpha': 0.6090470232417629, 'lambda': 0.6554635604323138}",0.9254699832025587,0.9265629673945558,0.9258603035079443,0.9259644180350196,0.00045224144513741736,259,358,random search for 2 group,8,,
2.564707597096761,0.25634307922998845,0.3886350790659587,0.031081799963353213,0.06299904558993852,0.4197569555085513,"{'alpha': 0.06299904558993852, 'lambda': 0.4197569555085513}",0.9259071768793575,0.9261832992015463,0.9266311538594291,0.9262405433134443,0.0002983212286318443,141,359,random search for 2 group,8,,
2.589672644933065,0.12757980235432334,0.5687621434529623,0.11981029280034289,0.749547912107182,0.9164733832753209,"{'alpha': 0.749547912107182, 'lambda': 0.9164733832753209}",0.9261142686209991,0.9263328654593985,0.9263435231312631,0.926263552403887,0.00010564920686676404,130,360,random search for 2 group,8,,
2.7071468035380044,0.27726482862261537,0.49124495188395184,0.10374384523332665,0.8378064272590674,0.6500952114019649,"{'alpha': 0.8378064272590674, 'lambda': 0.6500952114019649}",0.9265744724913136,0.926206309395062,0.9259293348827042,0.9262367055896933,0.0002642518747919778,145,361,random search for 2 group,8,,
2.3267481327056885,0.0466313732383386,0.3877909978230794,0.004192898266179661,0.055693763654205974,0.7039651291354475,"{'alpha': 0.055693763654205974, 'lambda': 0.7039651291354475}",0.9258036310085368,0.9261372788145148,0.9270568473371147,0.9263325857200554,0.0005299348274819291,93,362,random search for 2 group,8,,
2.7026940981547036,0.1299994431374123,0.6799354553222656,0.04183565765126179,0.04509111602894933,0.937494491450175,"{'alpha': 0.04509111602894933, 'lambda': 0.937494491450175}",0.925872661589084,0.9263443705561564,0.9261939551526168,0.9261369957659523,0.00019674114330089362,195,363,random search for 2 group,8,,
2.3597476482391357,0.05824725299661017,0.3897415002187093,0.021912215416786167,0.31353223363254956,0.3155131360642578,"{'alpha': 0.31353223363254956, 'lambda': 0.3155131360642578}",0.9259877125566626,0.9268275846199866,0.9265736277137959,0.9264629749634817,0.00035169048328714505,42,392,random search for 2 group,8,,
2.372525930404663,0.03348602102791812,0.3807214895884196,0.010907091663803992,0.8611588667118675,0.24117388896333436,"{'alpha': 0.8611588667118675, 'lambda': 0.24117388896333436}",0.9258496513955682,0.9270116661681125,0.9260328819448439,0.9262980665028415,0.0005101056885607714,112,393,random search for 2 group,8,,
2.385701815287272,0.023822153927616323,0.3734193642934163,0.019348121386580756,0.8760499789426017,0.009361797894595902,"{'alpha': 0.8760499789426017, 'lambda': 0.009361797894595902}",0.9264824317172508,0.9268736050070181,0.9265161015681628,0.9266240460974772,0.0001769993440920757,10,394,random search for 2 group,8,,
2.384617567062378,0.024996163577766108,0.37338797251383465,0.009974731859824967,0.8202484867365732,0.5291393347389055,"{'alpha': 0.8202484867365732, 'lambda': 0.5291393347389055}",0.9261948042983041,0.9262178144918198,0.9257797669040579,0.9260641285647274,0.00020129337262709537,227,395,random search for 2 group,8,,
2.3795975844065347,0.03336428624845646,0.3736275831858317,0.019726006277014287,0.7612019329165769,0.16770355453810348,"{'alpha': 0.7612019329165769, 'lambda': 0.16770355453810348}",0.9257576106215053,0.925872661589084,0.9265736277137959,0.9260679666414617,0.0003606281754021413,225,396,random search for 2 group,8,,
2.370030403137207,0.02630291824795568,0.3855503400166829,0.025961680320073677,0.8466268031561077,0.5572328410757343,"{'alpha': 0.8466268031561077, 'lambda': 0.5572328410757343}",0.9259647023631469,0.9266895234588923,0.9256301989254117,0.9260948082491502,0.00044214460152613923,214,397,random search for 2 group,8,,
2.344391663869222,0.04838749831874056,0.38960568110148114,0.003486102194973789,0.019450348106129778,0.27006567475805465,"{'alpha': 0.019450348106129778, 'lambda': 0.27006567475805465}",0.9267355438459237,0.9269081202972917,0.9266886800050623,0.926777448049426,9.435917961632872e-05,2,398,random search for 2 group,8,,
2.378745714823405,0.03652943473698057,0.3718575636545817,0.021084883052905894,0.7423871103356143,0.3138134906554575,"{'alpha': 0.7423871103356143, 'lambda': 0.3138134906554575}",0.9257461055247475,0.9266895234588923,0.9265621224846693,0.9263325838227696,0.00041795163005347907,94,399,random search for 2 group,8,,
2.4037270545959473,0.03940271230008583,0.3856157461802165,0.01900856014583547,0.14849710127566307,0.5347278049303296,"{'alpha': 0.14849710127566307, 'lambda': 0.5347278049303296}",0.9258496513955682,0.9264479164269771,0.9256647146127915,0.9259874274784456,0.0003342533542047355,254,400,random search for 2 group,8,,
2.4023786385854087,0.06557458477166196,0.3939468065897624,0.03304363047251157,0.8794322851815954,0.3426567136490519,"{'alpha': 0.8794322851815954, 'lambda': 0.3426567136490519}",0.9260222278469362,0.9262293195885778,0.9260098714865906,0.9260871396407016,0.0001006628799303749,217,401,random search for 2 group,8,,
2.351844151814779,0.0582343954540284,0.3723576068878174,0.0125806372382297,0.16844780314298813,0.5536637624206223,"{'alpha': 0.16844780314298813, 'lambda': 0.5536637624206223}",0.9261142686209991,0.9258956717825997,0.926412554506023,0.9261408316365406,0.0002118507852072139,194,402,random search for 2 group,8,,
2.3245049317677817,0.06213475830080347,0.3790616989135742,0.018012080292301922,0.4334414057694751,0.6215329647621184,"{'alpha': 0.4334414057694751, 'lambda': 0.6215329647621184}",0.9257691157182631,0.926125773717757,0.9263895440477697,0.9260948111612634,0.00025423327600460933,211,403,random search for 2 group,8,,
2.3557746410369873,0.07476123513655346,0.39334996541341144,0.023700901601342014,0.29096446314017654,0.3767235937365676,"{'alpha': 0.29096446314017654, 'lambda': 0.3767235937365676}",0.9266895234588923,0.926206309395062,0.926124923777857,0.9263402522106038,0.00024919698812082245,90,404,random search for 2 group,8,,
2.3668019771575928,0.04556117324412692,0.3957862854003906,0.006889563590758421,0.5832189709785238,0.4622957246320216,"{'alpha': 0.5832189709785238, 'lambda': 0.4622957246320216}",0.9260222278469362,0.9272072528129962,0.9263780388186431,0.9265358398261919,0.0004964855896088801,22,405,random search for 2 group,8,,
2.3454970518747964,0.03227903636884108,0.3695925871531169,0.022716512246264944,0.7486641976813028,0.8750481098917643,"{'alpha': 0.7486641976813028, 'lambda': 0.8750481098917643}",0.9260107227501784,0.9265859775880715,0.9264815858807828,0.9263594287396776,0.00025022830571581444,79,406,random search for 2 group,8,,
2.367790619532267,0.04260641293225179,0.38185588518778485,0.018341349203523538,0.38766268008868754,0.7289810766168142,"{'alpha': 0.38766268008868754, 'lambda': 0.7289810766168142}",0.9267240387491659,0.9262638348788513,0.9262744917565033,0.9264207884615069,0.0002144744662102882,57,407,random search for 2 group,8,,
2.3777433236440024,0.045377248766879374,0.3780519167582194,0.022451654728214563,0.5060466475280989,0.5390072822060682,"{'alpha': 0.5060466475280989, 'lambda': 0.5390072822060682}",0.9264249062334614,0.925792125911779,0.9268382479837086,0.926351760042983,0.0004301981103559409,84,408,random search for 2 group,8,,
2.365303119023641,0.03756270577301793,0.39959534009297687,0.018821234663653433,0.5599183956519166,0.24656341024417527,"{'alpha': 0.5599183956519166, 'lambda': 0.24656341024417527}",0.9265399572010401,0.925953197266389,0.926826742754582,0.9264399657406703,0.0003635648947993768,50,409,random search for 2 group,8,,
2.3918102582295737,0.06460505604233295,0.38213475545247394,0.02422291584047629,0.35538927203235426,0.23146199414000934,"{'alpha': 0.35538927203235426, 'lambda': 0.23146199414000934}",0.9259762074599047,0.9259992176534204,0.9262744917565033,0.9260833056232762,0.00013551499401709058,219,410,random search for 2 group,8,,
2.3752498626708984,0.0618895706288483,0.38644107182820636,0.021267280098596873,0.06967919693625624,0.8703940434075171,"{'alpha': 0.06967919693625624, 'lambda': 0.8703940434075171}",0.9265974826848293,0.926712533652408,0.9262284708399968,0.9265128290590781,0.0002064846707054191,31,411,random search for 2 group,8,,
2.339193900426229,0.04688393267729353,0.39081478118896484,0.018576909595866872,0.6078418982478637,0.950829083726626,"{'alpha': 0.6078418982478637, 'lambda': 0.950829083726626}",0.9264364113302193,0.9264479164269771,0.9263320179021365,0.926405448553111,5.213531873724989e-05,60,412,random search for 2 group,8,,
2.337567170461019,0.06939583627213204,0.4041646321614583,0.016003501577966397,0.3536078892846166,0.1785239416023522,"{'alpha': 0.3536078892846166, 'lambda': 0.1785239416023522}",0.9262523297820935,0.9266089877815873,0.9259638505700841,0.9262750560445884,0.00026386596050742334,124,413,random search for 2 group,8,,
2.376304308573405,0.04985619487971388,0.3806749979654948,0.023183028095852525,0.856957687635524,0.44974784049169847,"{'alpha': 0.856957687635524, 'lambda': 0.44974784049169847}",0.9264018960399457,0.9264364113302193,0.9267462061506955,0.9265281711736201,0.00015481658984498332,25,414,random search for 2 group,8,,
2.3759490648905435,0.07675713395595381,0.37792595227559406,0.03322156377551205,0.6167208436828717,0.19598133953674202,"{'alpha': 0.6167208436828717, 'lambda': 0.19598133953674202}",0.9259762074599047,0.9263443705561564,0.9262975022147566,0.9262060267436057,0.00016362933259266686,162,415,random search for 2 group,8,,
2.3662830193837485,0.06121099165676132,0.4098142782847087,0.034356989820959145,0.6971362387951986,0.804156741402441,"{'alpha': 0.6971362387951986, 'lambda': 0.804156741402441}",0.926125773717757,0.9263673807496721,0.9263320179021365,0.9262750574565218,0.00010654219427429515,123,416,random search for 2 group,8,,
2.3543150424957275,0.031353887682009036,0.3851805528004964,0.04145843869471511,0.4763048617753154,0.9469934641371441,"{'alpha': 0.4763048617753154, 'lambda': 0.9469934641371441}",0.9265054419107664,0.9258036310085368,0.9257107355292981,0.9260066028162005,0.0003547653912248007,248,417,random search for 2 group,8,,
2.369355837504069,0.025207546039227213,0.39154783884684247,0.04363274767039032,0.9113171021255781,0.977955383780815,"{'alpha': 0.9113171021255781, 'lambda': 0.977955383780815}",0.9264249062334614,0.9266204928783451,0.9267692166089487,0.9266048719069184,0.00014099744614304378,13,418,random search for 2 group,8,,
2.3390371004740396,0.040128707724415444,0.4021020730336507,0.027954694209732168,0.16487359362353127,0.24541239125793823,"{'alpha': 0.16487359362353127, 'lambda': 0.24541239125793823}",0.9255735290733795,0.926206309395062,0.9264930911099094,0.9260909765261168,0.0003841656220530052,215,419,random search for 2 group,8,,
2.3513214588165283,0.06754862516244023,0.36777464548746747,0.020901690490485417,0.6686569789623051,0.3551519654458878,"{'alpha': 0.6686569789623051, 'lambda': 0.3551519654458878}",0.9264824317172508,0.9266435030718608,0.9257912721331846,0.9263057356407653,0.00036967600300194937,109,420,random search for 2 group,8,,
2.341963529586792,0.039825410746969644,0.3735221227010091,0.012686413286670577,0.9957684057743993,0.7922932663923333,"{'alpha': 0.9957684057743993, 'lambda': 0.7922932663923333}",0.9265284521042823,0.9262523297820935,0.9259638505700841,0.9262482108188199,0.0002305160117339018,135,421,random search for 2 group,8,,
2.390373468399048,0.06657857790225245,0.3673275311787923,0.01762915349369728,0.9646510395308415,0.8020363077026363,"{'alpha': 0.9646510395308415, 'lambda': 0.8020363077026363}",0.9265399572010401,0.9266550081686187,0.9264355649642763,0.9265435101113116,8.962253199415664e-05,21,422,random search for 2 group,8,,
2.374131759007772,0.032575209687814535,0.379874308904012,0.011863805767430074,0.9579690444672789,0.6814582144631657,"{'alpha': 0.9579690444672789, 'lambda': 0.6814582144631657}",0.9258496513955682,0.9259992176534204,0.9256532093836649,0.9258340261442178,0.00014168872466224607,278,423,random search for 2 group,8,,
2.402385870615641,0.04724464377581034,0.4018685022989909,0.019598193846783466,0.770741602197881,0.7662806446925632,"{'alpha': 0.770741602197881, 'lambda': 0.7662806446925632}",0.9262638348788513,0.9269426355875653,0.9266196486303024,0.926608706365573,0.0002772272237782558,11,424,random search for 2 group,8,,
2.3797905445098877,0.048190992610439146,0.3838504950205485,0.021600318257649742,0.9034118977055957,0.06220985705611681,"{'alpha': 0.9034118977055957, 'lambda': 0.06220985705611681}",0.9258841666858418,0.9264364113302193,0.9262629865273767,0.9261945215144792,0.00023059218012784797,167,425,random search for 2 group,8,,
2.3582469622294107,0.053527311309782034,0.36225350697835285,0.028842415710685264,0.8282173203107533,0.1298642619293372,"{'alpha': 0.8282173203107533, 'lambda': 0.1298642619293372}",0.9267585540394395,0.9255735290733795,0.9259868610283374,0.9261063147137188,0.0004911027928786215,203,426,random search for 2 group,8,,
2.3640011151631675,0.054932500723753566,0.38152432441711426,0.018876945441071668,0.8576343513533177,0.5151093202048923,"{'alpha': 0.8576343513533177, 'lambda': 0.5151093202048923}",0.9260452380404519,0.9262753399756092,0.9258603035079443,0.926060293841335,0.00016977205350724795,230,427,random search for 2 group,8,,
2.362001975377401,0.0668946834809408,0.37279176712036133,0.011353141273418741,0.7683020639186715,0.510228207591929,"{'alpha': 0.7683020639186715, 'lambda': 0.510228207591929}",0.926712533652408,0.9263903909431879,0.9264815858807828,0.926528170158793,0.000135576675708416,26,428,random search for 2 group,8,,
2.3582724730173745,0.022405018881534858,0.3952311674753825,0.025797137847387217,0.04858441259130308,0.8663141590755895,"{'alpha': 0.04858441259130308, 'lambda': 0.8663141590755895}",0.9266089877815873,0.9260797533307256,0.9264355649642763,0.9263747686921965,0.0002202943727815687,70,429,random search for 2 group,8,,
2.3644694487253823,0.07454658562244414,0.38401468594868976,0.022500594093342638,0.8381826683537092,0.6062028978793739,"{'alpha': 0.8381826683537092, 'lambda': 0.6062028978793739}",0.9264594215237351,0.9269311304908074,0.9262054603817435,0.9265320041320954,0.00030066642986818494,24,430,random search for 2 group,8,,
2.381468931833903,0.056591926929874074,0.3816842238108317,0.004368084125154603,0.1438306973930682,0.3928158724573698,"{'alpha': 0.1438306973930682, 'lambda': 0.3928158724573698}",0.9266665132653765,0.9267470489426816,0.926412554506023,0.9266087055713603,0.00014254339492351484,12,431,random search for 2 group,8,,
2.386408726374308,0.06562959285109593,0.39259139696757,0.021570552038395054,0.8907510003766143,0.564897909747294,"{'alpha': 0.8907510003766143, 'lambda': 0.564897909747294}",0.9259301870728733,0.926712533652408,0.9261709446943636,0.9262712218065484,0.00032716781325846617,126,432,random search for 2 group,8,,
2.345228592554728,0.019468372155113146,0.38367605209350586,0.019912523102581237,0.5796081319201981,0.43070167962707306,"{'alpha': 0.5796081319201981, 'lambda': 0.43070167962707306}",0.9256425596539267,0.9259301870728733,0.9264010492768964,0.9259912653345653,0.00031264947633269266,252,433,random search for 2 group,8,,
2.3858670393625894,0.05379613412640415,0.37576039632161456,0.02099050180334539,0.2883399758156189,0.19892590173270797,"{'alpha': 0.2883399758156189, 'lambda': 0.19892590173270797}",0.9261602890080306,0.9259647023631469,0.9272179205448876,0.9264476373053551,0.0005504941633010733,47,434,random search for 2 group,8,,
2.3695202668507895,0.04784491481734266,0.3654669125874837,0.019799613667737814,0.6383906759673666,0.9198993554042381,"{'alpha': 0.6383906759673666, 'lambda': 0.9198993554042381}",0.9263098552658828,0.9264939368140086,0.9263320179021365,0.9263786033273426,8.205346009898533e-05,68,435,random search for 2 group,8,,
2.3916351795196533,0.035543161871550655,0.3989199797312419,0.020036427912303853,0.16012951329577718,0.45196249005608113,"{'alpha': 0.16012951329577718, 'lambda': 0.45196249005608113}",0.9258611564923261,0.9264134011367036,0.9260558924030972,0.9261101500107088,0.0002286940500591747,202,436,random search for 2 group,8,,
2.356710513432821,0.06078278873664659,0.4049178759256999,0.01628833318387854,0.7582098455899037,0.7346894610948523,"{'alpha': 0.7582098455899037, 'lambda': 0.7346894610948523}",0.9264018960399457,0.9259992176534204,0.9259868610283374,0.9261293249072345,0.0001928029016663829,199,437,random search for 2 group,8,,
2.398564577102661,0.04639229131721656,0.38638925552368164,0.02585188656709066,0.9356364722488394,0.13057779262490588,"{'alpha': 0.9356364722488394, 'lambda': 0.13057779262490588}",0.9259186819761154,0.9260452380404519,0.9258257878205645,0.9259299026123773,8.994082039783588e-05,264,438,random search for 2 group,8,,
2.359053293863932,0.0461807768919978,0.3922591209411621,0.0077888089220631,0.39115332176373707,0.3185603810599419,"{'alpha': 0.39115332176373707, 'lambda': 0.3185603810599419}",0.9258496513955682,0.9268160795232288,0.9264470701934029,0.9263709337040668,0.00039819878221789164,72,439,random search for 2 group,8,,
2.3660519123077393,0.05388103836150262,0.3809991677602132,0.008905097485285332,0.5338418541621324,0.15846381296613066,"{'alpha': 0.5338418541621324, 'lambda': 0.15846381296613066}",0.9262753399756092,0.9260452380404519,0.9261364290069837,0.9261523356743483,9.460969538324425e-05,190,440,random search for 2 group,8,,
2.4161561330159507,0.062258225059323116,0.3900294303894043,0.03319526844731709,0.6628215832034101,0.9398148117917128,"{'alpha': 0.6628215832034101, 'lambda': 0.9398148117917128}",0.9255390137831059,0.9257461055247475,0.926124923777857,0.9258033476952368,0.00024259723830397816,282,441,random search for 2 group,8,,
2.36896022160848,0.057391001600338436,0.4071848392486572,0.044833521180505445,0.9996294678868738,0.8079175829889289,"{'alpha': 0.9996294678868738, 'lambda': 0.8079175829889289}",0.9264479164269771,0.9266089877815873,0.9270913630244947,0.9267160890776864,0.00027338482850347784,4,442,random search for 2 group,8,,
2.3808846473693848,0.0570916542732725,0.3831667900085449,0.013017033119943691,0.5786829843326611,0.17586951791033967,"{'alpha': 0.5786829843326611, 'lambda': 0.17586951791033967}",0.9258266412020525,0.9265974826848293,0.9268497532128352,0.9264246256999057,0.00043520048987384554,55,443,random search for 2 group,8,,
2.3423728148142495,0.05061853734341404,0.3884925842285156,0.018140101376380224,0.023534266904939205,0.310752607872952,"{'alpha': 0.023534266904939205, 'lambda': 0.310752607872952}",0.9255735290733795,0.926551462297798,0.9261594394652369,0.9260948102788048,0.00040184660975676496,212,444,random search for 2 group,8,,
2.3496312300364175,0.03808738618567373,0.39331968625386554,0.02390788096481204,0.4705366924994373,0.33197902781784683,"{'alpha': 0.4705366924994373, 'lambda': 0.33197902781784683}",0.92637888584643,0.9263213603626407,0.9264930911099094,0.9263977791063267,7.137029653626472e-05,63,445,random search for 2 group,8,,
2.3488940397898355,0.030308837941530185,0.38124696413675946,0.01852600707841728,0.20488158468269801,0.2694872214673465,"{'alpha': 0.20488158468269801, 'lambda': 0.2694872214673465}",0.9263213603626407,0.9268851101037759,0.9262054603817435,0.9264706436160534,0.00029686703362147087,39,446,random search for 2 group,8,,
2.3514860471089682,0.06670744996239841,0.3808428446451823,0.037964712316562475,0.9483735507532535,0.059902203022421,"{'alpha': 0.9483735507532535, 'lambda': 0.059902203022421}",0.9258956717825997,0.9260912584274834,0.9263205126730099,0.9261024809610309,0.0001736220118255876,206,447,random search for 2 group,8,,
2.3241066137949624,0.05386342335990437,0.3694748878479004,0.022569328487054594,,,"{'colsample_bytree': 0.867797422033264, 'subsample': 0.7306602780896931}",0.9257806208150211,0.9247221519132975,0.9261019133196038,0.9255348953493074,0.0005894749855920841,121,364,random search for 3 group,8,0.867797422033264,0.7306602780896931
2.2891451517740884,0.04225063422651212,0.3797289530436198,0.04037700065809338,,,"{'colsample_bytree': 0.5658491452653266, 'subsample': 0.8392224258539737}",0.9261717941047884,0.9263673807496721,0.9254346100302587,0.9259912616282397,0.0004016294187974136,18,365,random search for 3 group,8,0.5658491452653266,0.8392224258539737
2.336298147837321,0.05783749196292625,0.4013042449951172,0.014184207511445224,,,"{'colsample_bytree': 0.7323171822868022, 'subsample': 0.6829162438810555}",0.9253434271382223,0.9250903150095492,0.9248593485739268,0.9250976969072328,0.00019769316867752787,225,366,random search for 3 group,8,0.7323171822868022,0.6829162438810555
2.33789332707723,0.057658091361909254,0.38642438252766925,0.028173955622081515,,,"{'colsample_bytree': 0.6769358203444683, 'subsample': 0.6730806517542476}",0.9246416162359925,0.9245150601716561,0.9261479342361103,0.925101536881253,0.0007417163328139286,221,367,random search for 3 group,8,0.6769358203444683,0.6730806517542476
2.2894016106923423,0.07951452802666813,0.3858097394307454,0.025729193295250485,,,"{'colsample_bytree': 0.6001092078868847, 'subsample': 0.5823688149615432}",0.9243194735267724,0.9256195494604109,0.9247327910535338,0.9248906046802391,0.0005423579469237031,273,368,random search for 3 group,8,0.6001092078868847,0.5823688149615432
2.321204741795858,0.06766225586906721,0.39526979128519696,0.03584775526827438,,,"{'colsample_bytree': 0.7897513457874119, 'subsample': 0.5706272911292453}",0.9242044225591938,0.9249637589452128,0.9243301080341015,0.9244994298461693,0.0003323154563709452,333,369,random search for 3 group,8,0.7897513457874119,0.5706272911292453
2.277717669804891,0.043655456784447356,0.3912741343180339,0.023512488351010705,,,"{'colsample_bytree': 0.648004176569624, 'subsample': 0.5511943213395089}",0.9242849582364988,0.9249752640419706,0.9250319270108264,0.9247640497630987,0.0003395577429094827,292,370,random search for 3 group,8,0.648004176569624,0.5511943213395089
2.303701877593994,0.05352527442455315,0.38666558265686035,0.015656654908607084,,,"{'colsample_bytree': 0.773144072357847, 'subsample': 0.5444050505257085}",0.9237327135921213,0.9246531213327505,0.9252620315933592,0.9245492888394103,0.0006286436601830412,324,371,random search for 3 group,8,0.773144072357847,0.5444050505257085
2.333382765452067,0.050294190032238256,0.3852279980977376,0.003426308223182871,,,"{'colsample_bytree': 0.7901016897286954, 'subsample': 0.7890276659388309}",0.9253894475252537,0.9258151361052946,0.9257797669040579,0.9256614501782021,0.00019287617358859784,83,372,random search for 3 group,8,0.7901016897286954,0.7890276659388309
2.323871930440267,0.05159894644520507,0.3692926565806071,0.01791326259321841,,,"{'colsample_bytree': 0.6316488044708229, 'subsample': 0.6798739846167435}",0.925366437331738,0.9243769990105617,0.9246982753661539,0.9248139039028178,0.0004121282298195629,289,373,random search for 3 group,8,0.6316488044708229,0.6798739846167435
2.33327054977417,0.03768482454077324,0.38879823684692383,0.026285988150236216,,,"{'colsample_bytree': 0.6445448007905713, 'subsample': 0.6108806666317046}",0.9247451621068133,0.9256885800409581,0.9243876341797347,0.9249404587758354,0.0005487686975748011,262,374,random search for 3 group,8,0.6445448007905713,0.6108806666317046
2.321177085240682,0.0656697266947589,0.3806466261545817,0.0241273537585452,,,"{'colsample_bytree': 0.6232086096316636, 'subsample': 0.6336011570760827}",0.9246646264295083,0.9242504429462252,0.9250549374690797,0.924656668948271,0.00032848170974600306,312,375,random search for 3 group,8,0.6232086096316636,0.6336011570760827
2.27481476465861,0.0469670860394255,0.39248092969258624,0.03446655540062226,,,"{'colsample_bytree': 0.6895808707692596, 'subsample': 0.786168124152839}",0.9249867691387285,0.926125773717757,0.9247212858244072,0.9252779428936307,0.0006092252879953389,178,376,random search for 3 group,8,0.6895808707692596,0.786168124152839
2.2791535059611,0.019158132771428873,0.41730213165283203,0.018194217469550234,,,"{'colsample_bytree': 0.5927964109271888, 'subsample': 0.5816932497713876}",0.9248372028808762,0.9245495754619296,0.9252735368224858,0.9248867717217638,0.00029762707693219284,274,377,random search for 3 group,8,0.5927964109271888,0.5816932497713876
2.3193761507670083,0.07272710071983765,0.3803677558898926,0.024684238998520656,,,"{'colsample_bytree': 0.7450558484679649, 'subsample': 0.5874019962946335}",0.9246531213327505,0.9250097793322442,0.9251814949894727,0.9249481318848224,0.0002200681502167137,260,378,random search for 3 group,8,0.7450558484679649,0.5874019962946335
2.3344948291778564,0.028355692329924253,0.38448182741800946,0.007989641342210184,,,"{'colsample_bytree': 0.7229667694499337, 'subsample': 0.6373975198790099}",0.9240548563013415,0.9252168710738857,0.9249398851778133,0.9247372041843468,0.0004955665254616134,297,379,random search for 3 group,8,0.7229667694499337,0.6373975198790099
2.3887597719828286,0.0248063471706102,0.3910847504933675,0.03781548397591315,,,"{'colsample_bytree': 0.8606765837519648, 'subsample': 0.5950592987798249}",0.9245035550748982,0.9248256977841184,0.924663759678774,0.9246643375125969,0.00013151484502993072,309,380,random search for 3 group,8,0.8606765837519648,0.5950592987798249
2.324084440867106,0.035008681438702956,0.3888309796651204,0.01804169250760098,,,"{'colsample_bytree': 0.7672998111992232, 'subsample': 0.5721306877823046}",0.924768172300329,0.9253549322349801,0.9251584845312194,0.9250938630221762,0.000243863021388647,226,381,random search for 3 group,8,0.7672998111992232,0.5721306877823046
2.3644754886627197,0.0521869656290487,0.37636582056681317,0.025934772351399887,,,"{'colsample_bytree': 0.6817638536092667, 'subsample': 0.8152344633488577}",0.9262983501691249,0.9265629673945558,0.9262054603817435,0.9263555926484747,0.00015146031853060363,1,382,random search for 3 group,8,0.6817638536092667,0.8152344633488577
2.3376755714416504,0.054926167653935994,0.3822790781656901,0.018552239653629926,,,"{'colsample_bytree': 0.8731775222485851, 'subsample': 0.598959815227319}",0.9242389378494673,0.9242274327527095,0.9250319270108264,0.9244994325376678,0.0003765597471594974,332,383,random search for 3 group,8,0.8731775222485851,0.598959815227319
2.3272233804066977,0.07000386616465158,0.3626289367675781,0.019650401499525252,,,"{'colsample_bytree': 0.6889414470686615, 'subsample': 0.6868228633395657}",0.9251248302998228,0.9238937849467314,0.9250319270108264,0.9246835140857935,0.00055970935320009,306,384,random search for 3 group,8,0.6889414470686615,0.6868228633395657
2.3754220803578696,0.06402016627720797,0.36818472544352215,0.015856052691761158,,,"{'colsample_bytree': 0.8724962320369893, 'subsample': 0.85866099129539}",0.9252974067511908,0.926206309395062,0.9255956832380317,0.9256997997947615,0.0003782910669911726,71,385,random search for 3 group,8,0.8724962320369893,0.85866099129539
2.33139705657959,0.04199424727015046,0.3781899611155192,0.023119719531774365,,,"{'colsample_bytree': 0.5795610112121654, 'subsample': 0.5911006309670495}",0.9248141926873605,0.9249522538484549,0.9251239688438395,0.9249634717932184,0.00012671410995954244,255,386,random search for 3 group,8,0.5795610112121654,0.5911006309670495
2.3527163664499917,0.05241362364144259,0.3900979359944661,0.018061951832440384,,,"{'colsample_bytree': 0.7017040000952212, 'subsample': 0.638877716164762}",0.9248487079776341,0.9251708506868542,0.9249859060943199,0.9250018215862693,0.0001319948444420504,251,387,random search for 3 group,8,0.7017040000952212,0.638877716164762
2.371542453765869,0.05194300867362343,0.37325676282246906,0.018308816840202313,,,"{'colsample_bytree': 0.5163797314997717, 'subsample': 0.6514383785347914}",0.9245955958489611,0.924607100945719,0.9250089165525731,0.9247372044490844,0.00019218687468112685,296,388,random search for 3 group,8,0.5163797314997717,0.6514383785347914
2.4015161196390786,0.09784481423136651,0.38864533106486004,0.03161621920093914,,,"{'colsample_bytree': 0.7227125790871113, 'subsample': 0.694997654129301}",0.9250442946225178,0.9252859016544329,0.9250894531564596,0.9251398831444702,0.00010488367281822672,214,389,random search for 3 group,8,0.7227125790871113,0.694997654129301
2.39858349164327,0.05954588077453687,0.4033183256785075,0.03203228154983349,,,"{'colsample_bytree': 0.7857467477714251, 'subsample': 0.8284270166499745}",0.9261717941047884,0.9255735290733795,0.9249744008651932,0.9255732413477871,0.0004888337854162691,115,390,random search for 3 group,8,0.7857467477714251,0.8284270166499745
2.3093098799387612,0.031189565699787147,0.383616844813029,0.02842116085146339,,,"{'colsample_bytree': 0.522130111464448, 'subsample': 0.700020304578757}",0.9247796773970869,0.9250788099127913,0.9254115995720055,0.925090028960628,0.00025810309188930485,229,391,random search for 3 group,8,0.522130111464448,0.700020304578757
