experiment_name,mean_fit_time,mean_score_time,mean_test_score,param_alpha,param_colsample_bytree,param_gamma,param_lambda,param_max_depth,param_min_child_weight,param_subsample,params,rank_test_score,split0_test_score,split1_test_score,split2_test_score,split3_test_score,split4_test_score,std_fit_time,std_score_time,std_test_score
grid search,4.434634113311768,0.024196529388427736,0.6293548948011717,0,,,0,3,1,,"{'alpha': 0, 'lambda': 0, 'max_depth': 3, 'min_child_weight': 1}",46,0.6115264669861163,0.5623230208196356,0.6696314928985911,0.6555209700276874,0.6477725232738276,0.0791355061193403,0.001099130808198381,0.03861917102541351
grid search,4.379278755187988,0.02272486686706543,0.6337807342149574,0,,,0,3,3,,"{'alpha': 0, 'lambda': 0, 'max_depth': 3, 'min_child_weight': 3}",19,0.6216748692471644,0.5606262882922661,0.6738930906368141,0.66199786167313,0.6507115612254121,0.03759923539599943,0.0004554852517616778,0.040472176239577655
grid search,4.379749202728272,0.022791194915771484,0.6345587257651198,0,,,0,3,6,,"{'alpha': 0, 'lambda': 0, 'max_depth': 3, 'min_child_weight': 6}",10,0.6240407030012121,0.5689835451337493,0.6706963841073964,0.6550446847436905,0.6540283118395507,0.017808851005960594,0.0013760265070365066,0.03609820706169053
grid search,6.746067333221435,0.03452425003051758,0.629380191998501,0,,,0,5,1,,"{'alpha': 0, 'lambda': 0, 'max_depth': 5, 'min_child_weight': 1}",37,0.6287120112717868,0.5719577875823045,0.6894108268259298,0.6444426446207135,0.6123776896917703,0.06920625178954541,0.0005187783693038232,0.03851601920212332
grid search,6.693218326568603,0.03471369743347168,0.6323481862252281,0,,,0,5,3,,"{'alpha': 0, 'lambda': 0, 'max_depth': 5, 'min_child_weight': 3}",28,0.6335613375224913,0.5933031553676682,0.6830706124493113,0.6388017997113523,0.6130040260753176,0.05096413070177115,0.00045461789201585787,0.030048615115273097
grid search,6.6652062892913815,0.03381795883178711,0.6424377947985033,0,,,0,5,6,,"{'alpha': 0, 'lambda': 0, 'max_depth': 5, 'min_child_weight': 6}",1,0.6510576881878526,0.5832868718034592,0.6971556939651795,0.6332451523029357,0.6474435677330896,0.10104529923143483,0.0006505064418111945,0.03654242789182975
grid search,14.791600322723388,0.07913413047790527,0.5693012020457918,0,,,0,10,1,,"{'alpha': 0, 'lambda': 0, 'max_depth': 10, 'min_child_weight': 1}",73,0.6080802487520205,0.4937889742856133,0.6498572104236293,0.6259056073366207,0.4688739694310754,0.1091260018348913,0.004702102306477842,0.07346409904095734
grid search,13.886528825759887,0.07019171714782715,0.572087470956486,0,,,0,10,3,,"{'alpha': 0, 'lambda': 0, 'max_depth': 10, 'min_child_weight': 3}",64,0.6047367850348355,0.4218426615949834,0.6537751057655934,0.6147663191126185,0.5653164832743995,0.15226775282408195,0.0025365725667006647,0.0802242862039822
grid search,12.963587045669556,0.06228151321411133,0.6081922692071275,0,,,0,10,6,,"{'alpha': 0, 'lambda': 0, 'max_depth': 10, 'min_child_weight': 6}",55,0.6250464838080245,0.523427827516064,0.6920792155526347,0.6122685488004558,0.5881392703584587,0.09725906727235614,0.0014342512725616522,0.0546348491538734
grid search,4.369108247756958,0.02229418754577637,0.6293548948011717,0,,,0.005,3,1,,"{'alpha': 0, 'lambda': 0.005, 'max_depth': 3, 'min_child_weight': 1}",46,0.6115264669861163,0.5623230208196356,0.6696314928985911,0.6555209700276874,0.6477725232738276,0.02959352716578126,0.000706310839177766,0.03861917102541351
grid search,4.346615839004516,0.022156524658203124,0.6337807342149574,0,,,0.005,3,3,,"{'alpha': 0, 'lambda': 0.005, 'max_depth': 3, 'min_child_weight': 3}",19,0.6216748692471644,0.5606262882922661,0.6738930906368141,0.66199786167313,0.6507115612254121,0.029147258586232416,0.0005042237278682342,0.040472176239577655
grid search,4.305393552780151,0.021920442581176758,0.6345587257651198,0,,,0.005,3,6,,"{'alpha': 0, 'lambda': 0.005, 'max_depth': 3, 'min_child_weight': 6}",10,0.6240407030012121,0.5689835451337493,0.6706963841073964,0.6550446847436905,0.6540283118395507,0.05208556947264764,0.0010786612498038283,0.03609820706169053
grid search,6.6599140644073485,0.03474006652832031,0.629380191998501,0,,,0.005,5,1,,"{'alpha': 0, 'lambda': 0.005, 'max_depth': 5, 'min_child_weight': 1}",37,0.6287120112717868,0.5719577875823045,0.6894108268259298,0.6444426446207135,0.6123776896917703,0.06951589298216362,0.0004496945186873631,0.03851601920212332
grid search,6.661667156219482,0.03455562591552734,0.6323481862252281,0,,,0.005,5,3,,"{'alpha': 0, 'lambda': 0.005, 'max_depth': 5, 'min_child_weight': 3}",28,0.6335613375224913,0.5933031553676682,0.6830706124493113,0.6388017997113523,0.6130040260753176,0.05492422105067135,0.0004158703065467638,0.030048615115273097
grid search,6.5662360191345215,0.03356943130493164,0.6424377947985033,0,,,0.005,5,6,,"{'alpha': 0, 'lambda': 0.005, 'max_depth': 5, 'min_child_weight': 6}",1,0.6510576881878526,0.5832868718034592,0.6971556939651795,0.6332451523029357,0.6474435677330896,0.07213739322822182,0.0007218069872518726,0.03654242789182975
grid search,14.641177892684937,0.07481689453125,0.5693012020457918,0,,,0.005,10,1,,"{'alpha': 0, 'lambda': 0.005, 'max_depth': 10, 'min_child_weight': 1}",73,0.6080802487520205,0.4937889742856133,0.6498572104236293,0.6259056073366207,0.4688739694310754,0.0732918217747831,0.001120354139056362,0.07346409904095734
grid search,13.882276344299317,0.07020153999328613,0.572087470956486,0,,,0.005,10,3,,"{'alpha': 0, 'lambda': 0.005, 'max_depth': 10, 'min_child_weight': 3}",64,0.6047367850348355,0.4218426615949834,0.6537751057655934,0.6147663191126185,0.5653164832743995,0.1798557330559652,0.002345008403806951,0.0802242862039822
grid search,13.003361082077026,0.061867809295654295,0.6081922692071275,0,,,0.005,10,6,,"{'alpha': 0, 'lambda': 0.005, 'max_depth': 10, 'min_child_weight': 6}",55,0.6250464838080245,0.523427827516064,0.6920792155526347,0.6122685488004558,0.5881392703584587,0.1626427342950879,0.001206284172733386,0.0546348491538734
grid search,4.3088830471038815,0.02217998504638672,0.6293548948011717,0,,,0.01,3,1,,"{'alpha': 0, 'lambda': 0.01, 'max_depth': 3, 'min_child_weight': 1}",46,0.6115264669861163,0.5623230208196356,0.6696314928985911,0.6555209700276874,0.6477725232738276,0.01988962873787402,0.00047549977150918775,0.03861917102541351
grid search,4.352033519744873,0.022131061553955077,0.6337807342149574,0,,,0.01,3,3,,"{'alpha': 0, 'lambda': 0.01, 'max_depth': 3, 'min_child_weight': 3}",19,0.6216748692471644,0.5606262882922661,0.6738930906368141,0.66199786167313,0.6507115612254121,0.027365745667417323,0.0004479297098912715,0.040472176239577655
grid search,4.332585954666138,0.02196784019470215,0.6345587257651198,0,,,0.01,3,6,,"{'alpha': 0, 'lambda': 0.01, 'max_depth': 3, 'min_child_weight': 6}",10,0.6240407030012121,0.5689835451337493,0.6706963841073964,0.6550446847436905,0.6540283118395507,0.03551471959669046,0.0010040299712148677,0.03609820706169053
grid search,6.704855346679688,0.03459920883178711,0.629380191998501,0,,,0.01,5,1,,"{'alpha': 0, 'lambda': 0.01, 'max_depth': 5, 'min_child_weight': 1}",37,0.6287120112717868,0.5719577875823045,0.6894108268259298,0.6444426446207135,0.6123776896917703,0.07375835433792388,0.0003506083981848908,0.03851601920212332
grid search,6.672867059707642,0.034708833694458006,0.6323481862252281,0,,,0.01,5,3,,"{'alpha': 0, 'lambda': 0.01, 'max_depth': 5, 'min_child_weight': 3}",28,0.6335613375224913,0.5933031553676682,0.6830706124493113,0.6388017997113523,0.6130040260753176,0.030544936468655946,0.0007349200720344113,0.030048615115273097
grid search,6.590071344375611,0.03378629684448242,0.6424377947985033,0,,,0.01,5,6,,"{'alpha': 0, 'lambda': 0.01, 'max_depth': 5, 'min_child_weight': 6}",1,0.6510576881878526,0.5832868718034592,0.6971556939651795,0.6332451523029357,0.6474435677330896,0.044833747448826074,0.0005701561262016988,0.03654242789182975
grid search,14.687280130386352,0.0752173900604248,0.5693012020457918,0,,,0.01,10,1,,"{'alpha': 0, 'lambda': 0.01, 'max_depth': 10, 'min_child_weight': 1}",73,0.6080802487520205,0.4937889742856133,0.6498572104236293,0.6259056073366207,0.4688739694310754,0.08217326635910004,0.001440987033060491,0.07346409904095734
grid search,13.820368194580078,0.06955885887145996,0.572087470956486,0,,,0.01,10,3,,"{'alpha': 0, 'lambda': 0.01, 'max_depth': 10, 'min_child_weight': 3}",64,0.6047367850348355,0.4218426615949834,0.6537751057655934,0.6147663191126185,0.5653164832743995,0.16503209206225503,0.002480751710798241,0.0802242862039822
grid search,13.065290117263794,0.06233973503112793,0.6081922692071275,0,,,0.01,10,6,,"{'alpha': 0, 'lambda': 0.01, 'max_depth': 10, 'min_child_weight': 6}",55,0.6250464838080245,0.523427827516064,0.6920792155526347,0.6122685488004558,0.5881392703584587,0.1819408912203224,0.0015400214847626913,0.0546348491538734
grid search,4.3470464706420895,0.022422599792480468,0.6293548948011717,0.005,,,0,3,1,,"{'alpha': 0.005, 'lambda': 0, 'max_depth': 3, 'min_child_weight': 1}",46,0.6115264669861163,0.5623230208196356,0.6696314928985911,0.6555209700276874,0.6477725232738276,0.021567045481396995,0.0005790777945784779,0.03861917102541351
grid search,4.3436511039733885,0.022423839569091795,0.6337807342149574,0.005,,,0,3,3,,"{'alpha': 0.005, 'lambda': 0, 'max_depth': 3, 'min_child_weight': 3}",19,0.6216748692471644,0.5606262882922661,0.6738930906368141,0.66199786167313,0.6507115612254121,0.02759537089850763,0.00045907636024129116,0.040472176239577655
grid search,4.312117242813111,0.022448635101318358,0.6345587257651198,0.005,,,0,3,6,,"{'alpha': 0.005, 'lambda': 0, 'max_depth': 3, 'min_child_weight': 6}",10,0.6240407030012121,0.5689835451337493,0.6706963841073964,0.6550446847436905,0.6540283118395507,0.046697389552746715,0.0013698062841234853,0.03609820706169053
grid search,6.721879529953003,0.034533452987670896,0.629380191998501,0.005,,,0,5,1,,"{'alpha': 0.005, 'lambda': 0, 'max_depth': 5, 'min_child_weight': 1}",37,0.6287120112717868,0.5719577875823045,0.6894108268259298,0.6444426446207135,0.6123776896917703,0.04067390715513451,0.00023396633132840433,0.03851601920212332
grid search,6.671576738357544,0.03470945358276367,0.6323481862252281,0.005,,,0,5,3,,"{'alpha': 0.005, 'lambda': 0, 'max_depth': 5, 'min_child_weight': 3}",28,0.6335613375224913,0.5933031553676682,0.6830706124493113,0.6388017997113523,0.6130040260753176,0.055517984819587356,0.0005000285055308041,0.030048615115273097
grid search,6.584787368774414,0.03346090316772461,0.6424377947985033,0.005,,,0,5,6,,"{'alpha': 0.005, 'lambda': 0, 'max_depth': 5, 'min_child_weight': 6}",1,0.6510576881878526,0.5832868718034592,0.6971556939651795,0.6332451523029357,0.6474435677330896,0.01822053551506012,0.00045624691298628775,0.03654242789182975
grid search,14.59453043937683,0.0758387565612793,0.5693012020457918,0.005,,,0,10,1,,"{'alpha': 0.005, 'lambda': 0, 'max_depth': 10, 'min_child_weight': 1}",73,0.6080802487520205,0.4937889742856133,0.6498572104236293,0.6259056073366207,0.4688739694310754,0.1338644833779958,0.0011696114443279634,0.07346409904095734
grid search,13.879140949249267,0.0698892593383789,0.572087470956486,0.005,,,0,10,3,,"{'alpha': 0.005, 'lambda': 0, 'max_depth': 10, 'min_child_weight': 3}",64,0.6047367850348355,0.4218426615949834,0.6537751057655934,0.6147663191126185,0.5653164832743995,0.24232582695709504,0.0027966682192829798,0.0802242862039822
grid search,12.943145084381104,0.06188368797302246,0.6081922692071275,0.005,,,0,10,6,,"{'alpha': 0.005, 'lambda': 0, 'max_depth': 10, 'min_child_weight': 6}",55,0.6250464838080245,0.523427827516064,0.6920792155526347,0.6122685488004558,0.5881392703584587,0.09748581260944329,0.0013734039203935166,0.0546348491538734
grid search,4.343899250030518,0.022414636611938477,0.6293548948011717,0.005,,,0.005,3,1,,"{'alpha': 0.005, 'lambda': 0.005, 'max_depth': 3, 'min_child_weight': 1}",46,0.6115264669861163,0.5623230208196356,0.6696314928985911,0.6555209700276874,0.6477725232738276,0.026599386722547313,0.0006792864468977691,0.03861917102541351
grid search,4.3089111328125,0.022544717788696288,0.6337807342149574,0.005,,,0.005,3,3,,"{'alpha': 0.005, 'lambda': 0.005, 'max_depth': 3, 'min_child_weight': 3}",19,0.6216748692471644,0.5606262882922661,0.6738930906368141,0.66199786167313,0.6507115612254121,0.02437500450014952,0.0006572489359304094,0.040472176239577655
grid search,4.329769802093506,0.022250032424926756,0.6345587257651198,0.005,,,0.005,3,6,,"{'alpha': 0.005, 'lambda': 0.005, 'max_depth': 3, 'min_child_weight': 6}",10,0.6240407030012121,0.5689835451337493,0.6706963841073964,0.6550446847436905,0.6540283118395507,0.03153833405531436,0.0012602691310687516,0.03609820706169053
grid search,6.66941647529602,0.03468647003173828,0.629380191998501,0.005,,,0.005,5,1,,"{'alpha': 0.005, 'lambda': 0.005, 'max_depth': 5, 'min_child_weight': 1}",37,0.6287120112717868,0.5719577875823045,0.6894108268259298,0.6444426446207135,0.6123776896917703,0.02561603420109777,0.0006215052167709941,0.03851601920212332
grid search,6.654566812515259,0.03478937149047852,0.6323481862252281,0.005,,,0.005,5,3,,"{'alpha': 0.005, 'lambda': 0.005, 'max_depth': 5, 'min_child_weight': 3}",28,0.6335613375224913,0.5933031553676682,0.6830706124493113,0.6388017997113523,0.6130040260753176,0.03718694184143303,0.000731986513733361,0.030048615115273097
grid search,6.534474849700928,0.03389387130737305,0.6424377947985033,0.005,,,0.005,5,6,,"{'alpha': 0.005, 'lambda': 0.005, 'max_depth': 5, 'min_child_weight': 6}",1,0.6510576881878526,0.5832868718034592,0.6971556939651795,0.6332451523029357,0.6474435677330896,0.028093904679656882,0.0005186139199721204,0.03654242789182975
grid search,14.616457414627074,0.07586865425109864,0.5693012020457918,0.005,,,0.005,10,1,,"{'alpha': 0.005, 'lambda': 0.005, 'max_depth': 10, 'min_child_weight': 1}",73,0.6080802487520205,0.4937889742856133,0.6498572104236293,0.6259056073366207,0.4688739694310754,0.10805661711888699,0.0009166697413017244,0.07346409904095734
grid search,13.867019748687744,0.0700617790222168,0.572087470956486,0.005,,,0.005,10,3,,"{'alpha': 0.005, 'lambda': 0.005, 'max_depth': 10, 'min_child_weight': 3}",64,0.6047367850348355,0.4218426615949834,0.6537751057655934,0.6147663191126185,0.5653164832743995,0.127451519322026,0.002744811602544649,0.0802242862039822
grid search,12.997437143325806,0.06255140304565429,0.6081922692071275,0.005,,,0.005,10,6,,"{'alpha': 0.005, 'lambda': 0.005, 'max_depth': 10, 'min_child_weight': 6}",55,0.6250464838080245,0.523427827516064,0.6920792155526347,0.6122685488004558,0.5881392703584587,0.07112586536829237,0.0017016408355662257,0.0546348491538734
grid search,4.319068765640258,0.02250843048095703,0.6293548948011717,0.005,,,0.01,3,1,,"{'alpha': 0.005, 'lambda': 0.01, 'max_depth': 3, 'min_child_weight': 1}",46,0.6115264669861163,0.5623230208196356,0.6696314928985911,0.6555209700276874,0.6477725232738276,0.025635163860140586,0.0008892295465848267,0.03861917102541351
grid search,4.344146394729615,0.0222501277923584,0.6337807342149574,0.005,,,0.01,3,3,,"{'alpha': 0.005, 'lambda': 0.01, 'max_depth': 3, 'min_child_weight': 3}",19,0.6216748692471644,0.5606262882922661,0.6738930906368141,0.66199786167313,0.6507115612254121,0.01760570988519879,0.0007427082222210122,0.040472176239577655
grid search,4.330789613723755,0.022426414489746093,0.6345587257651198,0.005,,,0.01,3,6,,"{'alpha': 0.005, 'lambda': 0.01, 'max_depth': 3, 'min_child_weight': 6}",10,0.6240407030012121,0.5689835451337493,0.6706963841073964,0.6550446847436905,0.6540283118395507,0.047846277498357626,0.0013637829440777565,0.03609820706169053
grid search,6.695400190353394,0.03477792739868164,0.629380191998501,0.005,,,0.01,5,1,,"{'alpha': 0.005, 'lambda': 0.01, 'max_depth': 5, 'min_child_weight': 1}",37,0.6287120112717868,0.5719577875823045,0.6894108268259298,0.6444426446207135,0.6123776896917703,0.03369438961531361,0.0008841966416482451,0.03851601920212332
grid search,6.681125974655151,0.03477773666381836,0.6323481862252281,0.005,,,0.01,5,3,,"{'alpha': 0.005, 'lambda': 0.01, 'max_depth': 5, 'min_child_weight': 3}",28,0.6335613375224913,0.5933031553676682,0.6830706124493113,0.6388017997113523,0.6130040260753176,0.026679934226945767,0.0006792776804119769,0.030048615115273097
grid search,6.579211330413818,0.03407564163208008,0.6424377947985033,0.005,,,0.01,5,6,,"{'alpha': 0.005, 'lambda': 0.01, 'max_depth': 5, 'min_child_weight': 6}",1,0.6510576881878526,0.5832868718034592,0.6971556939651795,0.6332451523029357,0.6474435677330896,0.03513726426252251,0.0009151941254319419,0.03654242789182975
grid search,14.632109594345092,0.0757817268371582,0.5693012020457918,0.005,,,0.01,10,1,,"{'alpha': 0.005, 'lambda': 0.01, 'max_depth': 10, 'min_child_weight': 1}",73,0.6080802487520205,0.4937889742856133,0.6498572104236293,0.6259056073366207,0.4688739694310754,0.09008009916942329,0.0006675721509115911,0.07346409904095734
grid search,13.866315555572509,0.07041807174682617,0.572087470956486,0.005,,,0.01,10,3,,"{'alpha': 0.005, 'lambda': 0.01, 'max_depth': 10, 'min_child_weight': 3}",64,0.6047367850348355,0.4218426615949834,0.6537751057655934,0.6147663191126185,0.5653164832743995,0.22304125667850866,0.0024058243397140893,0.0802242862039822
grid search,12.90290608406067,0.06212968826293945,0.6081922692071275,0.005,,,0.01,10,6,,"{'alpha': 0.005, 'lambda': 0.01, 'max_depth': 10, 'min_child_weight': 6}",55,0.6250464838080245,0.523427827516064,0.6920792155526347,0.6122685488004558,0.5881392703584587,0.1330495567921096,0.0014503297445328728,0.0546348491538734
grid search,4.310047960281372,0.022310781478881835,0.6293548948011717,0.01,,,0,3,1,,"{'alpha': 0.01, 'lambda': 0, 'max_depth': 3, 'min_child_weight': 1}",46,0.6115264669861163,0.5623230208196356,0.6696314928985911,0.6555209700276874,0.6477725232738276,0.04998513324372156,0.0008949553286518751,0.03861917102541351
grid search,4.311360216140747,0.022254753112792968,0.6337807342149574,0.01,,,0,3,3,,"{'alpha': 0.01, 'lambda': 0, 'max_depth': 3, 'min_child_weight': 3}",19,0.6216748692471644,0.5606262882922661,0.6738930906368141,0.66199786167313,0.6507115612254121,0.010584878827529459,0.0005745159870753908,0.040472176239577655
grid search,4.341640424728394,0.02223834991455078,0.6345587257651198,0.01,,,0,3,6,,"{'alpha': 0.01, 'lambda': 0, 'max_depth': 3, 'min_child_weight': 6}",10,0.6240407030012121,0.5689835451337493,0.6706963841073964,0.6550446847436905,0.6540283118395507,0.030865180157178387,0.0009953965752419645,0.03609820706169053
grid search,6.681512117385864,0.034685182571411136,0.629380191998501,0.01,,,0,5,1,,"{'alpha': 0.01, 'lambda': 0, 'max_depth': 5, 'min_child_weight': 1}",37,0.6287120112717868,0.5719577875823045,0.6894108268259298,0.6444426446207135,0.6123776896917703,0.03284073131004673,0.0004976722578871975,0.03851601920212332
grid search,6.647329235076905,0.03482694625854492,0.6323481862252281,0.01,,,0,5,3,,"{'alpha': 0.01, 'lambda': 0, 'max_depth': 5, 'min_child_weight': 3}",28,0.6335613375224913,0.5933031553676682,0.6830706124493113,0.6388017997113523,0.6130040260753176,0.04909667904011271,0.0005051030794673814,0.030048615115273097
grid search,6.558717155456543,0.03408656120300293,0.6424377947985033,0.01,,,0,5,6,,"{'alpha': 0.01, 'lambda': 0, 'max_depth': 5, 'min_child_weight': 6}",1,0.6510576881878526,0.5832868718034592,0.6971556939651795,0.6332451523029357,0.6474435677330896,0.06171039565914745,0.0005092236999089942,0.03654242789182975
grid search,14.660433387756347,0.07552814483642578,0.5693012020457918,0.01,,,0,10,1,,"{'alpha': 0.01, 'lambda': 0, 'max_depth': 10, 'min_child_weight': 1}",73,0.6080802487520205,0.4937889742856133,0.6498572104236293,0.6259056073366207,0.4688739694310754,0.12060855187929423,0.0007953626789330972,0.07346409904095734
grid search,13.85376501083374,0.06963629722595215,0.572087470956486,0.01,,,0,10,3,,"{'alpha': 0.01, 'lambda': 0, 'max_depth': 10, 'min_child_weight': 3}",64,0.6047367850348355,0.4218426615949834,0.6537751057655934,0.6147663191126185,0.5653164832743995,0.184343766385067,0.0029908658537411478,0.0802242862039822
grid search,12.929724264144898,0.06315488815307617,0.6081922692071275,0.01,,,0,10,6,,"{'alpha': 0.01, 'lambda': 0, 'max_depth': 10, 'min_child_weight': 6}",55,0.6250464838080245,0.523427827516064,0.6920792155526347,0.6122685488004558,0.5881392703584587,0.09765495477821892,0.0025791303713701696,0.0546348491538734
grid search,4.342949628829956,0.022638797760009766,0.6293548948011717,0.01,,,0.005,3,1,,"{'alpha': 0.01, 'lambda': 0.005, 'max_depth': 3, 'min_child_weight': 1}",46,0.6115264669861163,0.5623230208196356,0.6696314928985911,0.6555209700276874,0.6477725232738276,0.03436838288354299,0.0007228693262098473,0.03861917102541351
grid search,4.356348466873169,0.0225217342376709,0.6337807342149574,0.01,,,0.005,3,3,,"{'alpha': 0.01, 'lambda': 0.005, 'max_depth': 3, 'min_child_weight': 3}",19,0.6216748692471644,0.5606262882922661,0.6738930906368141,0.66199786167313,0.6507115612254121,0.017237863460607655,0.0005699757639525181,0.040472176239577655
grid search,4.344393110275268,0.02235584259033203,0.6345587257651198,0.01,,,0.005,3,6,,"{'alpha': 0.01, 'lambda': 0.005, 'max_depth': 3, 'min_child_weight': 6}",10,0.6240407030012121,0.5689835451337493,0.6706963841073964,0.6550446847436905,0.6540283118395507,0.03420011318939455,0.0010058394741576861,0.03609820706169053
grid search,6.7020340919494625,0.03472323417663574,0.629380191998501,0.01,,,0.005,5,1,,"{'alpha': 0.01, 'lambda': 0.005, 'max_depth': 5, 'min_child_weight': 1}",37,0.6287120112717868,0.5719577875823045,0.6894108268259298,0.6444426446207135,0.6123776896917703,0.027019692016791833,0.0004979539782314908,0.03851601920212332
grid search,6.688258314132691,0.035219669342041016,0.6323481862252281,0.01,,,0.005,5,3,,"{'alpha': 0.01, 'lambda': 0.005, 'max_depth': 5, 'min_child_weight': 3}",28,0.6335613375224913,0.5933031553676682,0.6830706124493113,0.6388017997113523,0.6130040260753176,0.050550332205386454,0.0008820900124253546,0.030048615115273097
grid search,6.561570358276367,0.033797836303710936,0.6424377947985033,0.01,,,0.005,5,6,,"{'alpha': 0.01, 'lambda': 0.005, 'max_depth': 5, 'min_child_weight': 6}",1,0.6510576881878526,0.5832868718034592,0.6971556939651795,0.6332451523029357,0.6474435677330896,0.06265999650471428,0.0004589623066819868,0.03654242789182975
grid search,14.58849115371704,0.0750725269317627,0.5693012020457918,0.01,,,0.005,10,1,,"{'alpha': 0.01, 'lambda': 0.005, 'max_depth': 10, 'min_child_weight': 1}",73,0.6080802487520205,0.4937889742856133,0.6498572104236293,0.6259056073366207,0.4688739694310754,0.1423460505104204,0.0010030941105375953,0.07346409904095734
grid search,13.806193828582764,0.0699502944946289,0.572087470956486,0.01,,,0.005,10,3,,"{'alpha': 0.01, 'lambda': 0.005, 'max_depth': 10, 'min_child_weight': 3}",64,0.6047367850348355,0.4218426615949834,0.6537751057655934,0.6147663191126185,0.5653164832743995,0.17746626509801045,0.002538635089947256,0.0802242862039822
grid search,13.012373924255371,0.06319990158081054,0.6081922692071275,0.01,,,0.005,10,6,,"{'alpha': 0.01, 'lambda': 0.005, 'max_depth': 10, 'min_child_weight': 6}",55,0.6250464838080245,0.523427827516064,0.6920792155526347,0.6122685488004558,0.5881392703584587,0.13919727874833224,0.001252973111835138,0.0546348491538734
grid search,4.35624680519104,0.022534704208374022,0.6293548948011717,0.01,,,0.01,3,1,,"{'alpha': 0.01, 'lambda': 0.01, 'max_depth': 3, 'min_child_weight': 1}",46,0.6115264669861163,0.5623230208196356,0.6696314928985911,0.6555209700276874,0.6477725232738276,0.031699669533652663,0.0008733259417653914,0.03861917102541351
grid search,4.3195991039276125,0.022565746307373048,0.6337807342149574,0.01,,,0.01,3,3,,"{'alpha': 0.01, 'lambda': 0.01, 'max_depth': 3, 'min_child_weight': 3}",19,0.6216748692471644,0.5606262882922661,0.6738930906368141,0.66199786167313,0.6507115612254121,0.04386569789063303,0.00047228212545127624,0.040472176239577655
grid search,4.291302871704102,0.022333765029907228,0.6345587257651198,0.01,,,0.01,3,6,,"{'alpha': 0.01, 'lambda': 0.01, 'max_depth': 3, 'min_child_weight': 6}",10,0.6240407030012121,0.5689835451337493,0.6706963841073964,0.6550446847436905,0.6540283118395507,0.024233893744731904,0.0009534319402732282,0.03609820706169053
grid search,6.641634559631347,0.03459334373474121,0.629380191998501,0.01,,,0.01,5,1,,"{'alpha': 0.01, 'lambda': 0.01, 'max_depth': 5, 'min_child_weight': 1}",37,0.6287120112717868,0.5719577875823045,0.6894108268259298,0.6444426446207135,0.6123776896917703,0.03526469428878936,0.0005181542153961553,0.03851601920212332
grid search,6.662707233428955,0.03485474586486816,0.6323481862252281,0.01,,,0.01,5,3,,"{'alpha': 0.01, 'lambda': 0.01, 'max_depth': 5, 'min_child_weight': 3}",28,0.6335613375224913,0.5933031553676682,0.6830706124493113,0.6388017997113523,0.6130040260753176,0.07048866070668845,0.0005039074128379176,0.030048615115273097
grid search,6.55419692993164,0.0338646411895752,0.6424377947985033,0.01,,,0.01,5,6,,"{'alpha': 0.01, 'lambda': 0.01, 'max_depth': 5, 'min_child_weight': 6}",1,0.6510576881878526,0.5832868718034592,0.6971556939651795,0.6332451523029357,0.6474435677330896,0.03817846773970278,0.0006184816098535787,0.03654242789182975
grid search,14.597643852233887,0.07534008026123047,0.5693012020457918,0.01,,,0.01,10,1,,"{'alpha': 0.01, 'lambda': 0.01, 'max_depth': 10, 'min_child_weight': 1}",73,0.6080802487520205,0.4937889742856133,0.6498572104236293,0.6259056073366207,0.4688739694310754,0.13537503136772935,0.0013213545639718398,0.07346409904095734
grid search,13.906099081039429,0.06989374160766601,0.572087470956486,0.01,,,0.01,10,3,,"{'alpha': 0.01, 'lambda': 0.01, 'max_depth': 10, 'min_child_weight': 3}",64,0.6047367850348355,0.4218426615949834,0.6537751057655934,0.6147663191126185,0.5653164832743995,0.18057771690548077,0.0019795819108606037,0.0802242862039822
grid search,12.966319465637207,0.06243510246276855,0.6081922692071275,0.01,,,0.01,10,6,,"{'alpha': 0.01, 'lambda': 0.01, 'max_depth': 10, 'min_child_weight': 6}",55,0.6250464838080245,0.523427827516064,0.6920792155526347,0.6122685488004558,0.5881392703584587,0.08734183497263717,0.0011272355223015994,0.0546348491538734
random search,7.79412055015564,0.038533926010131836,0.6396304387853917,0.050583578434906,,,0.005298608547908423,6,7,,"{'alpha': 0.050583578434906, 'lambda': 0.005298608547908423, 'max_depth': 6, 'min_child_weight': 7}",13,0.6311197133482322,0.580780559712583,0.691331432794358,0.6422268111523249,0.6526936769194607,0.036468749028992754,0.001153325759527122,0.03573827873829757
random search,4.330055189132691,0.022103643417358397,0.632426536809026,0.09030046369165758,,,0.06956215247242385,3,8,,"{'alpha': 0.09030046369165758, 'lambda': 0.06956215247242385, 'max_depth': 3, 'min_child_weight': 8}",33,0.621038955455758,0.5665186495528218,0.6746639407896666,0.6532897021578016,0.6466214360890825,0.03246468844226398,0.0008106275951040266,0.03713298194494741
random search,4.2878821849822994,0.022174692153930663,0.6313047078404647,0.024751341286966003,,,0.06308517588466894,3,9,,"{'alpha': 0.024751341286966003, 'lambda': 0.06308517588466894, 'max_depth': 3, 'min_child_weight': 9}",37,0.6191766861470696,0.5613285395505141,0.6743186406459687,0.6502904181234208,0.6514092547353499,0.03317491604294403,0.0009687327826480425,0.03913719830272052
random search,6.635772657394409,0.03420333862304688,0.6408302261574688,0.05157270895350774,,,0.027307258775053658,5,5,,"{'alpha': 0.05157270895350774, 'lambda': 0.027307258775053658, 'max_depth': 5, 'min_child_weight': 5}",7,0.6343081119820857,0.6016445235164765,0.6843256943407714,0.6377704278062455,0.6461023731417651,0.03101969621011791,0.0008693510550925651,0.02648422518044985
random search,11.823056268692017,0.05907936096191406,0.6016130017670951,0.05629764909539795,,,0.046690149241850956,9,5,,"{'alpha': 0.05629764909539795, 'lambda': 0.046690149241850956, 'max_depth': 9, 'min_child_weight': 5}",69,0.6230704252220731,0.5104390198902675,0.6630391744029227,0.6210764753838034,0.5904399139364089,0.1377509307159903,0.0015130572560731255,0.0510880717471101
random search,9.430877780914306,0.05038847923278809,0.6081231010838508,0.0404806343920932,,,0.07734299054024242,7,2,,"{'alpha': 0.0404806343920932, 'lambda': 0.07734299054024242, 'max_depth': 7, 'min_child_weight': 2}",61,0.6074935668279868,0.5283476030425712,0.6898667342042571,0.6407642370572337,0.5741433642872045,0.05634529181670639,0.0006453583859167671,0.05525688052584824
random search,6.562867546081543,0.03380942344665527,0.6435773990312149,0.03870196396462682,,,0.061825070335679994,5,8,,"{'alpha': 0.03870196396462682, 'lambda': 0.061825070335679994, 'max_depth': 5, 'min_child_weight': 8}",4,0.6377731570138688,0.5888944104880154,0.6973950655607508,0.6413218867897232,0.6525024753037162,0.04234122663700058,0.0006276634519530955,0.03465545848502781
random search,7.698762512207031,0.03831939697265625,0.6436527631472616,0.09355176458772003,,,0.07885840135303653,6,8,,"{'alpha': 0.09355176458772003, 'lambda': 0.07885840135303653, 'max_depth': 6, 'min_child_weight': 8}",1,0.6269890195180499,0.595603048328881,0.6973826900846736,0.6400966386972717,0.6581924191074319,0.06779270162141124,0.0010023383881985612,0.03375620864703665
random search,8.035483407974244,0.04139909744262695,0.6333282454922946,0.06989905448602861,,,0.0930821333248722,6,1,,"{'alpha': 0.06989905448602861, 'lambda': 0.0930821333248722, 'max_depth': 6, 'min_child_weight': 1}",30,0.6226060790339052,0.5828631400861283,0.6846961558465688,0.6450787751568745,0.6313970773379962,0.062499980346434864,0.0008289479516900815,0.03299138763138038
random search,4.31133770942688,0.02218017578125,0.6313047078404647,0.008857305524747417,,,0.05348240228847961,3,9,,"{'alpha': 0.008857305524747417, 'lambda': 0.05348240228847961, 'max_depth': 3, 'min_child_weight': 9}",37,0.6191766861470696,0.5613285395505141,0.6743186406459687,0.6502904181234208,0.6514092547353499,0.03999668466697576,0.0009680351067490247,0.03913719830272052
random search,7.588059568405152,0.03851375579833984,0.63553488080033,0.020826721260672254,,,0.023397448996729145,6,9,,"{'alpha': 0.020826721260672254, 'lambda': 0.023397448996729145, 'max_depth': 6, 'min_child_weight': 9}",22,0.621132125369473,0.5823503958230891,0.6964758780638343,0.6392554234012959,0.638460581343958,0.06878374527506281,0.0012741533270954808,0.0368028154213301
random search,5.409597301483155,0.026032495498657226,0.6369650628768984,0.030871128036707208,,,0.07784881021991841,4,9,,"{'alpha': 0.030871128036707208, 'lambda': 0.07784881021991841, 'max_depth': 4, 'min_child_weight': 9}",21,0.6287234258726294,0.5646270915376141,0.6852712183808907,0.6464358753454178,0.6597677032479395,0.043003985618258744,0.000444177240040079,0.04060504410605664
random search,11.961167812347412,0.061133289337158205,0.6054109040455163,0.004940272549398017,,,0.003183925186766301,9,4,,"{'alpha': 0.004940272549398017, 'lambda': 0.003183925186766301, 'max_depth': 9, 'min_child_weight': 4}",65,0.6163983090721357,0.5105948081249333,0.6741523557529654,0.645593192078342,0.5803158551992054,0.18480230854909624,0.0017657809245711657,0.05671081033778204
random search,9.400114679336548,0.05045409202575683,0.6081231010838508,0.06736005482426459,,,0.09281286288701535,7,2,,"{'alpha': 0.06736005482426459, 'lambda': 0.09281286288701535, 'max_depth': 7, 'min_child_weight': 2}",61,0.6074935668279868,0.5283476030425712,0.6898667342042571,0.6407642370572337,0.5741433642872045,0.057862880092858573,0.0011159153555606726,0.05525688052584824
random search,11.04496464729309,0.05870919227600098,0.5923085324817845,0.028839736593412546,,,0.07916117097331585,8,1,,"{'alpha': 0.028839736593412546, 'lambda': 0.07916117097331585, 'max_depth': 8, 'min_child_weight': 1}",73,0.62463241124315,0.49994284836582537,0.6779049077920349,0.631975447219169,0.5270870477887429,0.04908872477954112,0.001126157961293071,0.06742447389040487
random search,6.51735782623291,0.03342146873474121,0.6398026959292908,0.07703695206552026,,,0.0847453673149228,5,9,,"{'alpha': 0.07703695206552026, 'lambda': 0.0847453673149228, 'max_depth': 5, 'min_child_weight': 9}",11,0.6276463584198964,0.5885255844510492,0.6921987086845893,0.6354013360695054,0.6552414920214142,0.024107719470748242,0.0009966154232071889,0.034000556610847506
random search,9.46468644142151,0.05030069351196289,0.6081231010838508,0.002531001152507273,,,0.015561929761503635,7,2,,"{'alpha': 0.002531001152507273, 'lambda': 0.015561929761503635, 'max_depth': 7, 'min_child_weight': 2}",61,0.6074935668279868,0.5283476030425712,0.6898667342042571,0.6407642370572337,0.5741433642872045,0.06599824163009402,0.0009840307362520852,0.05525688052584824
random search,9.041475534439087,0.046365213394165036,0.6198227066053643,0.009690347139400802,,,0.06646065020394752,7,5,,"{'alpha': 0.009690347139400802, 'lambda': 0.06646065020394752, 'max_depth': 7, 'min_child_weight': 5}",51,0.6338778831857075,0.540706021468152,0.6797066917761498,0.6489019606342714,0.5959209759625408,0.11409460536264739,0.0005391282398538892,0.04787480606402509
random search,4.327497673034668,0.022251129150390625,0.6331294450852449,0.04186359062149911,,,0.02566326164909537,3,7,,"{'alpha': 0.04186359062149911, 'lambda': 0.02566326164909537, 'max_depth': 3, 'min_child_weight': 7}",32,0.622490914662156,0.5712627015910294,0.665908748850552,0.6529711280506114,0.6530137322718761,0.03721518207551522,0.0010337793629045333,0.034071196912638255
random search,9.343580055236817,0.04908971786499024,0.5989826407235819,0.09077043056926137,,,0.028906657438315022,7,3,,"{'alpha': 0.09077043056926137, 'lambda': 0.028906657438315022, 'max_depth': 7, 'min_child_weight': 3}",70,0.6085948681498681,0.5108887613912174,0.6881435530353918,0.6338120022824684,0.553474018758964,0.060239928617997984,0.0009217492839260003,0.06178464837791381
random search,11.566974973678589,0.05759072303771973,0.6153665848298635,0.05093283127895851,,,0.011215527552310135,9,6,,"{'alpha': 0.05093283127895851, 'lambda': 0.011215527552310135, 'max_depth': 9, 'min_child_weight': 6}",53,0.6154876863293868,0.5295156296198122,0.6931766741952073,0.6209157886402901,0.6177371453646214,0.07125226262355562,0.0018969723986919454,0.05188684689451232
random search,10.803062772750854,0.05636863708496094,0.5772498206991512,0.08686849874014763,,,0.08052587362167568,8,3,,"{'alpha': 0.08686849874014763, 'lambda': 0.08052587362167568, 'max_depth': 8, 'min_child_weight': 3}",76,0.6055773816454015,0.456180924734211,0.666224726973897,0.6304052495033834,0.5278608206388631,0.06720976439066192,0.0016488952909573457,0.07568544795963061
random search,6.50982666015625,0.033150100708007814,0.6398026959292908,0.09558732619180299,,,0.0071169925006211,5,9,,"{'alpha': 0.09558732619180299, 'lambda': 0.0071169925006211, 'max_depth': 5, 'min_child_weight': 9}",11,0.6276463584198964,0.5885255844510492,0.6921987086845893,0.6354013360695054,0.6552414920214142,0.03257319705866489,0.000581184409854245,0.034000556610847506
random search,10.975316095352174,0.058222198486328126,0.5710740108507837,0.05932326301089526,,,0.014680979861530052,8,2,,"{'alpha': 0.05932326301089526, 'lambda': 0.014680979861530052, 'max_depth': 8, 'min_child_weight': 2}",81,0.6082824821427011,0.4573035553269611,0.6885640142928782,0.610365112272288,0.4908548902190899,0.0646953753046769,0.0013238449405476942,0.08498351106025225
random search,7.614896249771118,0.03835992813110352,0.63553488080033,0.03493611610267041,,,0.04402232430449692,6,9,,"{'alpha': 0.03493611610267041, 'lambda': 0.04402232430449692, 'max_depth': 6, 'min_child_weight': 9}",22,0.621132125369473,0.5823503958230891,0.6964758780638343,0.6392554234012959,0.638460581343958,0.06551780016353341,0.0016011919512884994,0.0368028154213301
random search,9.988050699234009,0.04825773239135742,0.6319379387704107,0.08258292003788058,,,0.003146786100088306,8,9,,"{'alpha': 0.08258292003788058, 'lambda': 0.003146786100088306, 'max_depth': 8, 'min_child_weight': 9}",34,0.6209813807173754,0.5653614590054867,0.6975598931639048,0.6373656359317388,0.6384213250335479,0.052391956166560186,0.0015757748745204839,0.04226158755795339
random search,5.422677516937256,0.027169418334960938,0.6400274750144804,0.00527170333414615,,,0.019691624233755325,4,4,,"{'alpha': 0.00527170333414615, 'lambda': 0.019691624233755325, 'max_depth': 4, 'min_child_weight': 4}",9,0.6353751330196792,0.5793985439817737,0.6731049095166153,0.6482338443347327,0.6640249442196018,0.0446498127392226,0.0008666633266711968,0.03296923190830944
random search,11.270789051055909,0.05341811180114746,0.6349625217610658,0.008584784714416205,,,0.001333986099669482,9,9,,"{'alpha': 0.008584784714416205, 'lambda': 0.001333986099669482, 'max_depth': 9, 'min_child_weight': 9}",26,0.6187976760514015,0.5663698376545007,0.6950578143280741,0.6406292115466741,0.6539580692246787,0.03113129570031994,0.0019969386566288856,0.04235715980809691
random search,12.314170980453492,0.06348490715026855,0.5722366782952891,0.09063796591492354,,,0.058234431843719014,9,3,,"{'alpha': 0.09063796591492354, 'lambda': 0.058234431843719014, 'max_depth': 9, 'min_child_weight': 3}",78,0.5985417935860993,0.4369841654691051,0.6658739719211295,0.6186476764214568,0.5411357840786548,0.18592070707103128,0.002427911993015821,0.0785803925187106
random search,8.833999061584473,0.04411296844482422,0.6306257293258303,0.03334449133210639,,,0.08014991348357299,7,8,,"{'alpha': 0.03334449133210639, 'lambda': 0.08014991348357299, 'max_depth': 7, 'min_child_weight': 8}",41,0.6215504857675092,0.5745922387739661,0.6974108497887204,0.6308063822123917,0.6287686900865639,0.04928248892218443,0.0014590366064451143,0.03920674853775312
random search,11.932197284698486,0.06108942031860352,0.6054109040455163,0.06466476130878727,,,0.09811918937630992,9,4,,"{'alpha': 0.06466476130878727, 'lambda': 0.09811918937630992, 'max_depth': 9, 'min_child_weight': 4}",65,0.6163983090721357,0.5105948081249333,0.6741523557529654,0.645593192078342,0.5803158551992054,0.19159530902147426,0.0021349536782040413,0.05671081033778204
random search,4.311473846435547,0.02197155952453613,0.6345587257651198,0.07970133148167691,,,0.0558268788900263,3,6,,"{'alpha': 0.07970133148167691, 'lambda': 0.0558268788900263, 'max_depth': 3, 'min_child_weight': 6}",27,0.6240407030012121,0.5689835451337493,0.6706963841073964,0.6550446847436905,0.6540283118395507,0.022051533921265198,0.0009983649321338899,0.03609820706169053
random search,5.389264965057373,0.027390146255493165,0.6386524414657032,0.09434952479359165,,,0.04038276553264056,4,8,,"{'alpha': 0.09434952479359165, 'lambda': 0.04038276553264056, 'max_depth': 4, 'min_child_weight': 8}",19,0.6323338721221894,0.5797133770342593,0.6753787179052707,0.6456556161903105,0.6601806240764863,0.02824803944326678,0.0006733158590286166,0.032787388180411145
random search,6.649969434738159,0.03554768562316894,0.629380191998501,0.060686563943728046,,,0.0877371046967086,5,1,,"{'alpha': 0.060686563943728046, 'lambda': 0.0877371046967086, 'max_depth': 5, 'min_child_weight': 1}",43,0.6287120112717868,0.5719577875823045,0.6894108268259298,0.6444426446207135,0.6123776896917703,0.039818311977761166,0.0008025897401594928,0.03851601920212332
random search,7.600536108016968,0.03868789672851562,0.63553488080033,0.03776200876076163,,,0.04491169381556135,6,9,,"{'alpha': 0.03776200876076163, 'lambda': 0.04491169381556135, 'max_depth': 6, 'min_child_weight': 9}",22,0.621132125369473,0.5823503958230891,0.6964758780638343,0.6392554234012959,0.638460581343958,0.04762657224218704,0.0013556716509657302,0.0368028154213301
random search,5.417649841308593,0.027500724792480467,0.6386524414657032,0.03728995171806582,,,0.07367675191263859,4,8,,"{'alpha': 0.03728995171806582, 'lambda': 0.07367675191263859, 'max_depth': 4, 'min_child_weight': 8}",19,0.6323338721221894,0.5797133770342593,0.6753787179052707,0.6456556161903105,0.6601806240764863,0.0497517826338259,0.0006884521750231706,0.032787388180411145
random search,7.9906895637512205,0.04194941520690918,0.6333282454922946,0.07996833579986051,,,0.06390856568880257,6,1,,"{'alpha': 0.07996833579986051, 'lambda': 0.06390856568880257, 'max_depth': 6, 'min_child_weight': 1}",30,0.6226060790339052,0.5828631400861283,0.6846961558465688,0.6450787751568745,0.6313970773379962,0.0752789997897065,0.0005875682311491355,0.03299138763138038
random search,7.674084997177124,0.039025402069091795,0.6396304387853917,0.09867745587535384,,,0.0029103840016721063,6,7,,"{'alpha': 0.09867745587535384, 'lambda': 0.0029103840016721063, 'max_depth': 6, 'min_child_weight': 7}",13,0.6311197133482322,0.580780559712583,0.691331432794358,0.6422268111523249,0.6526936769194607,0.03198148088147817,0.0006636256773886238,0.03573827873829757
random search,4.302480745315552,0.022283458709716798,0.6337807342149574,0.08580413644912482,,,0.004380735735956232,3,3,,"{'alpha': 0.08580413644912482, 'lambda': 0.004380735735956232, 'max_depth': 3, 'min_child_weight': 3}",29,0.6216748692471644,0.5606262882922661,0.6738930906368141,0.66199786167313,0.6507115612254121,0.05336415801176028,0.000888076130039819,0.040472176239577655
random search,7.915548992156983,0.04113163948059082,0.6141271173077373,0.0708086182846459,,,0.07313635253318523,6,3,,"{'alpha': 0.0708086182846459, 'lambda': 0.07313635253318523, 'max_depth': 6, 'min_child_weight': 3}",56,0.6190783233386766,0.5637282691612591,0.6697241547077603,0.6239645164762371,0.5941403228547532,0.08948932571728008,0.0010720785256902402,0.035076588426522816
random search,6.680102920532226,0.03506474494934082,0.629380191998501,0.059247975127211805,,,0.08276632609668773,5,1,,"{'alpha': 0.059247975127211805, 'lambda': 0.08276632609668773, 'max_depth': 5, 'min_child_weight': 1}",43,0.6287120112717868,0.5719577875823045,0.6894108268259298,0.6444426446207135,0.6123776896917703,0.05425499586153188,0.0006040152842876549,0.03851601920212332
random search,9.301793384552003,0.04957456588745117,0.5989826407235819,0.0021150217412371775,,,0.017618425854090892,7,3,,"{'alpha': 0.0021150217412371775, 'lambda': 0.017618425854090892, 'max_depth': 7, 'min_child_weight': 3}",70,0.6085948681498681,0.5108887613912174,0.6881435530353918,0.6338120022824684,0.553474018758964,0.07054241721301012,0.0006996141622722312,0.06178464837791381
random search,11.608962392807006,0.05756092071533203,0.6153665848298635,0.05092288051310208,,,0.008821852948642772,9,6,,"{'alpha': 0.05092288051310208, 'lambda': 0.008821852948642772, 'max_depth': 9, 'min_child_weight': 6}",53,0.6154876863293868,0.5295156296198122,0.6931766741952073,0.6209157886402901,0.6177371453646214,0.09758119487712401,0.0015911527109888457,0.05188684689451232
random search,11.077464151382447,0.05896463394165039,0.5923085324817845,0.013314298260977754,,,0.001972483981849926,8,1,,"{'alpha': 0.013314298260977754, 'lambda': 0.001972483981849926, 'max_depth': 8, 'min_child_weight': 1}",73,0.62463241124315,0.49994284836582537,0.6779049077920349,0.631975447219169,0.5270870477887429,0.03719532775306263,0.0011653727828279906,0.06742447389040487
random search,4.293856382369995,0.022181320190429687,0.6345587257651198,0.0817859756040242,,,0.05067326800556134,3,6,,"{'alpha': 0.0817859756040242, 'lambda': 0.05067326800556134, 'max_depth': 3, 'min_child_weight': 6}",27,0.6240407030012121,0.5689835451337493,0.6706963841073964,0.6550446847436905,0.6540283118395507,0.012300834748568246,0.0010449320140072653,0.03609820706169053
random search,5.4091287612915036,0.026967191696166994,0.6393461821026465,0.051837641932535775,,,0.09617523950981598,4,3,,"{'alpha': 0.051837641932535775, 'lambda': 0.09617523950981598, 'max_depth': 4, 'min_child_weight': 3}",15,0.6363251785128032,0.5922119924813084,0.6722911343522017,0.6380780838511243,0.6578245213157947,0.018619276215688225,0.001043011734959914,0.027052487005549998
random search,9.956751155853272,0.048582839965820315,0.6319379387704107,0.08600929292315695,,,0.025952542515720267,8,9,,"{'alpha': 0.08600929292315695, 'lambda': 0.025952542515720267, 'max_depth': 8, 'min_child_weight': 9}",34,0.6209813807173754,0.5653614590054867,0.6975598931639048,0.6373656359317388,0.6384213250335479,0.055412989429717556,0.0009679366017717936,0.04226158755795339
random search,7.996814966201782,0.04197297096252441,0.6103635126055067,0.027948041451367547,,,0.0866018269242031,6,2,,"{'alpha': 0.027948041451367547, 'lambda': 0.0866018269242031, 'max_depth': 6, 'min_child_weight': 2}",58,0.6141695479370985,0.548633598082197,0.6885255344141884,0.6244729363515122,0.5760159462425374,0.013831011164894163,0.001188871700806642,0.04756721782640689
random search,8.883764600753784,0.04428396224975586,0.6306257293258303,0.03462263553838477,,,0.09178340604676699,7,8,,"{'alpha': 0.03462263553838477, 'lambda': 0.09178340604676699, 'max_depth': 7, 'min_child_weight': 8}",41,0.6215504857675092,0.5745922387739661,0.6974108497887204,0.6308063822123917,0.6287686900865639,0.03240946479477918,0.0012070227181599084,0.03920674853775312
random search,4.296802616119384,0.022314023971557618,0.635053621553381,0.09615540140050183,,,0.07538776577148364,3,5,,"{'alpha': 0.09615540140050183, 'lambda': 0.07538776577148364, 'max_depth': 3, 'min_child_weight': 5}",25,0.6222299999855565,0.5672424643398497,0.6647897584593722,0.6621003996713188,0.6589054853108074,0.03234709459780017,0.0003618320477774444,0.037275932616391165
random search,7.617414903640747,0.0392402172088623,0.6436527631472616,0.01969965498996167,,,0.06909424679045198,6,8,,"{'alpha': 0.01969965498996167, 'lambda': 0.06909424679045198, 'max_depth': 6, 'min_child_weight': 8}",1,0.6269890195180499,0.595603048328881,0.6973826900846736,0.6400966386972717,0.6581924191074319,0.03134926923490287,0.0012501502291653523,0.03375620864703665
random search,10.61246690750122,0.05474138259887695,0.6027976004508451,0.046228203432194796,,,0.026686748736885715,8,4,,"{'alpha': 0.046228203432194796, 'lambda': 0.026686748736885715, 'max_depth': 8, 'min_child_weight': 4}",68,0.6205095621059278,0.5157848448570709,0.6876683436668761,0.6463143169510632,0.5437109346732873,0.12265749957449253,0.000602721432341356,0.06398892867270659
random search,7.787060832977295,0.04016480445861816,0.6267125239114718,0.07937707943977387,,,0.08779801805977738,6,5,,"{'alpha': 0.07937707943977387, 'lambda': 0.08779801805977738, 'max_depth': 6, 'min_child_weight': 5}",48,0.6298482230948446,0.5481043025969301,0.6805255676193243,0.6451078249742359,0.629976701272024,0.03505576371815745,0.00067648189701334,0.043437243687275286
random search,12.185950231552123,0.06289253234863282,0.5722366782952891,0.05030306308094114,,,0.09956252951557865,9,3,,"{'alpha': 0.05030306308094114, 'lambda': 0.09956252951557865, 'max_depth': 9, 'min_child_weight': 3}",78,0.5985417935860993,0.4369841654691051,0.6658739719211295,0.6186476764214568,0.5411357840786548,0.17300043461162296,0.0025039922846578286,0.0785803925187106
random search,5.421740245819092,0.02707509994506836,0.6393461821026465,0.08320512233961597,,,0.019964827484835447,4,3,,"{'alpha': 0.08320512233961597, 'lambda': 0.019964827484835447, 'max_depth': 4, 'min_child_weight': 3}",15,0.6363251785128032,0.5922119924813084,0.6722911343522017,0.6380780838511243,0.6578245213157947,0.02503870246950579,0.001017570366005858,0.027052487005549998
random search,9.32515811920166,0.04909839630126953,0.5989826407235819,0.04206811769175764,,,0.022534735780754447,7,3,,"{'alpha': 0.04206811769175764, 'lambda': 0.022534735780754447, 'max_depth': 7, 'min_child_weight': 3}",70,0.6085948681498681,0.5108887613912174,0.6881435530353918,0.6338120022824684,0.553474018758964,0.028988115088730844,0.0008141633398558632,0.06178464837791381
random search,4.292576885223388,0.022125053405761718,0.6313047078404647,0.0949569308638588,,,0.03145788999386206,3,9,,"{'alpha': 0.0949569308638588, 'lambda': 0.03145788999386206, 'max_depth': 3, 'min_child_weight': 9}",37,0.6191766861470696,0.5613285395505141,0.6743186406459687,0.6502904181234208,0.6514092547353499,0.04332633771978679,0.0011122472940236021,0.03913719830272052
random search,9.969143867492676,0.048882484436035156,0.6319379387704107,0.07140537604046256,,,0.016326495865485603,8,9,,"{'alpha': 0.07140537604046256, 'lambda': 0.016326495865485603, 'max_depth': 8, 'min_child_weight': 9}",34,0.6209813807173754,0.5653614590054867,0.6975598931639048,0.6373656359317388,0.6384213250335479,0.027970906780667153,0.0016060483345049338,0.04226158755795339
random search,5.387161064147949,0.028245830535888673,0.6393461821026465,0.07437505828619138,,,0.04386865809766516,4,3,,"{'alpha': 0.07437505828619138, 'lambda': 0.04386865809766516, 'max_depth': 4, 'min_child_weight': 3}",15,0.6363251785128032,0.5922119924813084,0.6722911343522017,0.6380780838511243,0.6578245213157947,0.01874469475244717,0.002181716632676584,0.027052487005549998
random search,8.895050811767579,0.044728755950927734,0.6277045715237618,0.03633208949145228,,,0.000901330607933637,7,7,,"{'alpha': 0.03633208949145228, 'lambda': 0.000901330607933637, 'max_depth': 7, 'min_child_weight': 7}",47,0.6158622732559736,0.554302896755075,0.6972463153283788,0.6251382340793246,0.6459731382000571,0.05676081529106501,0.0008778958905227703,0.04626970204093231
random search,7.937243938446045,0.04155292510986328,0.6141271173077373,0.038807915619662715,,,0.04831015576669308,6,3,,"{'alpha': 0.038807915619662715, 'lambda': 0.04831015576669308, 'max_depth': 6, 'min_child_weight': 3}",56,0.6190783233386766,0.5637282691612591,0.6697241547077603,0.6239645164762371,0.5941403228547532,0.05371677566996178,0.0011186526010470393,0.035076588426522816
random search,11.886969375610352,0.06124644279479981,0.6054109040455163,0.06121099412945098,,,0.07191760735156354,9,4,,"{'alpha': 0.06121099412945098, 'lambda': 0.07191760735156354, 'max_depth': 9, 'min_child_weight': 4}",65,0.6163983090721357,0.5105948081249333,0.6741523557529654,0.645593192078342,0.5803158551992054,0.18899309569430764,0.0011460722660656117,0.05671081033778204
random search,7.828029298782349,0.0406184196472168,0.6277844132180472,0.08311510673287487,,,0.011657046367227386,6,4,,"{'alpha': 0.08311510673287487, 'lambda': 0.011657046367227386, 'max_depth': 6, 'min_child_weight': 4}",46,0.6183166833621258,0.5785752143999825,0.6805365610662908,0.6420542619067511,0.6194393453550863,0.031119088415396467,0.001174411906650532,0.03336837124817274
random search,12.777671575546265,0.06589245796203613,0.5831261228944997,0.06965474711302648,,,0.03344198617566715,9,1,,"{'alpha': 0.06965474711302648, 'lambda': 0.03344198617566715, 'max_depth': 9, 'min_child_weight': 1}",75,0.6177650448623828,0.4803476112761932,0.6746908659488622,0.6235785289019478,0.5192485634831125,0.08437123891461248,0.0012657350411769215,0.07192234601892461
random search,7.995042324066162,0.04229350090026855,0.6103635126055067,0.09782535189820563,,,0.003673156033067704,6,2,,"{'alpha': 0.09782535189820563, 'lambda': 0.003673156033067704, 'max_depth': 6, 'min_child_weight': 2}",58,0.6141695479370985,0.548633598082197,0.6885255344141884,0.6244729363515122,0.5760159462425374,0.061742878872677105,0.0014301383596839162,0.04756721782640689
random search,9.505442810058593,0.05158319473266602,0.6091590281314926,0.044016302540241414,,,0.06903015603349691,7,1,,"{'alpha': 0.044016302540241414, 'lambda': 0.06903015603349691, 'max_depth': 7, 'min_child_weight': 1}",60,0.6239267993485915,0.4940776523043171,0.6836061073051865,0.6578061392145775,0.5863784424847903,0.07220958724086292,0.0013706765653202135,0.06616596440108338
random search,10.760614109039306,0.05633888244628906,0.5772498206991512,0.001746926671247706,,,0.0596405914598773,8,3,,"{'alpha': 0.001746926671247706, 'lambda': 0.0596405914598773, 'max_depth': 8, 'min_child_weight': 3}",76,0.6055773816454015,0.456180924734211,0.666224726973897,0.6304052495033834,0.5278608206388631,0.10924996267444684,0.0015971569723567368,0.07568544795963061
random search,11.251423883438111,0.05390706062316895,0.6266620202495677,0.09358842985868782,,,0.032763281702598034,9,8,,"{'alpha': 0.09358842985868782, 'lambda': 0.032763281702598034, 'max_depth': 9, 'min_child_weight': 8}",49,0.6155663100146112,0.5572924614146224,0.6959030083390261,0.6243516755055825,0.6401966459739968,0.07646584659106669,0.0015756284100665668,0.0445378236929332
random search,6.579619264602661,0.03433990478515625,0.6408302261574688,0.0496829370198357,,,0.09316003162520162,5,5,,"{'alpha': 0.0496829370198357, 'lambda': 0.09316003162520162, 'max_depth': 5, 'min_child_weight': 5}",7,0.6343081119820857,0.6016445235164765,0.6843256943407714,0.6377704278062455,0.6461023731417651,0.0634624059545902,0.0007536169996806843,0.02648422518044985
random search,6.512533283233642,0.0343134880065918,0.6424377947985033,0.04800719390970653,,,0.09670935300592493,5,6,,"{'alpha': 0.04800719390970653, 'lambda': 0.09670935300592493, 'max_depth': 5, 'min_child_weight': 6}",6,0.6510576881878526,0.5832868718034592,0.6971556939651795,0.6332451523029357,0.6474435677330896,0.0489806158024076,0.0003097060242461388,0.03654242789182975
random search,5.398021268844604,0.027022743225097658,0.6400274750144804,0.02265426815926458,,,0.009717510276847675,4,4,,"{'alpha': 0.02265426815926458, 'lambda': 0.009717510276847675, 'max_depth': 4, 'min_child_weight': 4}",9,0.6353751330196792,0.5793985439817737,0.6731049095166153,0.6482338443347327,0.6640249442196018,0.03390919754372878,0.0008717397280355886,0.03296923190830944
random search,7.650760364532471,0.03843283653259277,0.6436527631472616,0.09555785258688737,,,0.07211101152686088,6,8,,"{'alpha': 0.09555785258688737, 'lambda': 0.07211101152686088, 'max_depth': 6, 'min_child_weight': 8}",1,0.6269890195180499,0.595603048328881,0.6973826900846736,0.6400966386972717,0.6581924191074319,0.04697566830573157,0.0010431468997480432,0.03375620864703665
random search,10.277958059310913,0.05136680603027344,0.6079026709070648,0.06528085527004601,,,0.07320456750911897,8,6,,"{'alpha': 0.06528085527004601, 'lambda': 0.07320456750911897, 'max_depth': 8, 'min_child_weight': 6}",64,0.6098734296384024,0.5245588768134479,0.6919202139909084,0.6128061501287676,0.6003546839637977,0.04426054264594866,0.0004713881527655579,0.05308490494503173
random search,6.64295802116394,0.035019445419311526,0.629380191998501,0.057877956499318976,,,0.08271859451786137,5,1,,"{'alpha': 0.057877956499318976, 'lambda': 0.08271859451786137, 'max_depth': 5, 'min_child_weight': 1}",43,0.6287120112717868,0.5719577875823045,0.6894108268259298,0.6444426446207135,0.6123776896917703,0.05510965684131456,0.0005631362533261299,0.03851601920212332
random search,12.236612176895141,0.06327896118164063,0.5722366782952891,0.01356896294408666,,,0.05430733117251762,9,3,,"{'alpha': 0.01356896294408666, 'lambda': 0.05430733117251762, 'max_depth': 9, 'min_child_weight': 3}",78,0.5985417935860993,0.4369841654691051,0.6658739719211295,0.6186476764214568,0.5411357840786548,0.19682744523466716,0.002104344359504462,0.0785803925187106
random search,6.518750190734863,0.03428540229797363,0.6431880530687847,0.09605217691941767,,,0.002519519197425513,5,7,,"{'alpha': 0.09605217691941767, 'lambda': 0.002519519197425513, 'max_depth': 5, 'min_child_weight': 7}",5,0.636209418322834,0.5898396933526362,0.6933472851006715,0.6458790779796689,0.6506647905881129,0.07144167492247694,0.0005117861386804971,0.03308728034865831
random search,5.41913685798645,0.027835702896118163,0.6392009857251753,0.049215268569146,,,0.041160587291472865,4,2,,"{'alpha': 0.049215268569146, 'lambda': 0.041160587291472865, 'max_depth': 4, 'min_child_weight': 2}",18,0.6305501415397818,0.5885878500174611,0.6777688678149274,0.6431316515002536,0.6559664177534519,0.022128756561160444,0.0007553426237021931,0.029733946877959574
random search,11.577295827865601,0.057273340225219724,0.6153665848298635,0.09128889718119368,,,0.03592788206390827,9,6,,"{'alpha': 0.09128889718119368, 'lambda': 0.03592788206390827, 'max_depth': 9, 'min_child_weight': 6}",53,0.6154876863293868,0.5295156296198122,0.6931766741952073,0.6209157886402901,0.6177371453646214,0.09920055135809616,0.0016030955737142397,0.05188684689451232
random search,11.41640658378601,0.056573009490966795,0.6154826725191,0.03648610965233279,,,0.05517095065032818,9,7,,"{'alpha': 0.03648610965233279, 'lambda': 0.05517095065032818, 'max_depth': 9, 'min_child_weight': 7}",52,0.6112059294339682,0.5450170468470452,0.6881362196947172,0.6131628072867576,0.619891359333012,0.11032225682350504,0.0016141222327244798,0.045358684161005795
random search,10.164964151382446,0.04898643493652344,0.6238850202151356,0.06365758957350486,,,0.07507912252051678,8,7,,"{'alpha': 0.06365758957350486, 'lambda': 0.07507912252051678, 'max_depth': 8, 'min_child_weight': 7}",50,0.6109788473187199,0.5682557230694245,0.6940432997924526,0.6167294501903142,0.6294177807047667,0.10212710175061208,0.001558257060533824,0.040657559725154974
random search,4.297404623031616,0.022102880477905273,0.6313047078404647,0.0495339417784381,,,0.024464973656296952,3,9,,"{'alpha': 0.0495339417784381, 'lambda': 0.024464973656296952, 'max_depth': 3, 'min_child_weight': 9}",37,0.6191766861470696,0.5613285395505141,0.6743186406459687,0.6502904181234208,0.6514092547353499,0.03497147428236106,0.001078947482764187,0.03913719830272052
random search for 1 group,11.443765830993652,0.05661330223083496,0.6154826725191,,,,,9,7,,"{'max_depth': 9, 'min_child_weight': 7}",22,0.6112059294339682,0.5450170468470452,0.6881362196947172,0.6131628072867576,0.619891359333012,0.12612410011936473,0.0014912928596456459,0.045358684161005795
random search for 1 group,4.326402473449707,0.022297143936157227,0.632426536809026,,,,,3,8,,"{'max_depth': 3, 'min_child_weight': 8}",10,0.621038955455758,0.5665186495528218,0.6746639407896666,0.6532897021578016,0.6466214360890825,0.030371688078840723,0.0008430050363159739,0.03713298194494741
random search for 1 group,4.3028977394104,0.022140359878540038,0.6293548948011717,,,,,3,1,,"{'max_depth': 3, 'min_child_weight': 1}",17,0.6115264669861163,0.5623230208196356,0.6696314928985911,0.6555209700276874,0.6477725232738276,0.01792867664983017,0.0005164910847240943,0.03861917102541351
random search for 1 group,4.341662979125976,0.02243032455444336,0.6293548948011717,,,,,3,1,,"{'max_depth': 3, 'min_child_weight': 1}",17,0.6115264669861163,0.5623230208196356,0.6696314928985911,0.6555209700276874,0.6477725232738276,0.030855731165151484,0.0005907585684366306,0.03861917102541351
random search for 1 group,10.132782220840454,0.04897303581237793,0.6238850202151356,,,,,8,7,,"{'max_depth': 8, 'min_child_weight': 7}",20,0.6109788473187199,0.5682557230694245,0.6940432997924526,0.6167294501903142,0.6294177807047667,0.15103060674729735,0.0019426214992998383,0.040657559725154974
random search for 1 group,8.753591871261596,0.0428281307220459,0.634362875551805,,,,,7,9,,"{'max_depth': 7, 'min_child_weight': 9}",8,0.6230355111104653,0.5707631959567268,0.6982843569169339,0.6334847057645192,0.6462466080103806,0.09452768875130338,0.0016416996347806885,0.0409906781817973
random search for 1 group,7.97382926940918,0.041837453842163086,0.6103635126055067,,,,,6,2,,"{'max_depth': 6, 'min_child_weight': 2}",24,0.6141695479370985,0.548633598082197,0.6885255344141884,0.6244729363515122,0.5760159462425374,0.034893655615082814,0.001522447191601821,0.04756721782640689
random search for 1 group,4.239733457565308,0.022188568115234376,0.6313047078404647,,,,,3,9,,"{'max_depth': 3, 'min_child_weight': 9}",13,0.6191766861470696,0.5613285395505141,0.6743186406459687,0.6502904181234208,0.6514092547353499,0.06191732822475798,0.0011152222010860947,0.03913719830272052
random search for 1 group,6.655295896530151,0.03519277572631836,0.629380191998501,,,,,5,1,,"{'max_depth': 5, 'min_child_weight': 1}",16,0.6287120112717868,0.5719577875823045,0.6894108268259298,0.6444426446207135,0.6123776896917703,0.0415923391218915,0.0004913934370976382,0.03851601920212332
random search for 1 group,7.943203735351562,0.0414219856262207,0.6333282454922946,,,,,6,1,,"{'max_depth': 6, 'min_child_weight': 1}",9,0.6226060790339052,0.5828631400861283,0.6846961558465688,0.6450787751568745,0.6313970773379962,0.05080948972849763,0.0008016189099749579,0.03299138763138038
random search for 1 group,6.666171455383301,0.035646581649780275,0.6323481862252281,,,,,5,3,,"{'max_depth': 5, 'min_child_weight': 3}",11,0.6335613375224913,0.5933031553676682,0.6830706124493113,0.6388017997113523,0.6130040260753176,0.0590659995434278,0.00045294660005295754,0.030048615115273097
random search for 1 group,9.337443780899047,0.049310731887817386,0.5989826407235819,,,,,7,3,,"{'max_depth': 7, 'min_child_weight': 3}",26,0.6085948681498681,0.5108887613912174,0.6881435530353918,0.6338120022824684,0.553474018758964,0.06767889366280842,0.0007739794403750428,0.06178464837791381
random search for 1 group,6.508552837371826,0.034308862686157224,0.6431880530687847,,,,,5,7,,"{'max_depth': 5, 'min_child_weight': 7}",3,0.636209418322834,0.5898396933526362,0.6933472851006715,0.6458790779796689,0.6506647905881129,0.04864736845035374,0.0007633763999214696,0.03308728034865831
random search for 1 group,8.847598361968995,0.04407734870910644,0.6306257293258303,,,,,7,8,,"{'max_depth': 7, 'min_child_weight': 8}",14,0.6215504857675092,0.5745922387739661,0.6974108497887204,0.6308063822123917,0.6287686900865639,0.0511183319760335,0.0012215806128057483,0.03920674853775312
random search for 1 group,5.449205350875855,0.027380657196044923,0.6392009857251753,,,,,4,2,,"{'max_depth': 4, 'min_child_weight': 2}",7,0.6305501415397818,0.5885878500174611,0.6777688678149274,0.6431316515002536,0.6559664177534519,0.016134753770621586,0.0006675480157078173,0.029733946877959574
random search for 1 group,6.479052543640137,0.034252071380615236,0.6431880530687847,,,,,5,7,,"{'max_depth': 5, 'min_child_weight': 7}",3,0.636209418322834,0.5898396933526362,0.6933472851006715,0.6458790779796689,0.6506647905881129,0.04826017060075626,0.0006589553213025513,0.03308728034865831
random search for 1 group,5.395103454589844,0.026975107192993165,0.6393461821026465,,,,,4,3,,"{'max_depth': 4, 'min_child_weight': 3}",6,0.6363251785128032,0.5922119924813084,0.6722911343522017,0.6380780838511243,0.6578245213157947,0.03955406252406104,0.0010840943747241923,0.027052487005549998
random search for 1 group,11.021882343292237,0.05896291732788086,0.5923085324817845,,,,,8,1,,"{'max_depth': 8, 'min_child_weight': 1}",27,0.62463241124315,0.49994284836582537,0.6779049077920349,0.631975447219169,0.5270870477887429,0.06048696423462506,0.0013705574137675674,0.06742447389040487
random search for 1 group,10.39561424255371,0.053224372863769534,0.6101988155420852,,,,,8,5,,"{'max_depth': 8, 'min_child_weight': 5}",25,0.6296937782376798,0.5161026894019957,0.6839462700626404,0.6272574685192677,0.5939938714888426,0.11105514543650226,0.0015035770816758565,0.05518409087137394
random search for 1 group,9.029526567459106,0.046790361404418945,0.6198227066053643,,,,,7,5,,"{'max_depth': 7, 'min_child_weight': 5}",21,0.6338778831857075,0.540706021468152,0.6797066917761498,0.6489019606342714,0.5959209759625408,0.048913264592921155,0.001140062371896065,0.04787480606402509
random search for 1 group,6.571014451980591,0.03536238670349121,0.6323481862252281,,,,,5,3,,"{'max_depth': 5, 'min_child_weight': 3}",11,0.6335613375224913,0.5933031553676682,0.6830706124493113,0.6388017997113523,0.6130040260753176,0.017445037688710557,0.0004236501749281059,0.030048615115273097
random search for 1 group,6.467030239105225,0.033690357208251955,0.6435773990312149,,,,,5,8,,"{'max_depth': 5, 'min_child_weight': 8}",2,0.6377731570138688,0.5888944104880154,0.6973950655607508,0.6413218867897232,0.6525024753037162,0.04166243786494819,0.0006138801019125417,0.03465545848502781
random search for 1 group,8.87510380744934,0.044704771041870116,0.6277045715237618,,,,,7,7,,"{'max_depth': 7, 'min_child_weight': 7}",19,0.6158622732559736,0.554302896755075,0.6972463153283788,0.6251382340793246,0.6459731382000571,0.07951556161723657,0.0008001645011422438,0.04626970204093231
random search for 1 group,6.465882205963135,0.0339601993560791,0.6424377947985033,,,,,5,6,,"{'max_depth': 5, 'min_child_weight': 6}",5,0.6510576881878526,0.5832868718034592,0.6971556939651795,0.6332451523029357,0.6474435677330896,0.011773637520475132,0.0005665927636845769,0.03654242789182975
random search for 1 group,7.63276309967041,0.03857545852661133,0.6436527631472616,,,,,6,8,,"{'max_depth': 6, 'min_child_weight': 8}",1,0.6269890195180499,0.595603048328881,0.6973826900846736,0.6400966386972717,0.6581924191074319,0.06513518228120448,0.0010004147719067575,0.03375620864703665
random search for 1 group,11.52067141532898,0.05727353096008301,0.6153665848298635,,,,,9,6,,"{'max_depth': 9, 'min_child_weight': 6}",23,0.6154876863293868,0.5295156296198122,0.6931766741952073,0.6209157886402901,0.6177371453646214,0.11726507524441146,0.001503259650184752,0.05188684689451232
random search for 1 group,4.301905870437622,0.022204875946044922,0.6296590207627177,,,,,3,4,,"{'max_depth': 3, 'min_child_weight': 4}",15,0.6084369724056815,0.5743492494805104,0.6581266272355935,0.6558066345053466,0.6515756201864573,0.03526633341517485,0.0010388431169828373,0.03311792804143208
random search for 2 group,4.320975732803345,0.022541093826293945,0.6293548948011717,0.05017254011151343,,0.22391517852183318,0.06622211841863415,,,,"{'alpha': 0.05017254011151343, 'gamma': 0.22391517852183318, 'lambda': 0.06622211841863415}",1,0.6115264669861163,0.5623230208196356,0.6696314928985911,0.6555209700276874,0.6477725232738276,0.04532792908364305,0.0009814148056977513,0.03861917102541351
random search for 2 group,4.310110998153687,0.022871112823486327,0.6293548948011717,0.06937038096855795,,0.17783797238907,0.018973275400484838,,,,"{'alpha': 0.06937038096855795, 'gamma': 0.17783797238907, 'lambda': 0.018973275400484838}",1,0.6115264669861163,0.5623230208196356,0.6696314928985911,0.6555209700276874,0.6477725232738276,0.02422589266067284,0.0007316642029873976,0.03861917102541351
random search for 2 group,4.286565160751342,0.022806262969970702,0.6293548948011717,0.044690090105368487,,0.2561894882264101,0.0012732252952942337,,,,"{'alpha': 0.044690090105368487, 'gamma': 0.2561894882264101, 'lambda': 0.0012732252952942337}",1,0.6115264669861163,0.5623230208196356,0.6696314928985911,0.6555209700276874,0.6477725232738276,0.03956853369928699,0.0007997713847264135,0.03861917102541351
random search for 2 group,4.2983784675598145,0.02268376350402832,0.6293548948011717,0.06952064068237504,,0.4279989311863723,0.08567331380255783,,,,"{'alpha': 0.06952064068237504, 'gamma': 0.4279989311863723, 'lambda': 0.08567331380255783}",1,0.6115264669861163,0.5623230208196356,0.6696314928985911,0.6555209700276874,0.6477725232738276,0.03961859747085916,0.0006631850202021114,0.03861917102541351
random search for 2 group,4.316984224319458,0.02253732681274414,0.6293548948011717,0.09829620523236665,,0.3057488448196389,0.0016530788547958752,,,,"{'alpha': 0.09829620523236665, 'gamma': 0.3057488448196389, 'lambda': 0.0016530788547958752}",1,0.6115264669861163,0.5623230208196356,0.6696314928985911,0.6555209700276874,0.6477725232738276,0.012346772844428493,0.0007914086239150657,0.03861917102541351
random search for 2 group,4.2885260581970215,0.022461414337158203,0.6293548948011717,0.0626556566865439,,0.05379708434465641,0.026983832355076433,,,,"{'alpha': 0.0626556566865439, 'gamma': 0.05379708434465641, 'lambda': 0.026983832355076433}",1,0.6115264669861163,0.5623230208196356,0.6696314928985911,0.6555209700276874,0.6477725232738276,0.033856336894667195,0.0011508674088213768,0.03861917102541351
random search for 2 group,4.304387187957763,0.022290658950805665,0.6293548948011717,0.058739590705304504,,0.2947048122051781,0.052381099392838484,,,,"{'alpha': 0.058739590705304504, 'gamma': 0.2947048122051781, 'lambda': 0.052381099392838484}",1,0.6115264669861163,0.5623230208196356,0.6696314928985911,0.6555209700276874,0.6477725232738276,0.04890525557177862,0.0008624752129605152,0.03861917102541351
random search for 2 group,4.309724521636963,0.02252964973449707,0.6293548948011717,0.060713659196682514,,0.2936613433873508,0.046481507149333925,,,,"{'alpha': 0.060713659196682514, 'gamma': 0.2936613433873508, 'lambda': 0.046481507149333925}",1,0.6115264669861163,0.5623230208196356,0.6696314928985911,0.6555209700276874,0.6477725232738276,0.01922943485852806,0.0004105728923817822,0.03861917102541351
random search for 2 group,4.310850429534912,0.02256917953491211,0.6293548948011717,0.05294406646261678,,0.3287736313938583,0.08170435069059957,,,,"{'alpha': 0.05294406646261678, 'gamma': 0.3287736313938583, 'lambda': 0.08170435069059957}",1,0.6115264669861163,0.5623230208196356,0.6696314928985911,0.6555209700276874,0.6477725232738276,0.032791045753285536,0.0008640808759320786,0.03861917102541351
random search for 2 group,4.316677904129028,0.022530317306518555,0.6293548948011717,0.0622187825397168,,0.18539012859048964,0.04557358265499013,,,,"{'alpha': 0.0622187825397168, 'gamma': 0.18539012859048964, 'lambda': 0.04557358265499013}",1,0.6115264669861163,0.5623230208196356,0.6696314928985911,0.6555209700276874,0.6477725232738276,0.013620303612637625,0.000693922932848644,0.03861917102541351
random search for 2 group,4.310671329498291,0.02314929962158203,0.6293548948011717,0.028361384696315974,,0.13903720391449664,0.07690833984855194,,,,"{'alpha': 0.028361384696315974, 'gamma': 0.13903720391449664, 'lambda': 0.07690833984855194}",1,0.6115264669861163,0.5623230208196356,0.6696314928985911,0.6555209700276874,0.6477725232738276,0.018191208772090746,0.0011099152574301915,0.03861917102541351
random search for 2 group,4.277549171447754,0.02301368713378906,0.6293548948011717,0.011789335358159814,,0.07229608693614215,0.03526758875120045,,,,"{'alpha': 0.011789335358159814, 'gamma': 0.07229608693614215, 'lambda': 0.03526758875120045}",1,0.6115264669861163,0.5623230208196356,0.6696314928985911,0.6555209700276874,0.6477725232738276,0.043291576900501796,0.0014548233367149305,0.03861917102541351
random search for 2 group,4.285685205459595,0.02226877212524414,0.6293548948011717,0.05979719198310251,,0.34155848627072743,0.02500378164817818,,,,"{'alpha': 0.05979719198310251, 'gamma': 0.34155848627072743, 'lambda': 0.02500378164817818}",1,0.6115264669861163,0.5623230208196356,0.6696314928985911,0.6555209700276874,0.6477725232738276,0.0326190306956979,0.0006880830743260118,0.03861917102541351
random search for 2 group,4.30058913230896,0.02237114906311035,0.6293548948011717,0.03471593293099306,,0.18493076656505297,0.04427466299346588,,,,"{'alpha': 0.03471593293099306, 'gamma': 0.18493076656505297, 'lambda': 0.04427466299346588}",1,0.6115264669861163,0.5623230208196356,0.6696314928985911,0.6555209700276874,0.6477725232738276,0.028179092471916377,0.0006605492577929359,0.03861917102541351
random search for 2 group,4.292833566665649,0.022292661666870116,0.6293548948011717,0.03757511090912581,,0.4312003819037282,0.05830307009565016,,,,"{'alpha': 0.03757511090912581, 'gamma': 0.4312003819037282, 'lambda': 0.05830307009565016}",1,0.6115264669861163,0.5623230208196356,0.6696314928985911,0.6555209700276874,0.6477725232738276,0.023117856805009877,0.000771460666228061,0.03861917102541351
random search for 2 group,4.260623645782471,0.0223905086517334,0.6293548948011717,0.08467229214292782,,0.15374640680347784,0.011356700472689408,,,,"{'alpha': 0.08467229214292782, 'gamma': 0.15374640680347784, 'lambda': 0.011356700472689408}",1,0.6115264669861163,0.5623230208196356,0.6696314928985911,0.6555209700276874,0.6477725232738276,0.027604577987580422,0.0005901319717057381,0.03861917102541351
random search for 2 group,4.280768394470215,0.02256951332092285,0.6293548948011717,0.007488654356108049,,0.23218761038350283,0.057053921128247136,,,,"{'alpha': 0.007488654356108049, 'gamma': 0.23218761038350283, 'lambda': 0.057053921128247136}",1,0.6115264669861163,0.5623230208196356,0.6696314928985911,0.6555209700276874,0.6477725232738276,0.022226077528475607,0.0008311683602993633,0.03861917102541351
random search for 2 group,4.28205132484436,0.02230496406555176,0.6293548948011717,0.017704085489779076,,0.4682472876701467,0.07985513702326165,,,,"{'alpha': 0.017704085489779076, 'gamma': 0.4682472876701467, 'lambda': 0.07985513702326165}",1,0.6115264669861163,0.5623230208196356,0.6696314928985911,0.6555209700276874,0.6477725232738276,0.01075077673075958,0.0006345672402008216,0.03861917102541351
random search for 2 group,4.275581121444702,0.02199544906616211,0.6293548948011717,0.07169049420728446,,0.0666021210858394,0.08933128522477529,,,,"{'alpha': 0.07169049420728446, 'gamma': 0.0666021210858394, 'lambda': 0.08933128522477529}",1,0.6115264669861163,0.5623230208196356,0.6696314928985911,0.6555209700276874,0.6477725232738276,0.017683575176038437,0.0009153535126526067,0.03861917102541351
random search for 2 group,4.278637361526489,0.02241196632385254,0.6293548948011717,0.034396277626601905,,0.08521053974542897,0.05280233316103013,,,,"{'alpha': 0.034396277626601905, 'gamma': 0.08521053974542897, 'lambda': 0.05280233316103013}",1,0.6115264669861163,0.5623230208196356,0.6696314928985911,0.6555209700276874,0.6477725232738276,0.048466572072392924,0.0009737446016033336,0.03861917102541351
random search for 2 group,4.2940993309021,0.022572994232177734,0.6293548948011717,0.07713840423966384,,0.25848355075193225,0.05185308015005376,,,,"{'alpha': 0.07713840423966384, 'gamma': 0.25848355075193225, 'lambda': 0.05185308015005376}",1,0.6115264669861163,0.5623230208196356,0.6696314928985911,0.6555209700276874,0.6477725232738276,0.038651015887131504,0.0007498705734213931,0.03861917102541351
random search for 2 group,4.285084962844849,0.02257547378540039,0.6293548948011717,0.02564801667122262,,0.48276385172444425,0.08495596970067391,,,,"{'alpha': 0.02564801667122262, 'gamma': 0.48276385172444425, 'lambda': 0.08495596970067391}",1,0.6115264669861163,0.5623230208196356,0.6696314928985911,0.6555209700276874,0.6477725232738276,0.036755009910605395,0.0005108815065500509,0.03861917102541351
random search for 2 group,4.276037740707397,0.02217583656311035,0.6293548948011717,0.07740514833580914,,0.20876076386474868,0.06886788142313698,,,,"{'alpha': 0.07740514833580914, 'gamma': 0.20876076386474868, 'lambda': 0.06886788142313698}",1,0.6115264669861163,0.5623230208196356,0.6696314928985911,0.6555209700276874,0.6477725232738276,0.03652744828751756,0.0009013582737483924,0.03861917102541351
random search for 2 group,4.270057630538941,0.022282171249389648,0.6293548948011717,0.08259588471652479,,0.4786245621481635,0.07082910572550781,,,,"{'alpha': 0.08259588471652479, 'gamma': 0.4786245621481635, 'lambda': 0.07082910572550781}",1,0.6115264669861163,0.5623230208196356,0.6696314928985911,0.6555209700276874,0.6477725232738276,0.05142314316241279,0.0006866556802631907,0.03861917102541351
random search for 2 group,4.307104921340942,0.02248096466064453,0.6293548948011717,0.04645239268544508,,0.3457651091425188,0.03453055958352295,,,,"{'alpha': 0.04645239268544508, 'gamma': 0.3457651091425188, 'lambda': 0.03453055958352295}",1,0.6115264669861163,0.5623230208196356,0.6696314928985911,0.6555209700276874,0.6477725232738276,0.0312417556671028,0.000878734735386745,0.03861917102541351
random search for 2 group,4.318271923065185,0.02243795394897461,0.6293548948011717,0.09240767137390801,,0.4693324405353817,0.08604536370562871,,,,"{'alpha': 0.09240767137390801, 'gamma': 0.4693324405353817, 'lambda': 0.08604536370562871}",1,0.6115264669861163,0.5623230208196356,0.6696314928985911,0.6555209700276874,0.6477725232738276,0.030529433489576045,0.0007695518672058715,0.03861917102541351
random search for 2 group,4.30321888923645,0.02239713668823242,0.6293548948011717,0.051120680233164253,,0.3324263907926146,0.06450276696253021,,,,"{'alpha': 0.051120680233164253, 'gamma': 0.3324263907926146, 'lambda': 0.06450276696253021}",1,0.6115264669861163,0.5623230208196356,0.6696314928985911,0.6555209700276874,0.6477725232738276,0.023970435599602366,0.0007165739722766115,0.03861917102541351
random search for 3 group,3.7546823978424073,0.02097949981689453,0.6324045139508014,,0.6167191744873946,,,,,0.7513993532052783,"{'colsample_bytree': 0.6167191744873946, 'subsample': 0.7513993532052783}",4,0.6154330853113334,0.5589846674656491,0.6726280642942023,0.6568646283501691,0.6581121243326532,0.01786197748240334,0.00030391236384759137,0.0413657241642673
random search for 3 group,3.479856586456299,0.021599388122558592,0.6291121099150265,,0.5730605956097877,,,,,0.8060220254264263,"{'colsample_bytree': 0.5730605956097877, 'subsample': 0.8060220254264263}",12,0.62366401919668,0.5560313021821627,0.654929116327487,0.6463100661311497,0.6646260457376534,0.011232158702630585,0.00035047098403646714,0.038971818810749695
random search for 3 group,4.473024511337281,0.020183563232421875,0.6270667185960905,,0.8286532999188811,,,,,0.7634921023742935,"{'colsample_bytree': 0.8286532999188811, 'subsample': 0.7634921023742935}",19,0.6117597364483996,0.5579439374928759,0.6647063147895017,0.657737529610445,0.6431860746392309,0.01097032683776198,0.00042069980787810043,0.039062857189508
random search for 3 group,3.22585711479187,0.021726369857788086,0.6332878202951981,,0.5008535975861907,,,,,0.8117732317121772,"{'colsample_bytree': 0.5008535975861907, 'subsample': 0.8117732317121772}",2,0.6276157649175443,0.5787707583935697,0.6500823063295181,0.6588616541646688,0.6511086176706893,0.023237081846098212,0.00018090481610560615,0.029181976662425464
random search for 3 group,4.2667981624603275,0.020461082458496094,0.6360641482668311,,0.8323518611955865,,,,,0.8394893608348879,"{'colsample_bytree': 0.8323518611955865, 'subsample': 0.8394893608348879}",1,0.6250594137870642,0.555490786256564,0.6810799845175775,0.6609853336982298,0.65770522307472,0.021778033720675348,0.0004222319665332739,0.04411121844181712
random search for 3 group,3.40545768737793,0.02196502685546875,0.6271955545997405,,0.605414137150351,,,,,0.8795494033468743,"{'colsample_bytree': 0.605414137150351, 'subsample': 0.8795494033468743}",18,0.6033175607409438,0.570612347135615,0.6538659580812505,0.6521301375681694,0.6560517694727241,0.013225137086006138,0.0006469606824938714,0.03446024649975912
random search for 3 group,4.3021077632904055,0.020403289794921876,0.6287286875216594,,0.7432022316128863,,,,,0.6967320841275203,"{'colsample_bytree': 0.7432022316128863, 'subsample': 0.6967320841275203}",13,0.608694131210084,0.5549730656368864,0.6694407998093934,0.6578644723546239,0.6526709685973097,0.030004770932336233,0.000757148424845137,0.04223950301336084
random search for 3 group,4.350815629959106,0.01987447738647461,0.6279770857473552,,0.7190520411972288,,,,,0.6486743993306787,"{'colsample_bytree': 0.7190520411972288, 'subsample': 0.6486743993306787}",16,0.6094118062890174,0.5605131276840154,0.6666058999657347,0.6612633160187743,0.6420912787792341,0.01691192148477812,0.0003991817029601965,0.039231171528465496
random search for 3 group,5.135205030441284,0.01956019401550293,0.621199885726139,,0.8508739216348554,,,,,0.5310292795851106,"{'colsample_bytree': 0.8508739216348554, 'subsample': 0.5310292795851106}",26,0.6192226473634098,0.5394133132904986,0.6649661601526887,0.6525546067293271,0.6298427010947714,0.024025702264974417,0.0006539953931387298,0.04396875360111405
random search for 3 group,4.6391401290893555,0.020195150375366212,0.626594302231731,,0.7683698348787367,,,,,0.6217931965073502,"{'colsample_bytree': 0.7683698348787367, 'subsample': 0.6217931965073502}",20,0.6253445720012905,0.540504645953251,0.6578298861041301,0.6682111779954749,0.6410812291045085,0.017873914518349767,0.0006740013634178305,0.045454345979669505
random search for 3 group,4.840874528884887,0.019977617263793945,0.6309677957425129,,0.8997955061812625,,,,,0.7090654712061992,"{'colsample_bytree': 0.8997955061812625, 'subsample': 0.7090654712061992}",6,0.6233373513972192,0.5471237346007556,0.6641723122804294,0.6533266762369283,0.6668789041972317,0.02298154961935747,0.0002762513348854837,0.044676878663524065
random search for 3 group,4.0617822170257565,0.020590591430664062,0.6325058482415831,,0.7141274073749738,,,,,0.7542019767825474,"{'colsample_bytree': 0.7141274073749738, 'subsample': 0.7542019767825474}",3,0.6144960774636408,0.5618304978260092,0.6628046019160314,0.6620759916269501,0.6613220723752841,0.02018545968494195,0.000625937317533311,0.03985508656926473
random search for 3 group,4.051993322372437,0.020379304885864258,0.6285594875342768,,0.7548873654978967,,,,,0.8135886330704272,"{'colsample_bytree': 0.7548873654978967, 'subsample': 0.8135886330704272}",15,0.6105296466057564,0.5513527928331862,0.6758643023613428,0.6642207197933746,0.6408299760777243,0.031729438497032685,0.00037076010148298297,0.04460040975536068
random search for 3 group,4.412216520309448,0.01968979835510254,0.6226583926274822,,0.6939964057573025,,,,,0.5760665732495713,"{'colsample_bytree': 0.6939964057573025, 'subsample': 0.5760665732495713}",22,0.6183471284699366,0.5400447623137679,0.6523762096916859,0.6645241908132502,0.6379996718487706,0.013432214870286332,0.0006459949354905999,0.04407912764378548
random search for 3 group,4.534695768356324,0.019504833221435546,0.6287252659415111,,0.7528908752251069,,,,,0.6266059554922545,"{'colsample_bytree': 0.7528908752251069, 'subsample': 0.6266059554922545}",14,0.6231455757893416,0.5548720350630256,0.6542583164214093,0.6629800169555533,0.6483703854782261,0.01980210246412199,0.0006646343957389811,0.039234393097994966
random search for 3 group,4.840673732757568,0.02020430564880371,0.6305903715910979,,0.860463631006144,,,,,0.6612766309861422,"{'colsample_bytree': 0.860463631006144, 'subsample': 0.6612766309861422}",7,0.6190826032586485,0.5526711086456169,0.6658911384575656,0.6644055288454355,0.6509014787482231,0.01006387787059604,0.00114051568794155,0.0424405239020558
random search for 3 group,3.714268207550049,0.02034173011779785,0.6178225165240349,,0.527243003932637,,,,,0.5055020301341131,"{'colsample_bytree': 0.527243003932637, 'subsample': 0.5055020301341131}",27,0.6151545517896366,0.5560737343915375,0.6360296827239382,0.6459504982433746,0.6359041154716875,0.023347975475375378,0.0006042850390042086,0.03246431458635399
random search for 3 group,3.8145308017730715,0.019901180267333986,0.6213050905810158,,0.5436221173232341,,,,,0.5067992901453537,"{'colsample_bytree': 0.5436221173232341, 'subsample': 0.5067992901453537}",25,0.6169911387591189,0.5712507183467963,0.6228950394586579,0.6547675273778992,0.6406210289626071,0.01778823912174895,0.00034595623893110815,0.02835284271272923
random search for 3 group,3.7366652488708496,0.02083907127380371,0.6214665023483489,,0.5462554024099071,,,,,0.5979012118055733,"{'colsample_bytree': 0.5462554024099071, 'subsample': 0.5979012118055733}",24,0.614612530336571,0.5402712275424162,0.6514831314715059,0.6567280537974236,0.6442375685938275,0.019233437426222015,0.0003030522643713673,0.043133620473171604
random search for 3 group,3.8118130207061767,0.021579885482788087,0.6305375525439103,,0.735654961732826,,,,,0.8893455167438094,"{'colsample_bytree': 0.735654961732826, 'subsample': 0.8893455167438094}",8,0.6187908176632048,0.5517252885909945,0.6638836488290256,0.6615492448972673,0.6567387627390595,0.013313880801395487,0.0012585132917755945,0.04268383615727971
random search for 3 group,3.7991795539855957,0.02077651023864746,0.6277394037580803,,0.6344178813868716,,,,,0.7583843114314632,"{'colsample_bytree': 0.6344178813868716, 'subsample': 0.7583843114314632}",17,0.6093451064195423,0.562339266970805,0.6688367930557761,0.6555564683101787,0.6426193840340997,0.016582746761650745,0.0005339678833710797,0.03820923021148046
random search for 3 group,3.3498229503631594,0.021655702590942384,0.6291644467961384,,0.5327237675837924,,,,,0.8083262290501207,"{'colsample_bytree': 0.5327237675837924, 'subsample': 0.8083262290501207}",11,0.615049586516033,0.5591320440126715,0.6635381847462825,0.6551364678911678,0.652965950814537,0.02859758210716463,0.0002904082593793403,0.038797881525455255
random search for 3 group,4.5800309658050535,0.019974517822265624,0.6299961241796519,,0.7725828683333246,,,,,0.6429705912254295,"{'colsample_bytree': 0.7725828683333246, 'subsample': 0.6429705912254295}",10,0.6143360205259936,0.5552632491391849,0.6641945723386866,0.6677650953746501,0.648421683519744,0.026602677089633743,0.0008031393522877257,0.04187068601508082
random search for 3 group,4.0273215770721436,0.020900201797485352,0.6314233974911093,,0.7465610909479357,,,,,0.8339553810590861,"{'colsample_bytree': 0.7465610909479357, 'subsample': 0.8339553810590861}",5,0.615587156067332,0.544689745801056,0.6779549674587919,0.6600160483784907,0.6588690697498757,0.025102466740217922,0.0004935284259775364,0.047978129375965205
random search for 3 group,3.9345351696014403,0.02084488868713379,0.6250289646589615,,0.6898726397616585,,,,,0.7848080812051266,"{'colsample_bytree': 0.6898726397616585, 'subsample': 0.7848080812051266}",21,0.6095115891159579,0.5429897181413899,0.6699483011297804,0.6621027031429226,0.6405925117647567,0.02133426951789511,0.0004093177331898613,0.046055748361271014
random search for 3 group,3.594786787033081,0.021507740020751953,0.6225132726492969,,0.5160948272487347,,,,,0.649798268150495,"{'colsample_bytree': 0.5160948272487347, 'subsample': 0.649798268150495}",23,0.6119605715380259,0.5553554320231606,0.6455933971359088,0.6532422576283795,0.6464147049210098,0.016744933656370406,0.00031693698330715665,0.03652335194669517
random search for 3 group,4.062386083602905,0.020385169982910158,0.6302735597083795,,0.6464437739543646,,,,,0.6502174803799156,"{'colsample_bytree': 0.6464437739543646, 'subsample': 0.6502174803799156}",9,0.6118435090070014,0.5618995683757948,0.6570822158103653,0.6619130639879108,0.658629441360825,0.011572329554027237,0.0005960842997929727,0.03882908125861403
default params,8.026747179031371,0.041514253616333006,0.6333282454922946,,,,,6,,,{'max_depth': 6},1,0.6226060790339052,0.5828631400861283,0.6846961558465688,0.6450787751568745,0.6313970773379962,0.03847109696882614,0.0009650530482012119,0.03299138763138038
