split0_test_score,split1_test_score,split2_test_score,mean_test_score,std_test_score,rank_test_score,mean_fit_time,std_fit_time,mean_score_time,std_score_time,param_colsample_bytree,param_subsample,params,experiment_name,run_number
0.8999289716675875,0.8970089180017362,0.8970007892659826,0.8979795596451021,0.0013784464550461888,174,1.3232274055480957,0.05281216112562367,0.1787564754486084,0.1199859828071497,0.7317647995229096,0.7153244543413045,"OrderedDict([('colsample_bytree', 0.7317647995229096), ('subsample', 0.7153244543413045)])",BO for 3 group,6
0.8992186883434614,0.895746192092179,0.8967640094711918,0.8972429633022774,0.0014575333347877607,233,0.8118894100189209,0.016709880093262713,0.08285061518351237,0.0041696237826125875,0.7302378244808215,0.5659901903501434,"OrderedDict([('colsample_bytree', 0.7302378244808215), ('subsample', 0.5659901903501434)])",BO for 3 group,6
0.8981927235419461,0.8976402809565148,0.8961325966850828,0.8973218670611812,0.0008706592227151731,229,1.251883824666341,0.25983021146341007,0.14491836229960123,0.0468133815894717,0.7571233564306445,0.7883670347659217,"OrderedDict([('colsample_bytree', 0.7571233564306445), ('subsample', 0.7883670347659217)])",BO for 3 group,6
0.900323573514324,0.8966143161549996,0.8981057616416732,0.8983478837703324,0.0015239455115620768,117,1.4940768082936604,0.17335326078264793,0.10974486668904622,0.02473122456000336,0.5240301452219338,0.8934277092962295,"OrderedDict([('colsample_bytree', 0.5240301452219338), ('subsample', 0.8934277092962295)])",BO for 3 group,6
0.8997711309288927,0.897166758740431,0.8962904498816101,0.8977427798503114,0.0014782050776756012,203,1.521113634109497,0.49969265422845793,0.11417611440022786,0.0343827912880579,0.7967042592592195,0.6307147189166352,"OrderedDict([('colsample_bytree', 0.7967042592592195), ('subsample', 0.6307147189166352)])",BO for 3 group,6
0.8992186883434614,0.8956672717228317,0.897947908445146,0.897611289503813,0.0014692683524052397,211,1.13477619489034,0.08195733954698232,0.18024786313374838,0.06820499471013196,0.7876690101476919,0.6110352471550712,"OrderedDict([('colsample_bytree', 0.7876690101476919), ('subsample', 0.6110352471550712)])",BO for 3 group,6
0.9043485123510377,0.8969299976323889,0.897947908445146,0.8997421394761909,0.0032835995393547006,5,1.4033920764923096,0.38667168983942923,0.10237685839335124,0.020481970812044007,0.8861521063513131,0.7136527585301091,"OrderedDict([('colsample_bytree', 0.8861521063513131), ('subsample', 0.7136527585301091)])",BO for 3 group,6
0.9020598216399652,0.8965353957856522,0.8997632202052092,0.8994528125436089,0.0022659927834888945,9,0.8437848885854086,0.03718746749517492,0.08335622151692708,0.006247252389459444,0.6147278449375111,0.6026374616757635,"OrderedDict([('colsample_bytree', 0.6147278449375111), ('subsample', 0.6026374616757635)])",BO for 3 group,6
0.9023755031173546,0.8974824402178202,0.8976322020520916,0.8991633817957555,0.0022721355138950803,23,1.4827094078063965,0.26465739590797294,0.16904425621032715,0.02644443717960639,0.6121711504837553,0.859002036277486,"OrderedDict([('colsample_bytree', 0.6121711504837553), ('subsample', 0.859002036277486)])",BO for 3 group,6
0.9002446531449767,0.8963775550469576,0.8974743488555643,0.8980321856824997,0.0016272673144548425,164,1.320559819539388,0.20938617432436588,0.15462883313496908,0.03560762522962401,0.7481671782668029,0.8287840859536534,"OrderedDict([('colsample_bytree', 0.7481671782668029), ('subsample', 0.8287840859536534)])",BO for 3 group,6
0.9026122642253965,0.8989819272354195,0.8961325966850828,0.8992422627152997,0.002651710615157956,20,1.5268313090006511,0.18671751319329122,0.12241450945536296,0.029435188144546157,0.6705978097322559,0.8978350569036339,"OrderedDict([('colsample_bytree', 0.6705978097322559), ('subsample', 0.8978350569036339)])",BO for 3 group,6
0.8985084050193355,0.8966143161549996,0.8992107340173638,0.8981111517305663,0.0010965716455022911,156,0.991722822189331,0.33013932441041555,0.10718091328938802,0.03529215341148901,0.50387585184034,0.5027223706840056,"OrderedDict([('colsample_bytree', 0.50387585184034), ('subsample', 0.5027223706840056)])",BO for 3 group,6
0.901270617946492,0.896693236524347,0.8960536700868192,0.8980058415192195,0.0023232642477139897,172,0.9099369843800863,0.2086736609408498,0.08310143152872722,0.0038169649473565985,0.5633818303551723,0.5024546317073182,"OrderedDict([('colsample_bytree', 0.5633818303551723), ('subsample', 0.5024546317073182)])",BO for 3 group,6
0.9004024938836713,0.8974035198484729,0.8982636148382005,0.8986898761901149,0.0012608820645486057,73,1.8698469797770183,0.6286044358122295,0.12009437878926595,0.02351761326103796,0.842929636649064,0.8976411066655525,"OrderedDict([('colsample_bytree', 0.842929636649064), ('subsample', 0.8976411066655525)])",BO for 3 group,6
0.9005603346223661,0.8964564754163049,0.8970797158642463,0.8980321753009725,0.0018056945717645097,166,1.372349500656128,0.3661835577134537,0.08840529123942058,0.005975360875776533,0.8999337453003556,0.5042030093523577,"OrderedDict([('colsample_bytree', 0.8999337453003556), ('subsample', 0.5042030093523577)])",BO for 3 group,6
0.9002446531449767,0.8990608476047668,0.8972375690607735,0.8988476899368388,0.00123685510224236,57,0.9896334807078043,0.268261233872201,0.12194863955179851,0.05406849543134581,0.6668018564693957,0.5008753578110856,"OrderedDict([('colsample_bytree', 0.6668018564693957), ('subsample', 0.5008753578110856)])",BO for 3 group,6
0.9004024938836713,0.895746192092179,0.8987371744277821,0.8982952868012108,0.0019264362779064911,127,1.5206151803334553,0.26994093921491363,0.12578940391540527,0.0453142895424542,0.8973920562707093,0.8985751803515383,"OrderedDict([('colsample_bytree', 0.8973920562707093), ('subsample', 0.8985751803515383)])",BO for 3 group,6
0.9006392549917134,0.8976402809565148,0.8956590370955012,0.8979795243479098,0.0020472676314854175,176,1.488531271616618,0.1788386684626026,0.14802304903666177,0.07978460413690155,0.6981715832063271,0.8873243988058934,"OrderedDict([('colsample_bytree', 0.6981715832063271), ('subsample', 0.8873243988058934)])",BO for 3 group,6
0.9011916975771447,0.8954305106147897,0.896921862667719,0.8978480236198845,0.00244146805369081,189,1.2339716752370198,0.21046822395419018,0.13137292861938477,0.040013599226245665,0.6407630367681884,0.8700461771233963,"OrderedDict([('colsample_bytree', 0.6407630367681884), ('subsample', 0.8700461771233963)])",BO for 3 group,6
0.9007181753610607,0.897166758740431,0.8960536700868192,0.8979795347294369,0.0019891130300689467,175,1.3430659770965576,0.18835298397074451,0.13294378916422525,0.060263656614414844,0.8684828774788862,0.7285102885675145,"OrderedDict([('colsample_bytree', 0.8684828774788862), ('subsample', 0.7285102885675145)])",BO for 3 group,6
0.9019809012706179,0.8962986346776103,0.8968429360694554,0.8983741573392279,0.002560015278763693,115,1.236636797587077,0.23989971302153543,0.1250753402709961,0.025441897863385694,0.5933919204093138,0.609477563301631,"OrderedDict([('colsample_bytree', 0.5933919204093138), ('subsample', 0.609477563301631)])",BO for 3 group,6
0.9015073790545339,0.897166758740431,0.8958168902920284,0.8981636760289978,0.002427728519862828,152,0.993343194325765,0.022025468405815683,0.0917953650156657,0.013139411477188317,0.8230265050368546,0.7052766108515071,"OrderedDict([('colsample_bytree', 0.8230265050368546), ('subsample', 0.7052766108515071)])",BO for 3 group,6
0.9019019809012706,0.8959829532002209,0.8988161010260458,0.8989003450425125,0.002417167077687046,47,1.4582761923472087,0.07745118128860837,0.14644662539164224,0.019800487256034185,0.54301260174781,0.6086632385649903,"OrderedDict([('colsample_bytree', 0.54301260174781), ('subsample', 0.6086632385649903)])",BO for 3 group,6
0.8985084050193355,0.8958251124615263,0.8973164956590371,0.897216671046633,0.0010977214135440682,234,1.5445403258005779,0.30903432641789813,0.08793822924296062,0.005720069419173086,0.6836069262342342,0.5356948657722741,"OrderedDict([('colsample_bytree', 0.6836069262342342), ('subsample', 0.5356948657722741)])",BO for 3 group,6
0.901270617946492,0.8982716439112935,0.8966061562746646,0.8987161393774833,0.0019300229422788866,72,1.3288036187489827,0.450742021030559,0.08540701866149902,0.0025334455817329145,0.626386897447569,0.8421738335078387,"OrderedDict([('colsample_bytree', 0.626386897447569), ('subsample', 0.8421738335078387)])",BO for 3 group,6
0.9028490253334386,0.8965353957856522,0.894475138121547,0.8979531864135458,0.003562592170295648,179,1.2566444873809814,0.0695256648564731,0.10408719380696614,0.027233103347042223,0.5787923869263152,0.641013788555202,"OrderedDict([('colsample_bytree', 0.5787923869263152), ('subsample', 0.641013788555202)])",BO for 3 group,6
0.8999289716675875,0.8979559624339042,0.8971586424625099,0.8983478588546672,0.0011644363671125969,121,1.1451922257741292,0.3179787669388422,0.18788528442382812,0.041686526204146944,0.7133850520741652,0.5773982342238337,"OrderedDict([('colsample_bytree', 0.7133850520741652), ('subsample', 0.5773982342238337)])",BO for 3 group,6
0.9014284586851866,0.8949569883987057,0.8972375690607735,0.8978743387148885,0.0026800607718859234,186,1.2810953458150227,0.34559458039823876,0.09156020482381184,0.006750630720155167,0.7726620512717464,0.7727915200556372,"OrderedDict([('colsample_bytree', 0.7726620512717464), ('subsample', 0.7727915200556372)])",BO for 3 group,6
0.9033225475495226,0.8984294846499882,0.8961325966850828,0.8992948762948645,0.0029983912778389233,17,1.6413023471832275,0.19024526332480757,0.12983417510986328,0.03302446953537156,0.6542931935676244,0.8797769118693868,"OrderedDict([('colsample_bytree', 0.6542931935676244), ('subsample', 0.8797769118693868)])",BO for 3 group,6
0.9006392549917134,0.8961407939389157,0.896921862667719,0.8979006371994492,0.0019625727415576145,183,1.7651348114013672,0.344630468439638,0.13282155990600586,0.06063506017060636,0.855248376672334,0.7821605497913828,"OrderedDict([('colsample_bytree', 0.855248376672334), ('subsample', 0.7821605497913828)])",BO for 3 group,6
0.9004814142530188,0.8966143161549996,0.8955801104972375,0.8975586136350854,0.002109418233349488,221,1.1587167580922444,0.08691478016007176,0.10076141357421875,0.014994038822182004,0.8100991614991604,0.8242057300242465,"OrderedDict([('colsample_bytree', 0.8100991614991604), ('subsample', 0.8242057300242465)])",BO for 3 group,6
0.9018230605319233,0.8972456791097783,0.8983425414364641,0.899137093692722,0.001951339734113102,27,1.2023234367370605,0.1689320654238037,0.11731640497843425,0.04308741687227452,0.5528630240922834,0.8274182890215273,"OrderedDict([('colsample_bytree', 0.5528630240922834), ('subsample', 0.8274182890215273)])",BO for 3 group,6
0.9011127772077974,0.8959829532002209,0.8951065509076559,0.897400760438558,0.002649065447277418,226,1.0236066182454426,0.056098938455849456,0.09819332758585612,0.002382381267587769,0.8331714571630187,0.6948741807559153,"OrderedDict([('colsample_bytree', 0.8331714571630187), ('subsample', 0.6948741807559153)])",BO for 3 group,6
0.901270617946492,0.8967721568936943,0.8970797158642463,0.8983741635681443,0.0020519477096130555,114,1.300417423248291,0.22909893753086158,0.11706360181172688,0.02950817557043282,0.5140405009776396,0.5852195484222735,"OrderedDict([('colsample_bytree', 0.5140405009776396), ('subsample', 0.5852195484222735)])",BO for 3 group,6
0.90103385683845,0.8987451661273774,0.8974743488555643,0.8990844572737973,0.00147283471161023,33,0.9828017552693685,0.05036015427253454,0.1081546147664388,0.028732594443590005,0.6030570369819088,0.7493277136514848,"OrderedDict([('colsample_bytree', 0.6030570369819088), ('subsample', 0.7493277136514848)])",BO for 3 group,6
0.9001657327756294,0.895272669876095,0.8957379636937648,0.8970587887818297,0.002205137988070329,239,1.3023935159047444,0.09430728038663577,0.11857469876607259,0.03575466850447146,0.5336860148704713,0.7369325666236065,"OrderedDict([('colsample_bytree', 0.5336860148704713), ('subsample', 0.7369325666236065)])",BO for 3 group,6
0.8977981216952096,0.895272669876095,0.8977900552486188,0.8969536156066411,0.0011886126867546199,242,1.351676305135091,0.17844012702911002,0.16648260752360025,0.08047646098101346,0.8779728366076693,0.8615164870529192,"OrderedDict([('colsample_bytree', 0.8779728366076693), ('subsample', 0.8615164870529192)])",BO for 3 group,6
0.900797095730408,0.8961407939389157,0.8962904498816101,0.8977427798503114,0.0021605914848877713,203,1.354338010152181,0.011312576320771288,0.13290739059448242,0.03309862227393718,0.7399306773034299,0.8032333941366777,"OrderedDict([('colsample_bytree', 0.7399306773034299), ('subsample', 0.8032333941366777)])",BO for 3 group,6
0.900797095730408,0.8972456791097783,0.8968429360694554,0.8982952369698806,0.0017767054590548679,130,1.4503108660380046,0.25400646964270696,0.136338472366333,0.030833054953514887,0.7213280725771589,0.5876712401111738,"OrderedDict([('colsample_bytree', 0.7213280725771589), ('subsample', 0.5876712401111738)])",BO for 3 group,6
0.9015073790545339,0.8969299976323889,0.8984214680347277,0.8989529482405502,0.0019061232170447368,43,1.514632781346639,0.2510791934595098,0.1821750005086263,0.09275711204376991,0.8143491322072383,0.7412107047727199,"OrderedDict([('colsample_bytree', 0.8143491322072383), ('subsample', 0.7412107047727199)])",BO for 3 group,6
0.9006392549917134,0.8976402809565148,0.8956590370955012,0.8979795243479098,0.0020472676314854175,176,1.527373234430949,0.10960753512662795,0.1467412312825521,0.0129644759227281,0.795700905140043,0.7200230118429002,"OrderedDict([('colsample_bytree', 0.795700905140043), ('subsample', 0.7200230118429002)])",BO for 3 group,6
0.901744140162576,0.897166758740431,0.8976322020520916,0.8988477003183662,0.0020568879725509272,56,1.342914342880249,0.1265270150356198,0.11731266975402832,0.045598118733658245,0.7058889035019269,0.8235662565037147,"OrderedDict([('colsample_bytree', 0.7058889035019269), ('subsample', 0.8235662565037147)])",BO for 3 group,6
0.9023755031173546,0.8976402809565148,0.8972375690607735,0.8990844510448811,0.002332925491815325,35,2.03771964708964,0.43031771190878043,0.13767107327779135,0.044499850119896565,0.5710729273943518,0.8635167003989943,"OrderedDict([('colsample_bytree', 0.5710729273943518), ('subsample', 0.8635167003989943)])",BO for 3 group,6
0.9016652197932287,0.8951148291374004,0.8981846882399369,0.8983215790568554,0.002675937064258439,125,1.6282541751861572,0.31763037611544825,0.08787218729654948,0.0018848495820585462,0.5331374563689045,0.8077056560551199,"OrderedDict([('colsample_bytree', 0.5331374563689045), ('subsample', 0.8077056560551199)])",BO for 3 group,6
0.902691184594744,0.896693236524347,0.896921862667719,0.89876876126227,0.0027751421678550115,66,1.2680410544077556,0.03951067257010711,0.11835718154907227,0.041201462247155735,0.6700454176738715,0.6152843419580805,"OrderedDict([('colsample_bytree', 0.6700454176738715), ('subsample', 0.6152843419580805)])",BO for 3 group,6
0.8991397679741141,0.8963775550469576,0.8992107340173638,0.8982426856794786,0.0013191646983601753,136,1.3474026521046956,0.18843457548352543,0.09284647305806477,0.008139761248763401,0.8211529268352459,0.532955038549431,"OrderedDict([('colsample_bytree', 0.8211529268352459), ('subsample', 0.532955038549431)])",BO for 3 group,6
0.9023755031173546,0.8975613605871675,0.8966850828729281,0.8988739821924834,0.0025016597488602345,54,1.5515827337900798,0.39394407056433906,0.14600404103597006,0.078619204009569,0.7008398943344777,0.6818552474376651,"OrderedDict([('colsample_bytree', 0.7008398943344777), ('subsample', 0.6818552474376651)])",BO for 3 group,6
0.9013495383158393,0.8973245994791256,0.8970007892659826,0.8985583090203159,0.001978119308615351,90,1.311736265818278,0.06847763296645216,0.09991757074991862,0.005420292288811318,0.656371492430367,0.727330767829487,"OrderedDict([('colsample_bytree', 0.656371492430367), ('subsample', 0.727330767829487)])",BO for 3 group,6
0.9002446531449767,0.8972456791097783,0.8981057616416732,0.8985320312988095,0.0012608834684180383,92,1.3070268630981445,0.23674175612108186,0.0914011796315511,0.008532720291282131,0.8316779369654996,0.6584454868208696,"OrderedDict([('colsample_bytree', 0.8316779369654996), ('subsample', 0.6584454868208696)])",BO for 3 group,6
0.9022965827480073,0.8981138031725988,0.8961325966850828,0.8988476608685629,0.0025693827254065125,59,1.493227481842041,0.21721601046548167,0.145918607711792,0.055071969073703396,0.8721106574748281,0.7157479244923574,"OrderedDict([('colsample_bytree', 0.8721106574748281), ('subsample', 0.7157479244923574)])",BO for 3 group,6
0.9011127772077974,0.8972456791097783,0.8982636148382005,0.898874023718592,0.001636675731652708,52,0.9911637306213379,0.04378255826387571,0.08359169960021973,0.0025559506288625688,0.7446883385526065,0.7040241159250137,"OrderedDict([('colsample_bytree', 0.7446883385526065), ('subsample', 0.7040241159250137)])",BO for 3 group,6
0.9019019809012706,0.8981138031725988,0.8973954222573007,0.8991370687770567,0.001976962666286315,28,1.3227867285410564,0.08133126283101677,0.14304582277933756,0.07776896108996836,0.8625553008296114,0.8110598005989482,"OrderedDict([('colsample_bytree', 0.8625553008296114), ('subsample', 0.8110598005989482)])",BO for 3 group,6
0.900323573514324,0.8962986346776103,0.8992107340173638,0.8986109807364328,0.0016970191824318237,85,1.1162013212839763,0.06865451447508664,0.11017902692159016,0.014557255572202719,0.5408192876399411,0.855910249636286,"OrderedDict([('colsample_bytree', 0.5408192876399411), ('subsample', 0.855910249636286)])",BO for 3 group,6
0.901744140162576,0.8985084050193355,0.8966850828729281,0.8989792093516132,0.0020920098317890913,41,1.3966843287150066,0.3647803548762066,0.1217801570892334,0.024384583665944138,0.8173048856004774,0.543789290702138,"OrderedDict([('colsample_bytree', 0.8173048856004774), ('subsample', 0.543789290702138)])",BO for 3 group,6
0.9000868124062821,0.8974824402178202,0.8955011838989739,0.897690145507692,0.0018778273469340142,209,0.9395349820454916,0.16243470944409186,0.0961608091990153,0.012929267321071159,0.5220552752418175,0.5985994840276814,"OrderedDict([('colsample_bytree', 0.5220552752418175), ('subsample', 0.5985994840276814)])",BO for 3 group,6
0.8986662457580301,0.8975613605871675,0.8985003946329914,0.8982426669927297,0.00048649115278983105,137,1.5009290377298992,0.6506243223317535,0.09852139155069987,0.003567868948283053,0.6912546773504139,0.6028462007511539,"OrderedDict([('colsample_bytree', 0.6912546773504139), ('subsample', 0.6028462007511539)])",BO for 3 group,6
0.9008760160997553,0.8980348828032515,0.8958168902920284,0.8982425963983451,0.002070595274760732,140,1.5286608537038167,0.3836687863092941,0.11323889096577962,0.02339796375796418,0.6353835099802612,0.8296131640936386,"OrderedDict([('colsample_bytree', 0.6353835099802612), ('subsample', 0.8296131640936386)])",BO for 3 group,6
0.900797095730408,0.8987451661273774,0.8973954222573007,0.898979228038362,0.0013985550490990695,40,0.9535788695017496,0.08417118517903867,0.0920547644297282,0.013699094691368293,0.6271794117981225,0.5932795276845433,"OrderedDict([('colsample_bytree', 0.6271794117981225), ('subsample', 0.5932795276845433)])",BO for 3 group,6
0.9002446531449767,0.8949569883987057,0.8973164956590371,0.8975060457342399,0.002162837109060874,222,1.4772318204243977,0.12074362503773045,0.10440333684285481,0.009299472991282089,0.888807384009775,0.6876748952922838,"OrderedDict([('colsample_bytree', 0.888807384009775), ('subsample', 0.6876748952922838)])",BO for 3 group,6
0.9023755031173546,0.8970089180017362,0.8970007892659826,0.8987950701283577,0.00253175062102736,65,1.5887389183044434,0.19919360889551266,0.11893105506896973,0.018603676086828377,0.7481970882900727,0.8998807562629618,"OrderedDict([('colsample_bytree', 0.7481970882900727), ('subsample', 0.8998807562629618)])",BO for 3 group,6
0.900797095730408,0.897166758740431,0.8974743488555643,0.898479401108801,0.0016436613984234815,98,1.8885380427042644,0.479830294762926,0.0944201151529948,0.0065264521475369335,0.644040260708802,0.896095026709216,"OrderedDict([('colsample_bytree', 0.644040260708802), ('subsample', 0.896095026709216)])",BO for 3 group,6
0.9000078920369348,0.8958251124615263,0.8972375690607735,0.8976901911864115,0.0017373468921656361,206,1.6148792902628581,0.18976651706147105,0.157530148824056,0.07188285116020988,0.7066782640827756,0.7462895044608094,"OrderedDict([('colsample_bytree', 0.7066782640827756), ('subsample', 0.7462895044608094)])",BO for 3 group,6
0.901744140162576,0.8969299976323889,0.8977111286503552,0.8987950888151067,0.0021095369640934795,63,1.4415161609649658,0.36353227408652816,0.10197067260742188,0.012237728116084355,0.6328834436224076,0.6158455148754771,"OrderedDict([('colsample_bytree', 0.6328834436224076), ('subsample', 0.6158455148754771)])",BO for 3 group,6
0.9029279457027859,0.8968510772630416,0.8967640094711918,0.8988476774790065,0.002885404279424597,58,1.2785122394561768,0.22396834568156393,0.12110320727030437,0.028279494576992907,0.5872749250276617,0.8453794507765326,"OrderedDict([('colsample_bytree', 0.5872749250276617), ('subsample', 0.8453794507765326)])",BO for 3 group,6
0.9016652197932287,0.8981138031725988,0.8974743488555643,0.8990844572737973,0.0018434527102098293,33,1.3197035789489746,0.21222707756320494,0.1458576520284017,0.005769668342109109,0.6190880623754722,0.6636775798762714,"OrderedDict([('colsample_bytree', 0.6190880623754722), ('subsample', 0.6636775798762714)])",BO for 3 group,6
0.9034803882882172,0.8975613605871675,0.8970797158642463,0.8993738215798771,0.0029104310113011902,14,1.0754776795705159,0.07583078612532312,0.08182207743326823,0.0007870875189781452,0.6912901282674733,0.8987570346430642,"OrderedDict([('colsample_bytree', 0.6912901282674733), ('subsample', 0.8987570346430642)])",BO for 3 group,6
0.9004814142530188,0.8969299976323889,0.8940805051302289,0.8971639723385455,0.00261839232124021,237,1.6570723056793213,0.48379201806215616,0.24959015846252441,0.13632815215900806,0.5058062841677707,0.8360534237547794,"OrderedDict([('colsample_bytree', 0.5058062841677707), ('subsample', 0.8360534237547794)])",BO for 3 group,6
0.900323573514324,0.8980348828032515,0.8961325966850828,0.8981636843342194,0.0017133814659115656,151,1.4202346801757812,0.07311194804125973,0.11288094520568848,0.019978514550845528,0.7005521269702285,0.6711725729017931,"OrderedDict([('colsample_bytree', 0.7005521269702285), ('subsample', 0.6711725729017931)])",BO for 3 group,6
0.9016652197932287,0.8977192013258622,0.8964483030781374,0.8986109080657428,0.0022211724659904216,86,1.8634735743204753,0.2263150076999307,0.12381426493326823,0.01974985423749806,0.5960082861951699,0.8188101847379896,"OrderedDict([('colsample_bytree', 0.5960082861951699), ('subsample', 0.8188101847379896)])",BO for 3 group,6
0.900323573514324,0.8970878383710835,0.8961325966850828,0.8978480028568301,0.001793406298983757,192,1.557202418645223,0.05314413729232364,0.14508978525797525,0.06571371697767629,0.5457814830009704,0.8801133752335588,"OrderedDict([('colsample_bytree', 0.5457814830009704), ('subsample', 0.8801133752335588)])",BO for 3 group,6
0.9006392549917134,0.8970878383710835,0.8973164956590371,0.898347863007278,0.001622945667314948,120,1.157529592514038,0.07081459825703842,0.12769087155659994,0.06411166277656208,0.6787049136717621,0.8522570793516393,"OrderedDict([('colsample_bytree', 0.6787049136717621), ('subsample', 0.8522570793516393)])",BO for 3 group,6
0.9015073790545339,0.895272669876095,0.896527229676401,0.89776909286901,0.0026925288951461512,196,1.435489813486735,0.2582321074260984,0.19006935755411783,0.14228644866255347,0.5453427818605003,0.757466000060088,"OrderedDict([('colsample_bytree', 0.5453427818605003), ('subsample', 0.757466000060088)])",BO for 3 group,6
0.89985005129824,0.8962986346776103,0.8961325966850828,0.8974270942203111,0.0017146297763375915,225,1.6406741937001545,0.468275915477584,0.14937575658162436,0.08805031585127583,0.5251710534523318,0.6668530311323139,"OrderedDict([('colsample_bytree', 0.5251710534523318), ('subsample', 0.6668530311323139)])",BO for 3 group,6
0.9001657327756294,0.895746192092179,0.8957379636937648,0.8972166295205244,0.0020853336157696366,236,1.608375072479248,0.24411333217909728,0.18645636240641275,0.062251540011686715,0.8953708401741176,0.8017123190973248,"OrderedDict([('colsample_bytree', 0.8953708401741176), ('subsample', 0.8017123190973248)])",BO for 3 group,6
0.9023755031173546,0.8961407939389157,0.8982636148382005,0.8989266372981569,0.0025881265710590317,45,0.9211578369140625,0.04012786373175959,0.09173401196797688,0.011366149805905118,0.6779999449233132,0.6558014361293705,"OrderedDict([('colsample_bytree', 0.6779999449233132), ('subsample', 0.6558014361293705)])",BO for 3 group,6
0.8989819272354195,0.8980348828032515,0.8975532754538279,0.8981900284974996,0.0005934723347070714,147,1.220166762669881,0.10378133165801799,0.11631894111633301,0.020714401301111542,0.5818781329977355,0.6538064461958527,"OrderedDict([('colsample_bytree', 0.5818781329977355), ('subsample', 0.6538064461958527)])",BO for 3 group,6
0.8989030068660722,0.89985005129824,0.8971586424625099,0.898637233542274,0.001114718791143795,82,1.4121063550313313,0.27149407496871525,0.13726202646891275,0.03776065233553647,0.8992602865288581,0.5507396647674759,"OrderedDict([('colsample_bytree', 0.8992602865288581), ('subsample', 0.5507396647674759)])",BO for 3 group,6
0.9005603346223661,0.8968510772630416,0.8962904498816101,0.8979006205890059,0.0018945773177927844,184,1.5677855809529622,0.46590257213233766,0.09954770406087239,0.017810783873697385,0.5005803566680072,0.8195412649788067,"OrderedDict([('colsample_bytree', 0.5005803566680072), ('subsample', 0.8195412649788067)])",BO for 3 group,6
0.9020598216399652,0.8989819272354195,0.8975532754538279,0.8995316747764042,0.0018804088918922732,6,1.586130698521932,0.20011863544027156,0.1309476693471273,0.04210290295086137,0.6873909664828535,0.694437222371776,"OrderedDict([('colsample_bytree', 0.6873909664828535), ('subsample', 0.694437222371776)])",BO for 3 group,6
0.8989819272354195,0.8967721568936943,0.8960536700868192,0.897269251405311,0.0012460603776681379,232,1.4748839537302654,0.46453640008642105,0.09050552050272624,0.00934546127091634,0.8240120423406501,0.5122530988500642,"OrderedDict([('colsample_bytree', 0.8240120423406501), ('subsample', 0.5122530988500642)])",BO for 3 group,6
0.9000868124062821,0.8976402809565148,0.896527229676401,0.8980847743463993,0.0014867947813905352,161,1.7122332255045574,0.3327819188560627,0.11538068453470866,0.02296885768346138,0.8641887699138573,0.5348146801546304,"OrderedDict([('colsample_bytree', 0.8641887699138573), ('subsample', 0.5348146801546304)])",BO for 3 group,6
0.9013495383158393,0.8967721568936943,0.8959747434885557,0.8980321462326964,0.0023682320705043594,168,1.9100444316864014,0.28656843546323596,0.15519952774047852,0.045169993310212445,0.7111259805782275,0.8911043126704312,"OrderedDict([('colsample_bytree', 0.7111259805782275), ('subsample', 0.8911043126704312)])",BO for 3 group,6
0.9039539105043012,0.8964564754163049,0.9005524861878453,0.9003209573694838,0.0030651903062157313,1,1.638947566350301,0.08937756104848052,0.1728966236114502,0.03706295586870805,0.5426735138329621,0.8376721122523816,"OrderedDict([('colsample_bytree', 0.5426735138329621), ('subsample', 0.8376721122523816)])",BO for 3 group,6
0.9008760160997553,0.8980348828032515,0.8970797158642463,0.8986635382557511,0.0016123232984319093,78,1.8137719631195068,0.176112938062253,0.24748818079630533,0.07246560203832447,0.6615403471287401,0.6838307279055846,"OrderedDict([('colsample_bytree', 0.6615403471287401), ('subsample', 0.6838307279055846)])",BO for 3 group,6
0.90103385683845,0.8958251124615263,0.8952644041041831,0.8973744578013866,0.0025976912120631327,228,1.330757776896159,0.08651334175299279,0.19412716229756674,0.0791001125593487,0.6452913942340163,0.6486677256361498,"OrderedDict([('colsample_bytree', 0.6452913942340163), ('subsample', 0.6486677256361498)])",BO for 3 group,6
0.9023755031173546,0.8975613605871675,0.8954222573007103,0.8984530403350774,0.002907831543297603,104,1.5091400146484375,0.2934171446795656,0.13287885983784994,0.04325690403866181,0.5942060667415512,0.8837656415324282,"OrderedDict([('colsample_bytree', 0.5942060667415512), ('subsample', 0.8837656415324282)])",BO for 3 group,6
0.9019019809012706,0.8970089180017362,0.8988161010260458,0.8992423333096843,0.002020193324810225,18,1.224784294764201,0.08860630040393337,0.10277716318766277,0.009851914461098572,0.6008228016940382,0.5771531290425777,"OrderedDict([('colsample_bytree', 0.6008228016940382), ('subsample', 0.5771531290425777)])",BO for 3 group,6
0.8993765290821562,0.8965353957856522,0.8986582478295185,0.8981900575657756,0.0012062092672013292,145,1.0865126450856526,0.1856582954085659,0.09273624420166016,0.00644431160199734,0.6216154571452647,0.5564556787971134,"OrderedDict([('colsample_bytree', 0.6216154571452647), ('subsample', 0.5564556787971134)])",BO for 3 group,6
0.9035593086575645,0.8974824402178202,0.8974743488555643,0.8995053659103164,0.0028665723103863143,7,1.299957275390625,0.09124739726133493,0.13921411832173666,0.05015537060715738,0.8986743608181217,0.7365669584560736,"OrderedDict([('colsample_bytree', 0.8986743608181217), ('subsample', 0.7365669584560736)])",BO for 3 group,6
0.9000078920369348,0.8976402809565148,0.8963693764798737,0.8980058498244411,0.0015077420894926588,170,1.3235809803009033,0.07896983881356212,0.18908127148946127,0.039550958032419245,0.5714084190810407,0.5742911415764959,"OrderedDict([('colsample_bytree', 0.5714084190810407), ('subsample', 0.5742911415764959)])",BO for 3 group,6
0.901270617946492,0.8978770420645569,0.8980268350434096,0.8990581650181529,0.0015656352180964304,37,1.7860469818115234,0.3067998028973565,0.10902770360310872,0.017732003604727098,0.6119168099063019,0.6943381555687981,"OrderedDict([('colsample_bytree', 0.6119168099063019), ('subsample', 0.6943381555687981)])",BO for 3 group,6
0.9020598216399652,0.8976402809565148,0.8970797158642463,0.8989266061535753,0.0022273059614374324,46,1.0239550272623699,0.1425885335751794,0.0984337329864502,0.018789338674420585,0.6223233874940615,0.7259001565034688,"OrderedDict([('colsample_bytree', 0.6223233874940615), ('subsample', 0.7259001565034688)])",BO for 3 group,6
0.89985005129824,0.8990608476047668,0.8974743488555643,0.8987950825861905,0.0009879149112678421,64,1.3226636250813801,0.2718734712043755,0.10845788319905598,0.02743425828531943,0.591777383082703,0.7154227356788608,"OrderedDict([('colsample_bytree', 0.591777383082703), ('subsample', 0.7154227356788608)])",BO for 3 group,6
0.900797095730408,0.8982716439112935,0.8959747434885557,0.8983478277100857,0.0019694539453908523,124,1.695702075958252,0.40807219857265425,0.10270373026529948,0.00979882875406656,0.6296705175561493,0.7630296511460959,"OrderedDict([('colsample_bytree', 0.6296705175561493), ('subsample', 0.7630296511460959)])",BO for 3 group,6
0.9004814142530188,0.8970878383710835,0.8962904498816101,0.8979532341685709,0.0018170907160138588,178,1.8578665256500244,0.3306841032249788,0.15470155080159506,0.08204336657281106,0.8277393065538982,0.5751908853835412,"OrderedDict([('colsample_bytree', 0.8277393065538982), ('subsample', 0.5751908853835412)])",BO for 3 group,6
0.9011127772077974,0.8985873253886828,0.8987371744277821,0.8994790923414208,0.0011568083579690885,8,1.2277541160583496,0.3164904519653567,0.0906523068745931,0.005957933401364871,0.5905992071217109,0.7800007467068207,"OrderedDict([('colsample_bytree', 0.5905992071217109), ('subsample', 0.7800007467068207)])",BO for 3 group,6
0.9013495383158393,0.8975613605871675,0.8980268350434096,0.8989792446488055,0.0016867889945769655,39,1.7441893418629963,0.1363908965795483,0.14801398913065592,0.042027305142940743,0.5664686424472538,0.7915473345080821,"OrderedDict([('colsample_bytree', 0.5664686424472538), ('subsample', 0.7915473345080821)])",BO for 3 group,6
0.8999289716675875,0.8953515902454423,0.8974743488555643,0.8975849702561981,0.0018703445300547344,215,1.7953506310780842,0.32457794859827366,0.15511417388916016,0.04893475160062245,0.7882007201193846,0.551856554944037,"OrderedDict([('colsample_bytree', 0.7882007201193846), ('subsample', 0.551856554944037)])",BO for 3 group,6
0.9002446531449767,0.8973245994791256,0.8961325966850828,0.8979006164363951,0.0017274448826007378,185,1.314793348312378,0.31288430652296106,0.10780588785807292,0.028349209255383208,0.5768444722001713,0.7542068658497513,"OrderedDict([('colsample_bytree', 0.5768444722001713), ('subsample', 0.7542068658497513)])",BO for 3 group,6
0.9025333438560492,0.8973245994791256,0.8999210734017364,0.8999263389123037,0.0021264642469342667,3,1.6743957996368408,0.338983390578465,0.15568979581197104,0.04637213767456365,0.6134908651583546,0.7929469365344197,"OrderedDict([('colsample_bytree', 0.6134908651583546), ('subsample', 0.7929469365344197)])",BO for 3 group,6
0.9004024938836713,0.897166758740431,0.896921862667719,0.8981637050972737,0.0015862166611536302,149,0.9334789911905924,0.03505531388992017,0.08438611030578613,0.006040887725452927,0.7692599916379623,0.5334905105270671,"OrderedDict([('colsample_bytree', 0.7692599916379623), ('subsample', 0.5334905105270671)])",BO for 3 group,6
0.9013495383158393,0.8981927235419461,0.896527229676401,0.8986898305113954,0.0019998336027124406,75,1.277160882949829,0.13001906834322755,0.1099708875020345,0.02797627161518449,0.8463861169018078,0.5359136607309974,"OrderedDict([('colsample_bytree', 0.8463861169018078), ('subsample', 0.5359136607309974)])",BO for 3 group,6
0.9015862994238814,0.8965353957856522,0.8974743488555643,0.898532014688366,0.0021934599230555166,93,2.2185041904449463,0.464066183209216,0.23896360397338867,0.07328876919870313,0.6111137610451834,0.8270606090380168,"OrderedDict([('colsample_bytree', 0.6111137610451834), ('subsample', 0.8270606090380168)])",BO for 3 group,6
0.901270617946492,0.8975613605871675,0.8987371744277821,0.8991897176538138,0.0015477390107284728,21,1.8552793661753337,0.35172948411370664,0.13032905260721842,0.02340945185174301,0.7994231102110059,0.7945556664637263,"OrderedDict([('colsample_bytree', 0.7994231102110059), ('subsample', 0.7945556664637263)])",BO for 3 group,6
0.901744140162576,0.8970878383710835,0.8973164956590371,0.8987161580642322,0.002143140643969545,71,1.3864726225535076,0.1597604518704075,0.09850160280863444,0.018198964283755673,0.6366256337031982,0.7952130160206187,"OrderedDict([('colsample_bytree', 0.6366256337031982), ('subsample', 0.7952130160206187)])",BO for 3 group,6
0.9020598216399652,0.897166758740431,0.8974743488555643,0.8989003097453202,0.002237638558694512,48,1.7429458300272624,0.13073411410400032,0.17321197191874185,0.025761976182727842,0.8186590741324515,0.7747367983576585,"OrderedDict([('colsample_bytree', 0.8186590741324515), ('subsample', 0.7747367983576585)])",BO for 3 group,6
0.9004814142530188,0.8962986346776103,0.896527229676401,0.89776909286901,0.0019201700247602005,196,1.4417935212453206,0.30206273195612354,0.13585376739501953,0.0476338469958297,0.7546710054548047,0.6708863977343797,"OrderedDict([('colsample_bytree', 0.7546710054548047), ('subsample', 0.6708863977343797)])",BO for 3 group,6
0.8995343698208508,0.8988240864967249,0.898973954222573,0.8991108035133829,0.00030569199796442304,29,1.809320052464803,0.0963192463592098,0.12900900840759277,0.035954996859457515,0.6789687550539935,0.7997865598289615,"OrderedDict([('colsample_bytree', 0.6789687550539935), ('subsample', 0.7997865598289615)])",BO for 3 group,6
0.8997711309288927,0.8977192013258622,0.8966061562746646,0.8980321628431399,0.0013109093088257942,167,1.4709405104319255,0.25652363289849,0.1554234822591146,0.07752581915959224,0.8209520760005714,0.6797497292292132,"OrderedDict([('colsample_bytree', 0.8209520760005714), ('subsample', 0.6797497292292132)])",BO for 3 group,6
0.9015073790545339,0.8980348828032515,0.8971586424625099,0.8989003014400985,0.00187786928005364,49,1.6143879095713298,0.1591687284981254,0.10490798950195312,0.007952478352109726,0.5089648510056682,0.8686343704772641,"OrderedDict([('colsample_bytree', 0.5089648510056682), ('subsample', 0.8686343704772641)])",BO for 3 group,6
0.901270617946492,0.8959829532002209,0.896921862667719,0.898058477938144,0.0023034423980876815,163,1.5383438269297283,0.35675589319104234,0.11338226000467937,0.02517582716206858,0.6673117776904572,0.7703509179198509,"OrderedDict([('colsample_bytree', 0.6673117776904572), ('subsample', 0.7703509179198509)])",BO for 3 group,6
0.901744140162576,0.8951937495067477,0.8966061562746646,0.8978480153146627,0.002814671661420988,191,1.2443756262461345,0.20129129542350707,0.13908100128173828,0.03833098593773656,0.6327574262101189,0.5051698232386219,"OrderedDict([('colsample_bytree', 0.6327574262101189), ('subsample', 0.5051698232386219)])",BO for 3 group,6
0.9015073790545339,0.8963775550469576,0.8974743488555643,0.8984530943190187,0.002205633786292261,102,1.672261079152425,0.353353322547489,0.11978530883789062,0.02299234059698857,0.7848238198640964,0.8990610533634993,"OrderedDict([('colsample_bytree', 0.7848238198640964), ('subsample', 0.8990610533634993)])",BO for 3 group,6
0.9021387420093127,0.8981138031725988,0.8964483030781374,0.8989002827533495,0.0023887495202249307,50,1.4897539615631104,0.18807087396854572,0.12186622619628906,0.03624506143248893,0.8964246626847554,0.5915895364978312,"OrderedDict([('colsample_bytree', 0.8964246626847554), ('subsample', 0.5915895364978312)])",BO for 3 group,6
0.9020598216399652,0.8964564754163049,0.8983425414364641,0.8989529461642447,0.0023279200550884948,44,1.3998942375183105,0.21496231543528507,0.14743725458780924,0.02373816846108609,0.8763656757077269,0.619277874706646,"OrderedDict([('colsample_bytree', 0.8763656757077269), ('subsample', 0.619277874706646)])",BO for 3 group,6
0.8979559624339042,0.8981138031725988,0.8962115232833465,0.8974270962966164,0.000861951946704153,224,1.5662994384765625,0.10357616536612312,0.13744616508483887,0.05588876678423462,0.8651589301465803,0.5886529377202012,"OrderedDict([('colsample_bytree', 0.8651589301465803), ('subsample', 0.5886529377202012)])",BO for 3 group,6
0.89985005129824,0.8969299976323889,0.8962904498816101,0.8976901662707464,0.0015494263089662348,208,1.5033128261566162,0.2422946211624531,0.15988588333129883,0.055139517003927135,0.8988252416382803,0.6397660878481792,"OrderedDict([('colsample_bytree', 0.8988252416382803), ('subsample', 0.6397660878481792)])",BO for 3 group,6
0.9001657327756294,0.8961407939389157,0.896921862667719,0.8977427964607547,0.0017426956856610744,202,1.129690170288086,0.04674099036124275,0.0983106295267741,0.010415584449391098,0.8990513538747795,0.7624577750111712,"OrderedDict([('colsample_bytree', 0.8990513538747795), ('subsample', 0.7624577750111712)])",BO for 3 group,6
0.9024544234867019,0.8969299976323889,0.8998421468034727,0.8997421893075211,0.002256444678500256,4,1.517547845840454,0.2249930088827715,0.11749688784281413,0.031373379408447644,0.5784864185467055,0.6881018034893669,"OrderedDict([('colsample_bytree', 0.5784864185467055), ('subsample', 0.6881018034893669)])",BO for 3 group,6
0.9009549364691026,0.8978770420645569,0.8976322020520916,0.8988213935285837,0.0015119503446883028,61,1.267941157023112,0.10365730215412747,0.1850109100341797,0.07849423563123772,0.6553165697727295,0.7987370444828227,"OrderedDict([('colsample_bytree', 0.6553165697727295), ('subsample', 0.7987370444828227)])",BO for 3 group,6
0.901744140162576,0.8992186883434614,0.8973164956590371,0.8994264413883583,0.001813537970961239,12,1.1277025540669758,0.06584089312344404,0.11643433570861816,0.028673850283799172,0.6109885626911518,0.5315847358430711,"OrderedDict([('colsample_bytree', 0.6109885626911518), ('subsample', 0.5315847358430711)])",BO for 3 group,6
0.901270617946492,0.8967721568936943,0.8955801104972375,0.8978742951124746,0.0024503741547605025,187,1.194649616877238,0.3633445833886152,0.17918777465820312,0.026884394973875955,0.7428922478468026,0.5023794246800178,"OrderedDict([('colsample_bytree', 0.7428922478468026), ('subsample', 0.5023794246800178)])",BO for 3 group,6
0.8993765290821562,0.8976402809565148,0.8958168902920284,0.8976112334435665,0.0014533615970230172,214,1.626169761021932,0.3156123806469083,0.1949148178100586,0.0554672933386817,0.8605408160125645,0.575528354125689,"OrderedDict([('colsample_bytree', 0.8605408160125645), ('subsample', 0.575528354125689)])",BO for 3 group,6
0.9008760160997553,0.8965353957856522,0.8966061562746646,0.8980058560533574,0.002029715214942831,169,1.5693015257517497,0.44856981853279887,0.10541852315266927,0.017768925290426663,0.8098488188270018,0.8214490906851992,"OrderedDict([('colsample_bytree', 0.8098488188270018), ('subsample', 0.8214490906851992)])",BO for 3 group,6
0.9011916975771447,0.8966143161549996,0.896921862667719,0.898242625466621,0.002089085278165608,139,1.4427711168924968,0.24016871201668746,0.16704980532328287,0.09976988626736508,0.5367638254752826,0.6704663800756918,"OrderedDict([('colsample_bytree', 0.5367638254752826), ('subsample', 0.6704663800756918)])",BO for 3 group,6
0.8990608476047668,0.8964564754163049,0.8980268350434096,0.8978480526881604,0.0010707196869146048,188,1.2721275488535564,0.03218628476520597,0.15008171399434408,0.0481299780831206,0.5332961189128699,0.61278885363879,"OrderedDict([('colsample_bytree', 0.5332961189128699), ('subsample', 0.61278885363879)])",BO for 3 group,6
0.8993765290821562,0.8977981216952096,0.8947119179163378,0.8972955228979012,0.001937197889626718,230,1.2123637994130452,0.38378058239170143,0.08603111902872722,0.004561587046103184,0.7208175256659684,0.558077289185281,"OrderedDict([('colsample_bytree', 0.7208175256659684), ('subsample', 0.558077289185281)])",BO for 3 group,6
0.9005603346223661,0.8977981216952096,0.8964483030781374,0.898268919798571,0.0017114202670646527,135,1.4960966110229492,0.22852849117615573,0.2743222713470459,0.13235379687062704,0.5556204714548112,0.7029425272369545,"OrderedDict([('colsample_bytree', 0.5556204714548112), ('subsample', 0.7029425272369545)])",BO for 3 group,6
0.9011916975771447,0.8974824402178202,0.897947908445146,0.8988740154133703,0.0016498289056486742,53,0.9286131064097086,0.05235065428265409,0.0980527400970459,0.012780087830185707,0.5830626186772758,0.5387394501848083,"OrderedDict([('colsample_bytree', 0.5830626186772758), ('subsample', 0.5387394501848083)])",BO for 3 group,6
0.8994554494515035,0.897166758740431,0.8978689818468824,0.8981637300129389,0.0009573169638048094,148,1.0747483571370442,0.1538183159233194,0.11987876892089844,0.03273597000068528,0.5282436670621131,0.5460974560918781,"OrderedDict([('colsample_bytree', 0.5282436670621131), ('subsample', 0.5460974560918781)])",BO for 3 group,6
0.9002446531449767,0.8964564754163049,0.8978689818468824,0.8981900368027214,0.0015630909206873452,146,1.1847354571024578,0.2578736241012022,0.0993498961130778,0.01810245998283195,0.581048109139817,0.8581800440348852,"OrderedDict([('colsample_bytree', 0.581048109139817), ('subsample', 0.8581800440348852)])",BO for 3 group,6
0.8991397679741141,0.896693236524347,0.8955801104972375,0.8971377049985662,0.0014868208828687532,238,1.1965995629628499,0.18742969299011686,0.11255947748819987,0.026687656483490717,0.6354925882835318,0.5127843493072002,"OrderedDict([('colsample_bytree', 0.6354925882835318), ('subsample', 0.5127843493072002)])",BO for 3 group,6
0.8974035198484729,0.8953515902454423,0.8962904498816101,0.8963485199918417,0.0008387025206531988,243,0.9327468077341715,0.15020183004268042,0.09209124247233073,0.01615844856393582,0.5966783250534642,0.5011598769116855,"OrderedDict([('colsample_bytree', 0.5966783250534642), ('subsample', 0.5011598769116855)])",BO for 3 group,6
0.9020598216399652,0.8951937495067477,0.8960536700868192,0.8977690804111774,0.003054255072334609,199,1.5631303787231445,0.31618943004918554,0.11538132031758626,0.02300322671942476,0.764050249194711,0.8662775251162063,"OrderedDict([('colsample_bytree', 0.764050249194711), ('subsample', 0.8662775251162063)])",BO for 3 group,6
0.9004024938836713,0.8968510772630416,0.8976322020520916,0.898295257732935,0.0015237830401657504,128,1.5561270713806152,0.47665119703623693,0.10391537348429362,0.018813370889705156,0.8171630047765863,0.8741734537092392,"OrderedDict([('colsample_bytree', 0.8171630047765863), ('subsample', 0.8741734537092392)])",BO for 3 group,6
0.9016652197932287,0.8988240864967249,0.8970007892659826,0.899163365185312,0.0019192985797374623,25,1.1487151781717937,0.04337314576211803,0.10566329956054688,0.0249609016892015,0.6616415883496967,0.580170260054533,"OrderedDict([('colsample_bytree', 0.6616415883496967), ('subsample', 0.580170260054533)])",BO for 3 group,6
0.901270617946492,0.8961407939389157,0.8976322020520916,0.8983478713124997,0.0021545162573683046,119,1.1601848602294922,0.21172581186603,0.14133755366007486,0.03342629507861732,0.7254178471659873,0.6306119772040297,"OrderedDict([('colsample_bytree', 0.7254178471659873), ('subsample', 0.6306119772040297)])",BO for 3 group,6
0.900323573514324,0.8970878383710835,0.8973954222573007,0.898268944714236,0.0014582584570594654,132,0.9558862845102946,0.03521398559983257,0.10251180330912273,0.017729935209424483,0.8448179184901581,0.6250748540327333,"OrderedDict([('colsample_bytree', 0.8448179184901581), ('subsample', 0.6250748540327333)])",BO for 3 group,6
0.8991397679741141,0.8970878383710835,0.8968429360694554,0.8976901808048844,0.0010298775024996359,207,1.3789954980214436,0.2805503203774083,0.09914906819661458,0.023759406997182774,0.5001266395275872,0.7786296637032689,"OrderedDict([('colsample_bytree', 0.5001266395275872), ('subsample', 0.7786296637032689)])",BO for 3 group,6
0.8984294846499882,0.897166758740431,0.8955801104972375,0.8970587846292188,0.0011657549977332042,240,1.3108615080515544,0.08568548738090949,0.16047072410583496,0.05022090232109044,0.5002875356685977,0.7100526413149919,"OrderedDict([('colsample_bytree', 0.5002875356685977), ('subsample', 0.7100526413149919)])",BO for 3 group,6
0.9015073790545339,0.8973245994791256,0.8994475138121547,0.8994264974486047,0.0017076772743048725,10,1.591845432917277,0.39217352003144956,0.08784254391988118,0.006353760917009581,0.7093457472242921,0.784222581825676,"OrderedDict([('colsample_bytree', 0.7093457472242921), ('subsample', 0.784222581825676)])",BO for 3 group,6
0.9015073790545339,0.897166758740431,0.8982636148382005,0.8989792508777218,0.0018428867542702604,38,1.6221455732981365,0.20085603768476132,0.09314505259195964,0.009811952859448143,0.7031260570948442,0.5008567417191176,"OrderedDict([('colsample_bytree', 0.7031260570948442), ('subsample', 0.5008567417191176)])",BO for 3 group,6
0.90221766237866,0.8968510772630416,0.898973954222573,0.8993475646214248,0.0022067695089416535,15,1.761327823003133,0.43784079912546553,0.10998860994974773,0.021493306469311694,0.721146832725149,0.854745580052318,"OrderedDict([('colsample_bytree', 0.721146832725149), ('subsample', 0.854745580052318)])",BO for 3 group,6
0.9013495383158393,0.8970089180017362,0.8968429360694554,0.8984004641290104,0.0020864110205528743,112,1.2586220900217693,0.22440181062860018,0.10365589459737141,0.020876750072370557,0.7607792527013795,0.7358289620181526,"OrderedDict([('colsample_bytree', 0.7607792527013795), ('subsample', 0.7358289620181526)])",BO for 3 group,6
0.901270617946492,0.8975613605871675,0.8970797158642463,0.8986372314659686,0.0018724384594483586,83,1.442446231842041,0.11010086766147814,0.1549394130706787,0.04032500034380599,0.8450608077279351,0.8367336754104084,"OrderedDict([('colsample_bytree', 0.8450608077279351), ('subsample', 0.8367336754104084)])",BO for 3 group,6
0.9019019809012706,0.8979559624339042,0.8976322020520916,0.8991633817957555,0.0019409875479171439,23,0.9873866240183512,0.08983100744789323,0.09175968170166016,0.01349444597565682,0.6892632313683635,0.720099839165643,"OrderedDict([('colsample_bytree', 0.6892632313683635), ('subsample', 0.720099839165643)])",BO for 3 group,6
0.900323573514324,0.8985084050193355,0.8942383583267561,0.8976901122868052,0.002550772852403183,210,1.082508643468221,0.2240794883158581,0.10199538866678874,0.027666942098599955,0.7855284916778522,0.5028152987924787,"OrderedDict([('colsample_bytree', 0.7855284916778522), ('subsample', 0.5028152987924787)])",BO for 3 group,6
0.9016652197932287,0.8966143161549996,0.8957379636937648,0.8980058332139977,0.0026121933327212304,173,1.3538654645284016,0.05473651441667418,0.10379362106323242,0.010859564546244573,0.5008328665419239,0.6340898654174142,"OrderedDict([('colsample_bytree', 0.5008328665419239), ('subsample', 0.6340898654174142)])",BO for 3 group,6
0.9019809012706179,0.8975613605871675,0.898579321231255,0.8993738610296802,0.0018897186883465777,13,1.2606109778086345,0.216162852231988,0.11262218157450359,0.04007255361780257,0.7529785798327913,0.6053746478451645,"OrderedDict([('colsample_bytree', 0.7529785798327913), ('subsample', 0.6053746478451645)])",BO for 3 group,6
0.9016652197932287,0.8958251124615263,0.8958168902920284,0.8977690741822612,0.0027549930269015334,201,1.273388942082723,0.19578104786884606,0.1148386001586914,0.02960833503482462,0.7577449390515238,0.6366743371762769,"OrderedDict([('colsample_bytree', 0.7577449390515238), ('subsample', 0.6366743371762769)])",BO for 3 group,6
0.8987451661273774,0.8961407939389157,0.8967640094711918,0.8972166565124949,0.001110361992627824,235,1.5033730665842693,0.27521877922866833,0.13363726933797201,0.016832075946759905,0.7655719936673688,0.579955762475067,"OrderedDict([('colsample_bytree', 0.7655719936673688), ('subsample', 0.579955762475067)])",BO for 3 group,6
0.9027701049640913,0.8970878383710835,0.8962115232833465,0.8986898222061738,0.00290729112997741,76,1.5661763350168865,0.13766589179766417,0.20127058029174805,0.1282821462167932,0.8643091385944774,0.6559760017337403,"OrderedDict([('colsample_bytree', 0.8643091385944774), ('subsample', 0.6559760017337403)])",BO for 3 group,6
0.9000868124062821,0.8977981216952096,0.8972375690607735,0.8983741677207551,0.0012324551859713038,113,0.9665643374125162,0.16974885844827575,0.08893616994222005,0.012380186559727582,0.8661116283992143,0.5007086727927275,"OrderedDict([('colsample_bytree', 0.8661116283992143), ('subsample', 0.5007086727927275)])",BO for 3 group,6
0.8995343698208508,0.8973245994791256,0.8972375690607735,0.8980321794535833,0.0010628030542118659,165,1.2087782224019368,0.18521566147456514,0.1281282901763916,0.033385382456142844,0.6399956481487724,0.7013102781944439,"OrderedDict([('colsample_bytree', 0.6399956481487724), ('subsample', 0.7013102781944439)])",BO for 3 group,6
0.9013495383158393,0.8968510772630416,0.8986582478295185,0.8989529544694664,0.0018482743237240782,42,1.0228562355041504,0.02792682969003556,0.08461356163024902,0.0024895022998937164,0.8404705718934793,0.7512976252984092,"OrderedDict([('colsample_bytree', 0.8404705718934793), ('subsample', 0.7512976252984092)])",BO for 3 group,6
0.9040328308736485,0.8956672717228317,0.896527229676401,0.8987424440909604,0.0037573063182114582,70,1.0213764508565266,0.024895624195870006,0.08539271354675293,0.003294249313769636,0.6683777326634756,0.8244023512128706,"OrderedDict([('colsample_bytree', 0.6683777326634756), ('subsample', 0.8244023512128706)])",BO for 3 group,6
0.9011127772077974,0.8974824402178202,0.8988161010260458,0.8991371061505545,0.001499359837323856,26,1.0028057893117268,0.06176313168169669,0.08114147186279297,0.0006097170330382118,0.7864742009784185,0.6838326233419032,"OrderedDict([('colsample_bytree', 0.7864742009784185), ('subsample', 0.6838326233419032)])",BO for 3 group,6
0.9000868124062821,0.8992976087128087,0.8970797158642463,0.8988213789944458,0.0012729895160002963,62,0.8599073886871338,0.08103306371447354,0.09185512860616048,0.006281358157986136,0.5000606895875893,0.5423234019673092,"OrderedDict([('colsample_bytree', 0.5000606895875893), ('subsample', 0.5423234019673092)])",BO for 3 group,6
0.9016652197932287,0.8976402809565148,0.8982636148382005,0.8991897051959813,0.0017688538045681484,22,1.0998218059539795,0.08563867177748231,0.0840161641438802,0.0020328457125334443,0.8339263143182247,0.8042374381749482,"OrderedDict([('colsample_bytree', 0.8339263143182247), ('subsample', 0.8042374381749482)])",BO for 3 group,6
0.9028490253334386,0.8961407939389157,0.8960536700868192,0.898347829786391,0.0031830246261452515,123,1.0652705033620198,0.03440558578063811,0.0911245346069336,0.0045480843300759275,0.5694667645358702,0.8997512847541752,"OrderedDict([('colsample_bytree', 0.5694667645358702), ('subsample', 0.8997512847541752)])",BO for 3 group,6
0.901744140162576,0.8964564754163049,0.8972375690607735,0.8984793948798847,0.0023304431826011284,99,0.839024543762207,0.02748006389328497,0.09675939877827962,0.014076905511683708,0.653478776615319,0.5545435609486482,"OrderedDict([('colsample_bytree', 0.653478776615319), ('subsample', 0.5545435609486482)])",BO for 3 group,6
0.9000868124062821,0.8984294846499882,0.8973954222573007,0.8986372397711904,0.0011085326265827709,81,0.9366132418314616,0.032949341776538715,0.11966975529988606,0.031784716430740836,0.6952366585070829,0.6366459628038661,"OrderedDict([('colsample_bytree', 0.6952366585070829), ('subsample', 0.6366459628038661)])",BO for 3 group,6
0.89985005129824,0.8964564754163049,0.8964483030781374,0.8975849432642274,0.0016016767258280832,217,0.7993669509887695,0.061249619980108076,0.08507879575093587,0.0051510589844154875,0.5349832227764311,0.5173567731130627,"OrderedDict([('colsample_bytree', 0.5349832227764311), ('subsample', 0.5173567731130627)])",BO for 3 group,6
0.9006392549917134,0.8961407939389157,0.8960536700868192,0.8976112396724827,0.002141425572139972,213,0.9876354535420736,0.09195442581937158,0.09330399831136067,0.010535941588322799,0.7324842410329988,0.7652734241547543,"OrderedDict([('colsample_bytree', 0.7324842410329988), ('subsample', 0.7652734241547543)])",BO for 3 group,6
0.9002446531449767,0.8976402809565148,0.8977900552486188,0.89855832978337,0.0011939773712453569,88,1.5614363352457683,0.1816148547416564,0.0960983435312907,0.0029307954888922955,0.898249297704411,0.8344861012287921,"OrderedDict([('colsample_bytree', 0.898249297704411), ('subsample', 0.8344861012287921)])",BO for 3 group,6
0.9033225475495226,0.8968510772630416,0.8971586424625099,0.899110755758358,0.002980832283895655,31,1.412914752960205,0.07747265176120187,0.10714014371236165,0.02776650076826214,0.7929761009751146,0.6590188907725353,"OrderedDict([('colsample_bytree', 0.7929761009751146), ('subsample', 0.6590188907725353)])",BO for 3 group,6
0.9019019809012706,0.8974035198484729,0.8984214680347277,0.8992423229281571,0.001926030464960635,19,1.1284027894337971,0.011586436654919097,0.0807660420735677,0.0006832195267901513,0.609725981057294,0.6330771612935915,"OrderedDict([('colsample_bytree', 0.609725981057294), ('subsample', 0.6330771612935915)])",BO for 3 group,6
0.9002446531449767,0.8993765290821562,0.8966850828729281,0.8987687550333536,0.001515404698688614,67,1.1278635660807292,0.013300565148681711,0.1019912560780843,0.020428218031757803,0.7789404566940812,0.8305178996456062,"OrderedDict([('colsample_bytree', 0.7789404566940812), ('subsample', 0.8305178996456062)])",BO for 3 group,6
0.9015862994238814,0.896219714308263,0.8966061562746646,0.8981373900022697,0.002443844852851163,154,1.0715978145599365,0.01293319332960201,0.09072113037109375,0.005372728272268556,0.5499270363243969,0.6383508199413382,"OrderedDict([('colsample_bytree', 0.5499270363243969), ('subsample', 0.6383508199413382)])",BO for 3 group,6
0.8992976087128087,0.8983505642806409,0.8971586424625099,0.8982689384853199,0.0008751347449872059,134,1.087842543919881,0.06294658041452672,0.10500144958496094,0.0291084478041511,0.5005927067537349,0.8987184920737157,"OrderedDict([('colsample_bytree', 0.5005927067537349), ('subsample', 0.8987184920737157)])",BO for 3 group,6
0.8999289716675875,0.8973245994791256,0.8981057616416732,0.898453110929462,0.0010912308859888458,101,1.1377652486165364,0.07109457948156014,0.10907363891601562,0.018385562816864282,0.6165833415048794,0.8982538672987881,"OrderedDict([('colsample_bytree', 0.6165833415048794), ('subsample', 0.8982538672987881)])",BO for 3 group,6
0.8993765290821562,0.8959829532002209,0.8977900552486188,0.8977165125103319,0.0013863971815174178,205,0.7831498781840006,0.03678806891483333,0.08152008056640625,0.0027255235089321565,0.7206753118211524,0.5236778100551609,"OrderedDict([('colsample_bytree', 0.7206753118211524), ('subsample', 0.5236778100551609)])",BO for 3 group,6
0.9000868124062821,0.8977981216952096,0.8973164956590371,0.8984004765868429,0.0012085217641461582,110,1.3486214478810628,0.24573544193940725,0.08457668622334798,0.0010817994483273837,0.7940497197412935,0.8550457289076769,"OrderedDict([('colsample_bytree', 0.7940497197412935), ('subsample', 0.8550457289076769)])",BO for 3 group,6
0.901744140162576,0.8979559624339042,0.8983425414364641,0.8993475480109815,0.0017019794920657427,16,0.947635809580485,0.054655333643470826,0.08206931749979655,0.0004271993624537047,0.7714545213653969,0.7061481447624876,"OrderedDict([('colsample_bytree', 0.7714545213653969), ('subsample', 0.7061481447624876)])",BO for 3 group,6
0.9006392549917134,0.8975613605871675,0.8964483030781374,0.8982163062190059,0.0017725188895984332,144,0.826305071512858,0.05247119566935121,0.08253105481465657,0.003613102814327106,0.6859667700617021,0.5714747533868242,"OrderedDict([('colsample_bytree', 0.6859667700617021), ('subsample', 0.5714747533868242)])",BO for 3 group,6
0.9000868124062821,0.8989030068660722,0.896921862667719,0.8986372273133577,0.0013056813776437242,84,1.3116014798482258,0.058746242426462515,0.10936315854390462,0.023731253343221237,0.8690083464149094,0.8970855277569605,"OrderedDict([('colsample_bytree', 0.8690083464149094), ('subsample', 0.8970855277569605)])",BO for 3 group,6
0.9004024938836713,0.8977981216952096,0.8955801104972375,0.8979269086920394,0.0019708348399181106,180,1.0324146747589111,0.09572127092112015,0.10917226473490398,0.016692712825906546,0.8210830163378859,0.6077172109714328,"OrderedDict([('colsample_bytree', 0.8210830163378859), ('subsample', 0.6077172109714328)])",BO for 3 group,6
0.9001657327756294,0.896219714308263,0.8959747434885557,0.8974533968574828,0.0019205168185115543,223,1.3031259377797444,0.1005487320798743,0.10310912132263184,0.014552600974327926,0.8444579219936013,0.866502840203212,"OrderedDict([('colsample_bytree', 0.8444579219936013), ('subsample', 0.866502840203212)])",BO for 3 group,6
0.8991397679741141,0.8970089180017362,0.8966061562746646,0.8975849474168384,0.0011116517668748715,216,1.23353107770284,0.13468800219024163,0.101683775583903,0.025225270190564482,0.5008248881464746,0.7448974901046045,"OrderedDict([('colsample_bytree', 0.5008248881464746), ('subsample', 0.7448974901046045)])",BO for 3 group,6
0.9002446531449767,0.8970089180017362,0.8977900552486188,0.8983478754651105,0.0013786147696741597,118,1.4798657894134521,0.2753190615034836,0.10870615641276042,0.029772708416078777,0.7933507699684312,0.754595510535737,"OrderedDict([('colsample_bytree', 0.7933507699684312), ('subsample', 0.754595510535737)])",BO for 3 group,6
0.9024544234867019,0.8981138031725988,0.8977111286503552,0.8994264517698852,0.0021474009454993124,11,1.1591142813364665,0.08863593660821109,0.11532274881998698,0.04190100103735791,0.5401689539640608,0.5739715295156714,"OrderedDict([('colsample_bytree', 0.5401689539640608), ('subsample', 0.5739715295156714)])",BO for 3 group,6
0.9004814142530188,0.8983505642806409,0.8967640094711918,0.8985319960016173,0.001523037027350226,94,1.4960283438364665,0.2264082124402032,0.17435677846272787,0.03765601068236996,0.8135013243930582,0.89952064055385,"OrderedDict([('colsample_bytree', 0.8135013243930582), ('subsample', 0.89952064055385)])",BO for 3 group,6
0.9002446531449767,0.8970089180017362,0.8982636148382005,0.8985057286616378,0.0013320309823536302,96,0.8556540012359619,0.10768617825002125,0.08253765106201172,0.0009760890599415149,0.5556274055731962,0.5489836565272727,"OrderedDict([('colsample_bytree', 0.5556274055731962), ('subsample', 0.5489836565272727)])",BO for 3 group,6
0.9024544234867019,0.8986662457580301,0.8988161010260458,0.8999789234235926,0.0017515116465839085,2,1.0760118961334229,0.2016579532300269,0.09461180369059245,0.007008746373403077,0.7264685924504884,0.6577664583573096,"OrderedDict([('colsample_bytree', 0.7264685924504884), ('subsample', 0.6577664583573096)])",BO for 3 group,6
0.9013495383158393,0.895746192092179,0.8972375690607735,0.8981110998229305,0.0023694815494643834,158,1.1298974355061848,0.19312426574006616,0.10296058654785156,0.029978064459307903,0.7257444975968735,0.6821455497041504,"OrderedDict([('colsample_bytree', 0.7257444975968735), ('subsample', 0.6821455497041504)])",BO for 3 group,6
0.9018230605319233,0.8976402809565148,0.8978689818468824,0.8991107744451069,0.0019201471969387094,30,1.388398249944051,0.176114838493047,0.15584206581115723,0.07346784680508356,0.73470241151576,0.875022833087983,"OrderedDict([('colsample_bytree', 0.73470241151576), ('subsample', 0.875022833087983)])",BO for 3 group,6
0.901744140162576,0.8972456791097783,0.8961325966850828,0.898374138652479,0.002425891005326125,116,1.1568938096364338,0.1808814369526474,0.09455784161885579,0.005171860171305097,0.5968233473895872,0.6735923609852781,"OrderedDict([('colsample_bytree', 0.5968233473895872), ('subsample', 0.6735923609852781)])",BO for 3 group,6
0.9006392549917134,0.897166758740431,0.8973954222573007,0.8984004786631483,0.0015858039681276568,109,1.122186501820882,0.007800674138479369,0.08271853129069011,0.0018665268666266965,0.5671295379979446,0.6082422740704612,"OrderedDict([('colsample_bytree', 0.5671295379979446), ('subsample', 0.6082422740704612)])",BO for 3 group,6
0.9011127772077974,0.8978770420645569,0.8966061562746646,0.8985319918490062,0.0018972133026890498,95,1.3014171123504639,0.0787582135455185,0.11380187670389812,0.029803538018123542,0.6768531155603704,0.7448161754863187,"OrderedDict([('colsample_bytree', 0.6768531155603704), ('subsample', 0.7448161754863187)])",BO for 3 group,6
0.9000868124062821,0.8991397679741141,0.8967640094711918,0.8986635299505293,0.001397702120790173,79,0.8805184364318848,0.05040989938182254,0.08296831448872884,0.0016319698196340638,0.5630205029324906,0.6749830150019801,"OrderedDict([('colsample_bytree', 0.5630205029324906), ('subsample', 0.6749830150019801)])",BO for 3 group,6
0.8996132901901981,0.8979559624339042,0.896921862667719,0.8981637050972737,0.0011085465823402545,149,1.2117058436075847,0.15786888650589134,0.1148369312286377,0.026199756334060458,0.8691497968440955,0.7566654610065489,"OrderedDict([('colsample_bytree', 0.8691497968440955), ('subsample', 0.7566654610065489)])",BO for 3 group,6
0.900323573514324,0.8955883513534844,0.8967640094711918,0.8975586447796667,0.002013151125844423,219,1.7365285555521648,0.19933353023248074,0.1527103583017985,0.04508071542496826,0.8614061421874613,0.6837643373330025,"OrderedDict([('colsample_bytree', 0.8614061421874613), ('subsample', 0.6837643373330025)])",BO for 3 group,6
0.9008760160997553,0.8976402809565148,0.8950276243093923,0.8978479737885542,0.002392108396060783,194,1.6863124370574951,0.20793939053001276,0.14819939931233725,0.07684698634828344,0.5329074362998709,0.7824309972462132,"OrderedDict([('colsample_bytree', 0.5329074362998709), ('subsample', 0.7824309972462132)])",BO for 3 group,6
0.900323573514324,0.8969299976323889,0.8960536700868192,0.8977690804111774,0.0018413878375288587,199,0.8500010172526041,0.06170769316515617,0.08579492568969727,0.0046569341232114096,0.5013896738962104,0.5662214117449749,"OrderedDict([('colsample_bytree', 0.5013896738962104), ('subsample', 0.5662214117449749)])",BO for 3 group,6
0.9022965827480073,0.8958251124615263,0.8984214680347277,0.8988477210814204,0.0026591039420655357,55,1.5139843622843425,0.17404319610166033,0.13376220067342123,0.031940556701701844,0.8404930507451016,0.7256289681775041,"OrderedDict([('colsample_bytree', 0.8404930507451016), ('subsample', 0.7256289681775041)])",BO for 3 group,6
0.8991397679741141,0.8964564754163049,0.8962115232833465,0.8972692555579219,0.0013264270079697215,231,1.3931150436401367,0.29539096237358003,0.12943045298258463,0.039398708426366724,0.5003628907703426,0.6781362068746997,"OrderedDict([('colsample_bytree', 0.5003628907703426), ('subsample', 0.6781362068746997)])",BO for 3 group,6
0.8997711309288927,0.8962986346776103,0.8992107340173638,0.8984268332079557,0.0015221548132030444,105,0.9354215463002523,0.050657922601242335,0.08931954701741536,0.010350402612034341,0.5693581891295558,0.726880923113174,"OrderedDict([('colsample_bytree', 0.5693581891295558), ('subsample', 0.726880923113174)])",BO for 3 group,6
0.9015862994238814,0.895746192092179,0.8992896606156274,0.8988740507105626,0.002402257564090072,51,1.4069277445475261,0.15655903140806093,0.13419747352600098,0.017108791591003248,0.8022663625072463,0.582324979921803,"OrderedDict([('colsample_bytree', 0.8022663625072463), ('subsample', 0.582324979921803)])",BO for 3 group,6
0.900323573514324,0.8968510772630416,0.8981846882399369,0.8984531130057675,0.0014302905171039064,100,1.2007813453674316,0.11302174907059966,0.09096129735310872,0.006150255328978056,0.872460788583874,0.8310271639739892,"OrderedDict([('colsample_bytree', 0.872460788583874), ('subsample', 0.8310271639739892)])",BO for 3 group,6
0.9007181753610607,0.8981138031725988,0.8966850828729281,0.8985056871355291,0.00166965835522507,97,1.0433158079783122,0.03278529651754387,0.16737588246663412,0.07610400368788116,0.8940144948352315,0.5273666159274073,"OrderedDict([('colsample_bytree', 0.8940144948352315), ('subsample', 0.5273666159274073)])",BO for 3 group,6
0.900323573514324,0.897166758740431,0.8972375690607735,0.8982426337718428,0.0014717305424216476,138,1.7828153769175212,0.3837513105667688,0.10847878456115723,0.024614297978752666,0.7787357790663196,0.8054581909472361,"OrderedDict([('colsample_bytree', 0.7787357790663196), ('subsample', 0.8054581909472361)])",BO for 3 group,6
0.9011916975771447,0.8963775550469576,0.8972375690607735,0.8982689405616252,0.0020963122310088535,133,1.4759618441263835,0.254372429113276,0.13498139381408691,0.04551565196182054,0.5731113331968373,0.8135349420315576,"OrderedDict([('colsample_bytree', 0.5731113331968373), ('subsample', 0.8135349420315576)])",BO for 3 group,6
0.901270617946492,0.8988240864967249,0.8962115232833465,0.8987687425755211,0.002065737465551935,68,1.653222878774007,0.21907466998406624,0.10658788681030273,0.019910988083052063,0.528227751530888,0.702342823109173,"OrderedDict([('colsample_bytree', 0.528227751530888), ('subsample', 0.702342823109173)])",BO for 3 group,6
0.9019809012706179,0.8961407939389157,0.8990528808208367,0.8990581920101235,0.0023842167921561933,36,1.2217969099680583,0.09271281128304136,0.09649324417114258,0.017143131221600244,0.7088941374498777,0.7041528266096533,"OrderedDict([('colsample_bytree', 0.7088941374498777), ('subsample', 0.7041528266096533)])",BO for 3 group,6
0.9002446531449767,0.8966143161549996,0.896527229676401,0.8977953996587925,0.0017322486336893638,195,1.2615361213684082,0.20996220786084888,0.08957767486572266,0.009121300835353594,0.6931290259586027,0.7678586010739046,"OrderedDict([('colsample_bytree', 0.6931290259586027), ('subsample', 0.7678586010739046)])",BO for 3 group,6
0.9020598216399652,0.8969299976323889,0.8972375690607735,0.8987424627777093,0.002349085270430617,69,0.9594539801279703,0.03482450328549058,0.08963362375895183,0.008734862113083561,0.6698500570671709,0.7076800185912493,"OrderedDict([('colsample_bytree', 0.6698500570671709), ('subsample', 0.7076800185912493)])",BO for 3 group,6
0.9004814142530188,0.8960618735695683,0.8961325966850828,0.8975586281692234,0.0020669235284174158,220,1.5447813669840496,0.16175532737164502,0.15111811955769858,0.051451943810948086,0.8997194006282887,0.6656222544381314,"OrderedDict([('colsample_bytree', 0.8997194006282887), ('subsample', 0.6656222544381314)])",BO for 3 group,6
0.9004024938836713,0.8968510772630416,0.8983425414364641,0.8985320375277257,0.0014560383648273972,91,0.8778612613677979,0.06832221486674218,0.08421802520751953,0.005050688805600095,0.6530326785607309,0.5997007918988163,"OrderedDict([('colsample_bytree', 0.6530326785607309), ('subsample', 0.5997007918988163)])",BO for 3 group,6
0.9001657327756294,0.8965353957856522,0.898973954222573,0.8985583609279516,0.0015109323843463575,87,1.4219930171966553,0.28989424063340813,0.15633177757263184,0.03701556282653166,0.8977998894438859,0.6148341909720163,"OrderedDict([('colsample_bytree', 0.8977998894438859), ('subsample', 0.6148341909720163)])",BO for 3 group,6
0.9005603346223661,0.8966143161549996,0.8961325966850828,0.8977690824874829,0.0019834867905268627,198,1.3852697213490803,0.4064181184278957,0.1210025151570638,0.042402742068926046,0.7448032335287792,0.5382927313813297,"OrderedDict([('colsample_bytree', 0.7448032335287792), ('subsample', 0.5382927313813297)])",BO for 3 group,6
0.9014284586851866,0.8963775550469576,0.8966061562746646,0.8981373900022697,0.0023290075764990825,154,1.0239591598510742,0.09488487649128147,0.09470931688944499,0.015976975599532,0.652692776878797,0.8469016762672006,"OrderedDict([('colsample_bytree', 0.652692776878797), ('subsample', 0.8469016762672006)])",BO for 3 group,6
0.89985005129824,0.8975613605871675,0.8953433307024468,0.8975849141959514,0.0018399363596787554,218,1.0171509583791096,0.0600763370996599,0.09978389739990234,0.0024463984444052732,0.6474110942177501,0.7472571086674034,"OrderedDict([('colsample_bytree', 0.6474110942177501), ('subsample', 0.7472571086674034)])",BO for 3 group,6
0.9013495383158393,0.896693236524347,0.8972375690607735,0.8984267813003198,0.002078614266986385,107,1.494550307591756,0.22219962500200843,0.13927785555521646,0.0383250975541119,0.7010118462153069,0.845719170275129,"OrderedDict([('colsample_bytree', 0.7010118462153069), ('subsample', 0.845719170275129)])",BO for 3 group,6
0.9016652197932287,0.8970089180017362,0.898579321231255,0.8990844863420732,0.0019341975830224852,32,0.7999045848846436,0.04288799482576119,0.08884199460347493,0.006690192170478444,0.5974189326436016,0.5548727248863687,"OrderedDict([('colsample_bytree', 0.5974189326436016), ('subsample', 0.5548727248863687)])",BO for 3 group,6
0.9015073790545339,0.897166758740431,0.8951065509076559,0.8979268962342069,0.00266783395267266,181,1.4835941791534424,0.056624647753377555,0.1221469243367513,0.043221424371728163,0.8998212979764676,0.8689134863235826,"OrderedDict([('colsample_bytree', 0.8998212979764676), ('subsample', 0.8689134863235826)])",BO for 3 group,6
0.9014284586851866,0.8960618735695683,0.8971586424625099,0.898216324905755,0.0023150346381649884,143,1.0929663181304932,0.027983328430478977,0.08401298522949219,0.003968387006197864,0.5005780285644523,0.6048391460960207,"OrderedDict([('colsample_bytree', 0.5005780285644523), ('subsample', 0.6048391460960207)])",BO for 3 group,6
0.9015862994238814,0.8980348828032515,0.8956590370955012,0.8984267397742114,0.0024356071921427147,108,1.1664223670959473,0.22000661904632382,0.14154346783955893,0.06204866127474195,0.8865722654169224,0.568450600883105,"OrderedDict([('colsample_bytree', 0.8865722654169224), ('subsample', 0.568450600883105)])",BO for 3 group,6
0.8992976087128087,0.8944834661826218,0.8973164956590371,0.8970325235181559,0.0019755964850876936,241,1.4685103098551433,0.1653668528412954,0.16025598843892416,0.019303344228593932,0.6580331969513935,0.5278639581245311,"OrderedDict([('colsample_bytree', 0.6580331969513935), ('subsample', 0.5278639581245311)])",BO for 3 group,6
0.9006392549917134,0.8967721568936943,0.8978689818468824,0.8984267979107633,0.0016272637556684945,106,1.6534862518310547,0.31876460794574385,0.24219743410746256,0.12472895557270314,0.7085016641093931,0.8035290587552428,"OrderedDict([('colsample_bytree', 0.7085016641093931), ('subsample', 0.8035290587552428)])",BO for 3 group,6
0.9008760160997553,0.8970089180017362,0.8961325966850828,0.8980058435955248,0.0020608092933822545,171,0.9469019571940104,0.06750117334127571,0.0884710152943929,0.007059837910789446,0.6378118550667012,0.6770479494087782,"OrderedDict([('colsample_bytree', 0.6378118550667012), ('subsample', 0.6770479494087782)])",BO for 3 group,6
0.9008760160997553,0.8969299976323889,0.8970797158642463,0.8982952431987968,0.0018259053392730732,129,1.4797143936157227,0.05816756865229353,0.13867998123168945,0.05037782396497193,0.82079348765197,0.8477350109494062,"OrderedDict([('colsample_bytree', 0.82079348765197), ('subsample', 0.8477350109494062)])",BO for 3 group,6
0.8999289716675875,0.8965353957856522,0.897947908445146,0.8981374252994619,0.0013918876379855408,153,1.4072925249735515,0.3205793800684947,0.13351225852966309,0.04478145815631352,0.8201322855359723,0.6393136753946983,"OrderedDict([('colsample_bytree', 0.8201322855359723), ('subsample', 0.6393136753946983)])",BO for 3 group,6
0.89985005129824,0.8977981216952096,0.8958958168902921,0.8978479966279139,0.0016146946192049387,193,1.181100845336914,0.15310408559600241,0.16944185892740884,0.07095657899213388,0.7162984104377264,0.6095058108959103,"OrderedDict([('colsample_bytree', 0.7162984104377264), ('subsample', 0.6095058108959103)])",BO for 3 group,6
0.9011127772077974,0.8969299976323889,0.8973164956590371,0.898453090166408,0.00188729021787896,103,1.6380349000295003,0.2596383019973293,0.1768495241800944,0.06494516656503083,0.6790602632931809,0.8749194184073391,"OrderedDict([('colsample_bytree', 0.6790602632931809), ('subsample', 0.8749194184073391)])",BO for 3 group,6
0.9027701049640913,0.8959829532002209,0.8972375690607735,0.8986635424083618,0.0029486050099978354,77,1.565139929453532,0.21106700753433102,0.21713972091674805,0.09222107251084781,0.6090947487659344,0.7708960649627099,"OrderedDict([('colsample_bytree', 0.6090947487659344), ('subsample', 0.7708960649627099)])",BO for 3 group,6
0.9009549364691026,0.8968510772630416,0.896527229676401,0.8981110811361818,0.0020152508827736932,159,1.7648663520812988,0.2328527590445246,0.1412357489267985,0.01653505419336577,0.743532614644252,0.8518291383501161,"OrderedDict([('colsample_bytree', 0.743532614644252), ('subsample', 0.8518291383501161)])",BO for 3 group,6
0.9008760160997553,0.8968510772630416,0.8987371744277821,0.8988214225968596,0.0016442539291557762,60,1.4314212799072266,0.5492861941776062,0.11934566497802734,0.034080705342511335,0.7345583460067105,0.7405423642789273,"OrderedDict([('colsample_bytree', 0.7345583460067105), ('subsample', 0.7405423642789273)])",BO for 3 group,6
0.9004024938836713,0.8977981216952096,0.8974743488555643,0.8985583214781484,0.0013107087418370636,89,0.8811709880828857,0.05722783475499188,0.09477766354878743,0.011372606629829234,0.6386426936212336,0.5742174178210302,"OrderedDict([('colsample_bytree', 0.6386426936212336), ('subsample', 0.5742174178210302)])",BO for 3 group,6
0.9005603346223661,0.8978770420645569,0.8976322020520916,0.8986898595796715,0.001326397205951367,74,1.68931778271993,0.18045761354575798,0.12639951705932617,0.04119355639031505,0.7918744332843004,0.8779052336476003,"OrderedDict([('colsample_bytree', 0.7918744332843004), ('subsample', 0.8779052336476003)])",BO for 3 group,6
0.9014284586851866,0.8981927235419461,0.8952644041041831,0.8982951954437719,0.0025175077076870517,131,1.201578696568807,0.024413453950982007,0.13817874590555826,0.0065806514225716815,0.563136298102502,0.52784579696041,"OrderedDict([('colsample_bytree', 0.563136298102502), ('subsample', 0.52784579696041)])",BO for 3 group,6
0.8997711309288927,0.8972456791097783,0.897947908445146,0.898321572827939,0.001064329374424152,126,1.556714693705241,0.3129640779983791,0.10412327448527019,0.022874935211963637,0.7965993758054357,0.524334708617763,"OrderedDict([('colsample_bytree', 0.7965993758054357), ('subsample', 0.524334708617763)])",BO for 3 group,6
0.9009549364691026,0.8970089180017362,0.8972375690607735,0.8984004745105375,0.0018086877840057182,111,1.301395575205485,0.22306690877408666,0.10098433494567871,0.010560967706749115,0.5625193525765092,0.8442077146188018,"OrderedDict([('colsample_bytree', 0.5625193525765092), ('subsample', 0.8442077146188018)])",BO for 3 group,6
0.9000078920369348,0.8974035198484729,0.8968429360694554,0.8980847826516211,0.001378967203921283,160,0.9031486511230469,0.056263001430272894,0.08835268020629883,0.009951854841546327,0.5245713105468027,0.639164476248225,"OrderedDict([('colsample_bytree', 0.5245713105468027), ('subsample', 0.639164476248225)])",BO for 3 group,6
0.9005603346223661,0.8964564754163049,0.8976322020520916,0.8982163373635875,0.001725558004896881,141,1.5716477235158284,0.19363181482949357,0.15331435203552246,0.053277135930477185,0.8439157349956425,0.5570269652889897,"OrderedDict([('colsample_bytree', 0.8439157349956425), ('subsample', 0.5570269652889897)])",BO for 3 group,6
0.90103385683845,0.8974035198484729,0.8974743488555643,0.8986372418474957,0.001694909387590096,80,1.1321229934692383,0.16572941628547475,0.20780126253763834,0.14661416456478887,0.8424218997602148,0.5002260839991676,"OrderedDict([('colsample_bytree', 0.8424218997602148), ('subsample', 0.5002260839991676)])",BO for 3 group,6
0.8997711309288927,0.8962986346776103,0.8967640094711918,0.8976112583592316,0.0015390322852377313,212,1.8376525243123372,0.058838276541116646,0.13672232627868652,0.015663066392708088,0.6691726477354942,0.6364890380993047,"OrderedDict([('colsample_bytree', 0.6691726477354942), ('subsample', 0.6364890380993047)])",BO for 3 group,6
0.9000078920369348,0.8954305106147897,0.8966850828729281,0.8973744951748842,0.0019312469482203973,227,1.7134543259938557,0.3150782257173615,0.13962674140930176,0.03607411814052492,0.5928565383194682,0.7994787168613668,"OrderedDict([('colsample_bytree', 0.5928565383194682), ('subsample', 0.7994787168613668)])",BO for 3 group,6
0.8996922105595454,0.8989819272354195,0.8955801104972375,0.8980847494307341,0.0017946286042007217,162,1.2110581398010254,0.2937794088671043,0.14103921254475912,0.05044157172084233,0.5004362575616489,0.5241428111767277,"OrderedDict([('colsample_bytree', 0.5004362575616489), ('subsample', 0.5241428111767277)])",BO for 3 group,6
0.9011127772077974,0.8959040328308736,0.8976322020520916,0.8982163373635875,0.0021662048291325926,141,1.4404503504435222,0.21726095535451953,0.11778521537780762,0.04065191440259472,0.8828455764424856,0.7815423945976387,"OrderedDict([('colsample_bytree', 0.8828455764424856), ('subsample', 0.7815423945976387)])",BO for 3 group,6
0.9004024938836713,0.8976402809565148,0.8970007892659826,0.8983478547020564,0.0014761196949064036,122,1.5243587493896484,0.32454454947616673,0.18027790387471518,0.0739565177119906,0.7244423617098528,0.8340483936638564,"OrderedDict([('colsample_bytree', 0.7244423617098528), ('subsample', 0.8340483936638564)])",BO for 3 group,6
0.9007181753610607,0.896219714308263,0.8973954222573007,0.8981111039755415,0.001904938879553619,157,0.9686737855275472,0.06740893421854488,0.10093315442403157,0.02448493532458885,0.8677969225300664,0.6376398613612644,"OrderedDict([('colsample_bytree', 0.8677969225300664), ('subsample', 0.6376398613612644)])",BO for 3 group,6
0.8989819272354195,0.8978770420645569,0.8966850828729281,0.8978480173909681,0.0009379073622111283,190,0.8612248102823893,0.06396796975865082,0.0804918607076009,0.0011439581872044321,0.5517132399334382,0.5895523201074063,"OrderedDict([('colsample_bytree', 0.5517132399334382), ('subsample', 0.5895523201074063)])",BO for 3 group,6
0.8999289716675875,0.8967721568936943,0.8970007892659826,0.8979006392757548,0.0014372815565580294,182,1.3792904218037922,0.10261585617500156,0.11917710304260254,0.018997908136732515,0.500073209131958,0.6542478081078098,"OrderedDict([('colsample_bytree', 0.500073209131958), ('subsample', 0.6542478081078098)])",BO for 3 group,6
