mean_fit_time,std_fit_time,mean_score_time,std_score_time,param_alpha,param_lambda,params,split0_test_score,split1_test_score,split2_test_score,mean_test_score,std_test_score,rank_test_score,iter_num,experiment_name,run_number
0.4105517069498698,0.03479790895064693,0.054687817891438804,0.00674626663529776,0.048985165631047045,0.16123663630265994,"{'alpha': 0.048985165631047045, 'lambda': 0.16123663630265994}",0.8981138031725988,0.900323573514324,0.8981057616416732,0.8988477127761986,0.0010435962997602086,122,208,random search for 2 group,10
0.5556474526723226,0.028258965282138126,0.06925241152445476,0.009612301646519444,0.5942298519441535,0.8549481765021129,"{'alpha': 0.5942298519441535, 'lambda': 0.8549481765021129}",0.89985005129824,0.8989819272354195,0.8973954222573007,0.8987424669303201,0.001016302730635041,145,209,random search for 2 group,10
0.4865182240804036,0.007942555936835717,0.05541038513183594,0.0064162307996169935,0.8495655784641638,0.9847856846491655,"{'alpha': 0.8495655784641638, 'lambda': 0.9847856846491655}",0.8994554494515035,0.8970878383710835,0.8967640094711918,0.8977690990979262,0.0011997359224314597,248,210,random search for 2 group,10
0.5025460720062256,0.030328776607951503,0.06524984041849773,0.009717768591656737,0.23470951980823507,0.31587030062329147,"{'alpha': 0.23470951980823507, 'lambda': 0.31587030062329147}",0.8991397679741141,0.8989030068660722,0.8966850828729281,0.8982426192377049,0.0011055778583382186,219,211,random search for 2 group,10
0.5142998695373535,0.040636268097874205,0.06255237261454265,0.005878645438581579,0.7794781312314042,0.9916571440023326,"{'alpha': 0.7794781312314042, 'lambda': 0.9916571440023326}",0.8992976087128087,0.8983505642806409,0.8983425414364641,0.8986635714766379,0.0004483439930422,159,212,random search for 2 group,10
0.5670994917551676,0.014721995992155136,0.057919979095458984,0.0028299407843612183,0.2739665514436286,0.5266182360387665,"{'alpha': 0.2739665514436286, 'lambda': 0.5266182360387665}",0.89985005129824,0.9001657327756294,0.8978689818468824,0.899294921973584,0.001016494837663544,58,213,random search for 2 group,10
0.609155019124349,0.01451774174620379,0.07506624857584636,0.02030457872203126,0.837606089920611,0.1862385250967321,"{'alpha': 0.837606089920611, 'lambda': 0.1862385250967321}",0.8999289716675875,0.8981927235419461,0.8966850828729281,0.8982689260274873,0.0013254077969015276,214,214,random search for 2 group,10
0.5135862032572428,0.019748977346419217,0.056191603342692055,0.015063940683770552,0.5857008506130117,0.5751162255763986,"{'alpha': 0.5857008506130117, 'lambda': 0.5751162255763986}",0.8985873253886828,0.8979559624339042,0.8981057616416732,0.8982163498214201,0.00026935367616015793,221,215,random search for 2 group,10
0.5279070536295573,0.039829551345377,0.05534100532531738,0.01907253368005318,0.18000290508613803,0.22644394214612096,"{'alpha': 0.18000290508613803, 'lambda': 0.22644394214612096}",0.9004024938836713,0.8985873253886828,0.8977111286503552,0.8989003159742364,0.0011208134054514825,115,216,random search for 2 group,10
0.5554885864257812,0.00857194477890354,0.055572191874186196,0.015186739223756214,0.010396122365136762,0.1762399337131173,"{'alpha': 0.010396122365136762, 'lambda': 0.1762399337131173}",0.8999289716675875,0.9004814142530188,0.8987371744277821,0.8997158534494627,0.0007278542313576542,22,217,random search for 2 group,10
0.6051180362701416,0.013043116621993053,0.060113112131754555,0.008082910318254087,0.42707265262678806,0.35086734184587687,"{'alpha': 0.42707265262678806, 'lambda': 0.35086734184587687}",0.8999289716675875,0.89985005129824,0.8955011838989739,0.8984267356216004,0.002068928348605758,193,218,random search for 2 group,10
0.6541721820831299,0.028554733874625295,0.07173339525858562,0.0035325847084700024,0.4646892912833266,0.29642349210336627,"{'alpha': 0.4646892912833266, 'lambda': 0.29642349210336627}",0.8996922105595454,0.9002446531449767,0.8973954222573007,0.8991107619872744,0.0012337182267354223,79,219,random search for 2 group,10
0.6428008874257406,0.01439204753232789,0.09150282541910808,0.025228533347195835,0.6234296579260481,0.4594919638231473,"{'alpha': 0.6234296579260481, 'lambda': 0.4594919638231473}",0.8987451661273774,0.8994554494515035,0.898579321231255,0.8989266456033785,0.0003800011094161064,104,220,random search for 2 group,10
0.6172087987263998,0.012946322548738086,0.06554873784383138,0.00758885691693055,0.11235948881293567,0.8365478713180519,"{'alpha': 0.11235948881293567, 'lambda': 0.8365478713180519}",0.8996922105595454,0.8994554494515035,0.8973164956590371,0.8988213852233621,0.0010684984499070651,134,221,random search for 2 group,10
0.573439359664917,0.02788303752459492,0.0744465986887614,0.017357612007599416,0.042135573012184735,0.702586900673614,"{'alpha': 0.042135573012184735, 'lambda': 0.702586900673614}",0.9004814142530188,0.8977981216952096,0.8986582478295185,0.898979261259249,0.0011187200883894096,94,222,random search for 2 group,10
0.4387628237406413,0.028971636938539415,0.05998460451761881,0.015016060519029385,0.8087416999108372,0.32727060648998574,"{'alpha': 0.8087416999108372, 'lambda': 0.32727060648998574}",0.9004024938836713,0.8984294846499882,0.8977900552486188,0.8988740112607595,0.0011118788411937852,120,223,random search for 2 group,10
0.41813015937805176,0.04206162372320606,0.050054709116617836,0.004313389922220635,0.8547076227765791,0.840161087655958,"{'alpha': 0.8547076227765791, 'lambda': 0.840161087655958}",0.8997711309288927,0.8973245994791256,0.8981846882399369,0.8984268062159849,0.001013359057596457,189,224,random search for 2 group,10
0.36862627665201825,0.013036414167317515,0.05629817644755045,0.006729927787908573,0.28980101846444484,0.5638847855212282,"{'alpha': 0.28980101846444484, 'lambda': 0.5638847855212282}",0.9001657327756294,0.9013495383158393,0.8959747434885557,0.8991633381933415,0.0023058911556849224,73,225,random search for 2 group,10
0.3534810543060303,0.015301388851158117,0.04580895105997721,0.0011251445606152884,0.8048046318389557,0.27671252868055507,"{'alpha': 0.8048046318389557, 'lambda': 0.27671252868055507}",0.9015073790545339,0.8994554494515035,0.8967640094711918,0.8992422793257431,0.0019423301947113698,65,226,random search for 2 group,10
0.48603113492329914,0.027173222513205978,0.04686776796976725,0.004211634825735925,0.727219105080497,0.44042984192270684,"{'alpha': 0.727219105080497, 'lambda': 0.44042984192270684}",0.9004814142530188,0.9011916975771447,0.8972375690607735,0.8996368936303124,0.0017211806786093867,29,227,random search for 2 group,10
0.5268502235412598,0.031070178044382852,0.04369401931762695,0.0028988507253519323,0.19563962346338737,0.1155269108934952,"{'alpha': 0.19563962346338737, 'lambda': 0.1155269108934952}",0.9004814142530188,0.8997711309288927,0.896527229676401,0.8989265916194374,0.001721206727928951,113,228,random search for 2 group,10
0.5249884923299154,0.0046516113935531735,0.04494516054789225,0.0030250414919618133,0.8994514194711369,0.8799668496280559,"{'alpha': 0.8994514194711369, 'lambda': 0.8799668496280559}",0.9004024938836713,0.8985873253886828,0.8959747434885557,0.8983215209203032,0.001817366666713066,209,229,random search for 2 group,10
0.5613976319630941,0.019984553731051045,0.05566652615865072,0.005492419500125988,0.7182802642320452,0.08616736193947339,"{'alpha': 0.7182802642320452, 'lambda': 0.08616736193947339}",0.9004024938836713,0.8989030068660722,0.8980268350434096,0.8991107785977177,0.0009809232218278277,78,230,random search for 2 group,10
0.6136705080668131,0.018539555574097744,0.06822419166564941,0.008290995350558113,0.7750629800131938,0.3805531680537738,"{'alpha': 0.7750629800131938, 'lambda': 0.3805531680537738}",0.8991397679741141,0.8973245994791256,0.8961325966850828,0.8975323213794408,0.001236427941368856,252,231,random search for 2 group,10
0.5179073015848795,0.03537674407832513,0.05804276466369629,0.004924678055917156,0.5902313300914496,0.9998832092989428,"{'alpha': 0.5902313300914496, 'lambda': 0.9998832092989428}",0.901270617946492,0.8989819272354195,0.8956590370955012,0.8986371940924709,0.002303850489461359,165,232,random search for 2 group,10
0.41826478640238446,0.026483727389606512,0.05673670768737793,0.010710991878122921,0.2148724142350691,0.4988216476504135,"{'alpha': 0.2148724142350691, 'lambda': 0.4988216476504135}",0.9021387420093127,0.9000078920369348,0.896921862667719,0.8996894989046554,0.0021416486104865744,25,233,random search for 2 group,10
0.3661026159922282,0.018954607425198777,0.05607295036315918,0.01505892704021526,0.7594267664234833,0.17606998509908378,"{'alpha': 0.7594267664234833, 'lambda': 0.17606998509908378}",0.9019809012706179,0.8974824402178202,0.8970797158642463,0.8988476857842281,0.0022216099551683926,125,234,random search for 2 group,10
0.34131725629170734,0.010363151843719923,0.048239946365356445,0.0038658365491923965,0.20241464937199283,0.7345662290523,"{'alpha': 0.20241464937199283, 'lambda': 0.7345662290523}",0.8988240864967249,0.8994554494515035,0.8972375690607735,0.8985057016696674,0.0009330148374924325,179,235,random search for 2 group,10
0.4087178707122803,0.05353481056896144,0.049168666203816734,0.0046257542268013235,0.9272454873523487,0.23689428083613318,"{'alpha': 0.9272454873523487, 'lambda': 0.23689428083613318}",0.90103385683845,0.8973245994791256,0.8977111286503552,0.8986898616559769,0.0016649497012714324,154,236,random search for 2 group,10
0.5131637255350748,0.0069149550754459815,0.05096205075581869,0.007097835183557098,0.9689356039493684,0.09983386856356802,"{'alpha': 0.9689356039493684, 'lambda': 0.09983386856356802}",0.8993765290821562,0.8983505642806409,0.8977900552486188,0.8985057162038053,0.000656901258724581,178,237,random search for 2 group,10
0.5152890682220459,0.026658474080844277,0.05281233787536621,0.005600702146357137,0.8119224947953474,0.6293570164653133,"{'alpha': 0.8119224947953474, 'lambda': 0.6293570164653133}",0.9000868124062821,0.8992976087128087,0.8966850828729281,0.8986898346640063,0.0014537269173452892,155,238,random search for 2 group,10
0.5587766965230306,0.042486980357369315,0.05610760052998861,0.008798471380889872,0.14703288427740713,0.24917076340488953,"{'alpha': 0.14703288427740713, 'lambda': 0.24917076340488953}",0.89985005129824,0.8985084050193355,0.8992896606156274,0.8992160389777344,0.0005501931743179835,66,239,random search for 2 group,10
0.6343072255452474,0.005866095929300725,0.0726020336151123,0.00848665546417866,0.38171337133849914,0.10533950005141968,"{'alpha': 0.38171337133849914, 'lambda': 0.10533950005141968}",0.8999289716675875,0.8979559624339042,0.8973164956590371,0.8984004765868429,0.001111890986243665,195,240,random search for 2 group,10
0.6489156087239584,0.015250264387198719,0.0872660477956136,0.010042133285348712,0.12235672035800071,0.0460639413053725,"{'alpha': 0.12235672035800071, 'lambda': 0.0460639413053725}",0.9001657327756294,0.8985873253886828,0.8977900552486188,0.898847704470977,0.0009871875465037358,123,241,random search for 2 group,10
0.6219536463419596,0.003280647470575194,0.06859366099039714,0.013912623814563941,0.0598077734891177,0.7119687625707747,"{'alpha': 0.0598077734891177, 'lambda': 0.7119687625707747}",0.900797095730408,0.8991397679741141,0.8961325966850828,0.8986898201298684,0.0019306695959115578,158,242,random search for 2 group,10
0.6286095778147379,0.013629360423550342,0.06614398956298828,0.010651075409962374,0.4519881220417673,0.8058912276977278,"{'alpha': 0.4519881220417673, 'lambda': 0.8058912276977278}",0.9001657327756294,0.8981927235419461,0.8972375690607735,0.8985320084594498,0.0012192542465741816,176,243,random search for 2 group,10
0.6532635688781738,0.003415048610138658,0.08171796798706055,0.006965078524370715,0.8719702568262305,0.49090103970877796,"{'alpha': 0.8719702568262305, 'lambda': 0.49090103970877796}",0.9005603346223661,0.8993765290821562,0.8980268350434096,0.8993212329159773,0.001035035676885477,52,244,random search for 2 group,10
0.6135762532552084,0.030928169654461428,0.07953325907389323,0.008814306498868149,0.7498331998347751,0.4267638520634959,"{'alpha': 0.7498331998347751, 'lambda': 0.4267638520634959}",0.900797095730408,0.8987451661273774,0.8987371744277821,0.8994264787618559,0.0009691780444197481,38,245,random search for 2 group,10
0.5668822129567465,0.07334895440475674,0.05838235219319662,0.004980767396159126,0.7597801050504089,0.9404867758168666,"{'alpha': 0.7597801050504089, 'lambda': 0.9404867758168666}",0.9005603346223661,0.8989819272354195,0.8971586424625099,0.8989003014400985,0.001389933922998528,116,246,random search for 2 group,10
0.5101178487141927,0.14204486378478162,0.05310972531636556,0.004365792939962403,0.8891359850188825,0.44642137379760616,"{'alpha': 0.8891359850188825, 'lambda': 0.44642137379760616}",0.8997711309288927,0.8992976087128087,0.8978689818468824,0.8989792404961946,0.0008085219121173162,96,247,random search for 2 group,10
0.8341634273529053,0.09579602248965909,0.08173783620198567,0.021599306973752657,0.26511488073488476,0.9810111770874734,"{'alpha': 0.26511488073488476, 'lambda': 0.9810111770874734}",0.9006392549917134,0.8979559624339042,0.8953433307024468,0.8979795160426881,0.002162116185403565,240,248,random search for 2 group,10
0.7160469690958658,0.13165268118429976,0.07853126525878906,0.01236927948583348,0.7531944189137986,0.7095739580845929,"{'alpha': 0.7531944189137986, 'lambda': 0.7095739580845929}",0.8983505642806409,0.9000868124062821,0.8970797158642463,0.8985056975170563,0.0012325332028148303,181,249,random search for 2 group,10
0.740779717763265,0.07896811067041377,0.08955923716227214,0.0079522661459777,0.6540446051410675,0.4106711581561515,"{'alpha': 0.6540446051410675, 'lambda': 0.4106711581561515}",0.9015862994238814,0.8972456791097783,0.8988950276243094,0.8992423353859897,0.0017889872719490643,64,250,random search for 2 group,10
0.8441361586252848,0.004492416066783752,0.06932648022969563,0.009843069619898878,0.462983135117192,0.7697476985488659,"{'alpha': 0.462983135117192, 'lambda': 0.7697476985488659}",0.9001657327756294,0.8981927235419461,0.8996053670086819,0.8993212744420859,0.0008301497049111954,51,251,random search for 2 group,10
0.6482377052307129,0.1543171287815027,0.04570889472961426,0.004269380182504515,0.028935905054390698,0.8481131269456054,"{'alpha': 0.028935905054390698, 'lambda': 0.8481131269456054}",0.9008760160997553,0.8995343698208508,0.8970797158642463,0.8991633672616174,0.0015718791394908483,72,252,random search for 2 group,10
0.49300718307495117,0.1565124688801915,0.054842074712117515,0.014527147855279914,0.044598074036144464,0.8439058753697051,"{'alpha': 0.044598074036144464, 'lambda': 0.8439058753697051}",0.9002446531449767,0.89985005129824,0.8978689818468824,0.8993212287633664,0.0010394528958992423,54,253,random search for 2 group,10
0.7534012794494629,0.21358612214040096,0.06865684191385905,0.011876391017926815,0.9431599411119286,0.3877720618519217,"{'alpha': 0.9431599411119286, 'lambda': 0.3877720618519217}",0.900797095730408,0.8985084050193355,0.8962115232833465,0.8985056746776966,0.0018720531078446916,182,254,random search for 2 group,10
0.8217732111612955,0.12626331188160725,0.09657549858093262,0.006652257927282008,0.8453032463072832,0.22060427467177846,"{'alpha': 0.8453032463072832, 'lambda': 0.22060427467177846}",0.9004814142530188,0.8984294846499882,0.8970797158642463,0.8986635382557511,0.001398564454437063,160,255,random search for 2 group,10
0.7191472053527832,0.13515035888952284,0.07609256108601888,0.01928497973367056,0.6317606927042132,0.1661263224395224,"{'alpha': 0.6317606927042132, 'lambda': 0.1661263224395224}",0.8997711309288927,0.9006392549917134,0.8968429360694554,0.8990844406633537,0.0016241237597471537,81,256,random search for 2 group,10
0.7989751497904459,0.07463475650499422,0.07509160041809082,0.002145702678981587,0.9743898999156702,0.10053694795099466,"{'alpha': 0.9743898999156702, 'lambda': 0.10053694795099466}",0.8995343698208508,0.8984294846499882,0.8976322020520916,0.8985320188409768,0.0007799339717214714,175,257,random search for 2 group,10
1.1483102639516194,0.6763183369076179,0.05915967623392741,0.019021820914452262,0.049999028269748336,0.4860894644675673,"{'alpha': 0.049999028269748336, 'lambda': 0.4860894644675673}",0.8989819272354195,0.8977192013258622,0.898973954222573,0.8985583609279516,0.0005933843726554155,168,258,random search for 2 group,10
0.5791672865549723,0.039593234052837954,0.06145000457763672,0.00890407297865518,0.501006503008858,0.16593434679729924,"{'alpha': 0.501006503008858, 'lambda': 0.16593434679729924}",0.8989819272354195,0.8981138031725988,0.8981846882399369,0.8984268062159849,0.00039359512433997853,189,259,random search for 2 group,10
0.6221183935801188,0.039828804212671404,0.08739821116129558,0.0019907912078534415,0.5370868829626656,0.24670747945366012,"{'alpha': 0.5370868829626656, 'lambda': 0.24670747945366012}",0.9008760160997553,0.8999289716675875,0.8972375690607735,0.8993475189427054,0.0015412418515218036,49,260,random search for 2 group,10
0.6416807174682617,0.00839090552780445,0.07264272371927898,0.002823367620608025,0.7027037151700106,0.1050302290250319,"{'alpha': 0.7027037151700106, 'lambda': 0.1050302290250319}",0.901270617946492,0.9004814142530188,0.8986582478295185,0.9001367600096764,0.0010939863855351486,5,261,random search for 2 group,10
0.6294315656026205,0.01722889590005255,0.09008510907491048,0.034930689991995396,0.8339045650617605,0.9045729518203045,"{'alpha': 0.8339045650617605, 'lambda': 0.9045729518203045}",0.8996922105595454,0.8977981216952096,0.8971586424625099,0.898216324905755,0.0010757670967149941,222,262,random search for 2 group,10
0.5354804197947184,0.020556074168972996,0.06064605712890625,0.006027118879660815,0.15194096243342148,0.5594680527108178,"{'alpha': 0.15194096243342148, 'lambda': 0.5594680527108178}",0.900797095730408,0.8996922105595454,0.8992896606156274,0.8999263223018602,0.0006372840220998597,11,263,random search for 2 group,10
0.5830914974212646,0.011154038259136962,0.059126694997151695,0.012928143200606177,0.35213766238711974,0.439693613997984,"{'alpha': 0.35213766238711974, 'lambda': 0.439693613997984}",0.9019019809012706,0.8987451661273774,0.8964483030781374,0.8990318167022618,0.0022356619994526494,88,264,random search for 2 group,10
0.564794143040975,0.05377763450812965,0.10703317324320476,0.02158420908773174,0.015017913511686687,0.030467174939148745,"{'alpha': 0.015017913511686687, 'lambda': 0.030467174939148745}",0.8977192013258622,0.8991397679741141,0.8983425414364641,0.8984005035788135,0.0005813903496450985,194,265,random search for 2 group,10
0.33912181854248047,0.022406086091288507,0.04914005597432455,0.0013774151810609261,0.036799025664874474,0.12176065822747384,"{'alpha': 0.036799025664874474, 'lambda': 0.12176065822747384}",0.8997711309288927,0.8992186883434614,0.8978689818468824,0.8989529337064122,0.0007989626307002107,102,266,random search for 2 group,10
0.3515293598175049,0.025809877924938975,0.05220365524291992,0.004568389519718169,0.524776645810374,0.23355755302084313,"{'alpha': 0.524776645810374, 'lambda': 0.23355755302084313}",0.900797095730408,0.8996922105595454,0.8975532754538279,0.8993475272479271,0.0013465257605331752,47,267,random search for 2 group,10
0.34752829869588214,0.021677526421667734,0.06865167617797852,0.03060360850850709,0.3088841580072934,0.755282670021498,"{'alpha': 0.3088841580072934, 'lambda': 0.755282670021498}",0.8994554494515035,0.8994554494515035,0.8967640094711918,0.8985583027913996,0.0012687569741566262,170,268,random search for 2 group,10
0.5042877991994222,0.027200019898451014,0.052995522816975914,0.00577834246512984,0.6215050714257635,0.3094323033256179,"{'alpha': 0.6215050714257635, 'lambda': 0.3094323033256179}",0.9004814142530188,0.89985005129824,0.8982636148382005,0.8995316934631531,0.0009329781506777027,32,269,random search for 2 group,10
0.6594027678171793,0.04402616801539785,0.0701750119527181,0.0051934516520655005,0.9692952155887178,0.575799674347448,"{'alpha': 0.9692952155887178, 'lambda': 0.575799674347448}",0.8993765290821562,0.896219714308263,0.8973164956590371,0.897637579683152,0.0013086102277031523,250,270,random search for 2 group,10
0.6052171389261881,0.02172915863646049,0.05745991071065267,0.006501780149740656,0.8456551309256582,0.7062782318046834,"{'alpha': 0.8456551309256582, 'lambda': 0.7062782318046834}",0.8985873253886828,0.8989030068660722,0.8986582478295185,0.8987161933614245,0.0001352330390907531,149,271,random search for 2 group,10
0.6317631403605143,0.010728625967182206,0.07285205523173015,0.00918577220625886,0.5932737277326775,0.1776967069087052,"{'alpha': 0.5932737277326775, 'lambda': 0.1776967069087052}",0.8987451661273774,0.8986662457580301,0.8966850828729281,0.8980321649194453,0.0009530755955365326,237,272,random search for 2 group,10
0.5572210947672526,0.05311629707231238,0.06301744778951009,0.025023191383520656,0.1746908503805713,0.042279928020657276,"{'alpha': 0.1746908503805713, 'lambda': 0.042279928020657276}",0.900323573514324,0.8986662457580301,0.8983425414364641,0.8991107869029394,0.0008676922056103609,77,273,random search for 2 group,10
0.5928651491800944,0.035588227308089464,0.05080803235371908,0.010162475985825481,0.5554560050262901,0.05295940043263381,"{'alpha': 0.5554560050262901, 'lambda': 0.05295940043263381}",0.8990608476047668,0.9009549364691026,0.8953433307024468,0.8984530382587721,0.0023308945308472247,188,274,random search for 2 group,10
0.5355980396270752,0.01497177160077163,0.047120094299316406,0.004643926508841354,0.9029657243378272,0.34857302541702606,"{'alpha': 0.9029657243378272, 'lambda': 0.34857302541702606}",0.8992186883434614,0.8973245994791256,0.8955801104972375,0.8973744661066081,0.0014858616346888215,257,275,random search for 2 group,10
0.5384876728057861,0.055611952498983194,0.08832279841105144,0.021827053098880125,0.08216884980856642,0.6613285877261195,"{'alpha': 0.08216884980856642, 'lambda': 0.6613285877261195}",0.9009549364691026,0.8982716439112935,0.9000789265982636,0.89976850232622,0.001117224883122995,19,276,random search for 2 group,10
0.6216990152994791,0.042018078855799154,0.07476989428202312,0.00423851984014763,0.19631612792727882,0.8755332687296249,"{'alpha': 0.19631612792727882, 'lambda': 0.8755332687296249}",0.8989819272354195,0.8974824402178202,0.8970007892659826,0.8978217189064074,0.0008436268665246209,245,277,random search for 2 group,10
0.6170032024383545,0.04221052148773593,0.07646648089090984,0.011011695013328573,0.8749804269148703,0.6541817385106695,"{'alpha': 0.8749804269148703, 'lambda': 0.6541817385106695}",0.8989030068660722,0.8994554494515035,0.898579321231255,0.8989792591829436,0.0003617190221245828,95,278,random search for 2 group,10
0.5913497606913248,0.09460737793007057,0.05498520533243815,0.01164433281555848,0.8361280579494118,0.8088485197112414,"{'alpha': 0.8361280579494118, 'lambda': 0.8088485197112414}",0.8997711309288927,0.8991397679741141,0.897947908445146,0.8989529357827176,0.000755960650261793,101,279,random search for 2 group,10
0.6169046560923258,0.022820855365761356,0.0927429993947347,0.02397379314741943,0.49544226340004094,0.7740133914992643,"{'alpha': 0.49544226340004094, 'lambda': 0.7740133914992643}",0.8982716439112935,0.8982716439112935,0.8977900552486188,0.8981111143570687,0.000227023072746599,228,280,random search for 2 group,10
0.5736014048258463,0.04098971235490212,0.0689549446105957,0.012241068242945144,0.45996154842543524,0.00459784025465837,"{'alpha': 0.45996154842543524, 'lambda': 0.00459784025465837}",0.901270617946492,0.8996922105595454,0.8955011838989739,0.898821337468337,0.002434530380848044,135,281,random search for 2 group,10
0.6587632497151693,0.026493108201246996,0.08490403493245442,0.019883784690872746,0.9517561320311683,0.2560044031294263,"{'alpha': 0.9517561320311683, 'lambda': 0.2560044031294263}",0.9023755031173546,0.8994554494515035,0.8975532754538279,0.8997947426742287,0.0019832313410124325,18,282,random search for 2 group,10
0.5844787756601969,0.03687039779275004,0.06028167406717936,0.0029267197883812075,0.3924714262105412,0.15120791348335683,"{'alpha': 0.3924714262105412, 'lambda': 0.15120791348335683}",0.8997711309288927,0.8986662457580301,0.898973954222573,0.8991371103031653,0.0004655876145071576,74,283,random search for 2 group,10
0.5331764221191406,0.041440389570120376,0.06414024035135905,0.010439732750943254,0.3059818243254002,0.08955335046957291,"{'alpha': 0.3059818243254002, 'lambda': 0.08955335046957291}",0.89985005129824,0.8983505642806409,0.8982636148382005,0.898821410139027,0.0007282247945999984,130,284,random search for 2 group,10
0.5469456513722738,0.03446673255704698,0.06139604250590006,0.0038247332943303503,0.05306065189321185,0.5139114639403086,"{'alpha': 0.05306065189321185, 'lambda': 0.5139114639403086}",0.8997711309288927,0.8992186883434614,0.8992107340173638,0.899400184429906,0.0002623188856573837,41,285,random search for 2 group,10
0.5592789649963379,0.036109310990254176,0.07790342966715495,0.005473947821993906,0.8175295567943929,0.4644577298088829,"{'alpha': 0.8175295567943929, 'lambda': 0.4644577298088829}",0.8984294846499882,0.896693236524347,0.8967640094711918,0.8972955768818424,0.0008023142869214475,258,286,random search for 2 group,10
0.4824775854746501,0.05226971563584486,0.056221723556518555,0.005577459011877319,0.23825370156529557,0.8345266230769782,"{'alpha': 0.23825370156529557, 'lambda': 0.8345266230769782}",0.8985873253886828,0.9005603346223661,0.8976322020520916,0.8989266206877136,0.001219243224910103,106,287,random search for 2 group,10
0.355443795522054,0.018940342253663003,0.060274759928385414,0.022683018360280385,0.6119588254134597,0.5747089283176294,"{'alpha': 0.6119588254134597, 'lambda': 0.5747089283176294}",0.89985005129824,0.8981138031725988,0.8988950276243094,0.8989529606983827,0.0007100030841490994,100,288,random search for 2 group,10
0.3584866523742676,0.03458053833625559,0.04738410313924154,0.002096097806053399,0.6969290321499692,0.9605009389031939,"{'alpha': 0.6969290321499692, 'lambda': 0.9605009389031939}",0.8989030068660722,0.8989030068660722,0.898579321231255,0.8987951116544665,0.00015258687156795097,136,289,random search for 2 group,10
0.39302905400594074,0.016227853160735703,0.04392576217651367,0.0026709311426244223,0.4474417424117938,0.5595260468518952,"{'alpha': 0.4474417424117938, 'lambda': 0.5595260468518952}",0.8993765290821562,0.9000078920369348,0.8970007892659826,0.8987950701283579,0.0012946653763247697,139,290,random search for 2 group,10
0.4467654228210449,0.01535157112307301,0.047587951024373375,0.0033372871857124484,0.5045946176938885,0.6161469787582692,"{'alpha': 0.5045946176938885, 'lambda': 0.6161469787582692}",0.8995343698208508,0.8968510772630416,0.898973954222573,0.8984531337688217,0.0011556975372713954,184,291,random search for 2 group,10
0.42102893193562824,0.062104911045166716,0.08842555681864421,0.03069153237520839,0.5650822504332318,0.6357141168966196,"{'alpha': 0.5650822504332318, 'lambda': 0.6357141168966196}",0.9001657327756294,0.8995343698208508,0.8968429360694554,0.8988476795553119,0.0014408104497653565,126,292,random search for 2 group,10
0.39916133880615234,0.020779516028809855,0.04683375358581543,0.001297138901159659,0.3130193796336832,0.11054363055010585,"{'alpha': 0.3130193796336832, 'lambda': 0.11054363055010585}",0.9018230605319233,0.8982716439112935,0.9001578531965272,0.9000841858799147,0.0014507952206689874,7,293,random search for 2 group,10
0.3986692428588867,0.06460988248418073,0.05001147588094076,0.010386908136440083,0.17519717072087804,0.16919762249137726,"{'alpha': 0.17519717072087804, 'lambda': 0.16919762249137726}",0.8997711309288927,0.8992976087128087,0.8973954222573007,0.8988213872996673,0.0010266736089007973,133,294,random search for 2 group,10
0.5184505780537924,0.03889815335651223,0.05377324422200521,0.006675899972463375,0.3050237585645369,0.8871731610586565,"{'alpha': 0.3050237585645369, 'lambda': 0.8871731610586565}",0.8987451661273774,0.8991397679741141,0.8977111286503552,0.8985320209172821,0.0006023983951879223,174,295,random search for 2 group,10
0.6464047431945801,0.033765967633882406,0.08060089747111003,0.01616879730495186,0.4377022479014838,0.8681520404578978,"{'alpha': 0.4377022479014838, 'lambda': 0.8681520404578978}",0.8992186883434614,0.8990608476047668,0.8977900552486188,0.8986898637322823,0.0006395153921278188,153,296,random search for 2 group,10
0.598405917485555,0.025330421932268192,0.07476441065470378,0.009083380356588582,0.0822990413752388,0.2448117234625562,"{'alpha': 0.0822990413752388, 'lambda': 0.2448117234625562}",0.8989030068660722,0.8987451661273774,0.8992896606156274,0.8989792778696923,0.00022873785786146805,93,297,random search for 2 group,10
0.44254334767659503,0.08076615522811333,0.04575880368550619,0.0007401305418527291,0.040417023252044104,0.9062735478253636,"{'alpha': 0.040417023252044104, 'lambda': 0.9062735478253636}",0.900323573514324,0.9023755031173546,0.8983425414364641,0.9003472060227141,0.001646534512538869,1,298,random search for 2 group,10
0.43020184834798175,0.048119336492141035,0.05725232760111491,0.010922882142212122,0.9625899572037169,0.7089843274787457,"{'alpha': 0.9625899572037169, 'lambda': 0.7089843274787457}",0.8993765290821562,0.8989030068660722,0.8981846882399369,0.8988214080627218,0.0004899761367159502,131,299,random search for 2 group,10
0.37120358149210614,0.010524730948610006,0.04889122645060221,0.0012298998488089366,0.6754955241811408,0.7302875441203263,"{'alpha': 0.6754955241811408, 'lambda': 0.7302875441203263}",0.9007181753610607,0.8986662457580301,0.8966850828729281,0.8986898346640063,0.0016465875990102818,155,300,random search for 2 group,10
0.35175466537475586,0.006024230768101736,0.045661369959513344,0.0031696102179917256,0.3841915764522985,0.8338483176313527,"{'alpha': 0.3841915764522985, 'lambda': 0.8338483176313527}",0.9004814142530188,0.8980348828032515,0.8988950276243094,0.8991371082268599,0.0010133545931783436,75,301,random search for 2 group,10
0.4570753574371338,0.06930590756519787,0.05911540985107422,0.004295734712136446,0.7912194065859388,0.1919989760010249,"{'alpha': 0.7912194065859388, 'lambda': 0.1919989760010249}",0.8978770420645569,0.8989819272354195,0.8980268350434096,0.8982952681144619,0.0004893771861076566,210,302,random search for 2 group,10
0.5256744225819906,0.016451269587881106,0.07043838500976562,0.017874432405187938,0.7290362101040372,0.21581823629410235,"{'alpha': 0.7290362101040372, 'lambda': 0.21581823629410235}",0.9011127772077974,0.8980348828032515,0.8976322020520916,0.8989266206877136,0.001554562788389416,106,303,random search for 2 group,10
0.4549848238627116,0.031010849899480622,0.06270678838094075,0.012597592210119642,0.6969860028893315,0.7497238848913418,"{'alpha': 0.6969860028893315, 'lambda': 0.7497238848913418}",0.8975613605871675,0.8980348828032515,0.8982636148382005,0.8979532860762065,0.0002924423335426623,241,304,random search for 2 group,10
0.451568603515625,0.02507323402477823,0.06519810358683269,0.004328144922818244,0.762946363245689,0.06503205116707644,"{'alpha': 0.762946363245689, 'lambda': 0.06503205116707644}",0.901744140162576,0.8989819272354195,0.8981846882399369,0.8996369185459775,0.0015251633158615253,27,305,random search for 2 group,10
0.4783936341603597,0.06268379620532515,0.06899642944335938,0.014609873539177759,0.9547399310744143,0.5436581305161234,"{'alpha': 0.9547399310744143, 'lambda': 0.5436581305161234}",0.8996132901901981,0.8983505642806409,0.8971586424625099,0.8983741656444496,0.0010022446923585943,199,306,random search for 2 group,10
0.3570232391357422,0.008085458127608601,0.0599369208017985,0.007869935121220186,0.8850296931491272,0.6189320602163149,"{'alpha': 0.8850296931491272, 'lambda': 0.6189320602163149}",0.89985005129824,0.8985873253886828,0.8986582478295185,0.8990318748388137,0.000579262195799087,85,307,random search for 2 group,10
0.3632529576619466,0.02339165333604423,0.04471898078918457,0.0014651349275203078,0.01430082436718294,0.48977615538145614,"{'alpha': 0.01430082436718294, 'lambda': 0.48977615538145614}",0.8983505642806409,0.8970878383710835,0.8970007892659826,0.8974797306392356,0.0006167970006017664,255,308,random search for 2 group,10
0.3579074541727702,0.013584013380655393,0.048252503077189125,0.0012169989487439007,0.9137802752773554,0.877920197101154,"{'alpha': 0.9137802752773554, 'lambda': 0.877920197101154}",0.89985005129824,0.8973245994791256,0.8982636148382005,0.8984794218718554,0.0010422431672433943,183,309,random search for 2 group,10
0.33809590339660645,0.0029871533010630245,0.05044142405192057,0.005000455214223145,0.5408667108243126,0.2164102732022578,"{'alpha': 0.5408667108243126, 'lambda': 0.2164102732022578}",0.8995343698208508,0.8996922105595454,0.8975532754538279,0.8989266186114081,0.0009732358385139835,108,310,random search for 2 group,10
0.34950868288675946,0.01561350740300148,0.05723079045613607,0.007836904033835442,0.7382011379921625,0.6756581810827641,"{'alpha': 0.7382011379921625, 'lambda': 0.6756581810827641}",0.9004024938836713,0.8992186883434614,0.894869771112865,0.8981636511133325,0.002378736777138663,225,311,random search for 2 group,10
0.3443738619486491,0.015579965307118708,0.0539393424987793,0.00748479543413016,0.8343722734474371,0.1544836521000592,"{'alpha': 0.8343722734474371, 'lambda': 0.1544836521000592}",0.8974824402178202,0.8967721568936943,0.8967640094711918,0.8970062021942354,0.0003367675622288061,260,312,random search for 2 group,10
0.3442699909210205,0.007529017061728315,0.044728994369506836,0.0024839517433397416,0.613990325738854,0.748400082965374,"{'alpha': 0.613990325738854, 'lambda': 0.748400082965374}",0.90103385683845,0.8981138031725988,0.8955011838989739,0.8982162813033409,0.002259866336646653,223,313,random search for 2 group,10
0.44662102063496906,0.03969233246369048,0.07164041201273601,0.012389375294545375,0.8698944689685791,0.8264864371748355,"{'alpha': 0.8698944689685791, 'lambda': 0.8264864371748355}",0.9000868124062821,0.8991397679741141,0.8976322020520916,0.898952927477496,0.0010107620973328893,103,314,random search for 2 group,10
0.46769968668619794,0.009376760459802295,0.04693245887756348,0.0014915967832850787,0.4139531592129164,0.14420166727592154,"{'alpha': 0.4139531592129164, 'lambda': 0.14420166727592154}",0.9011127772077974,0.8980348828032515,0.8980268350434096,0.8990581650181529,0.0014528339269594321,83,315,random search for 2 group,10
0.5460861523946127,0.031365259081290335,0.053946733474731445,0.009893238807149582,0.15139664400845165,0.9482094341938252,"{'alpha': 0.15139664400845165, 'lambda': 0.9482094341938252}",0.9001657327756294,0.8999289716675875,0.8964483030781374,0.8988476691737848,0.0016993591343556229,128,316,random search for 2 group,10
0.5390186309814453,0.008054036228483481,0.04609378178914388,0.0036090817948772947,0.8764447798874443,0.8309449694867608,"{'alpha': 0.8764447798874443, 'lambda': 0.8309449694867608}",0.8983505642806409,0.8989030068660722,0.8961325966850828,0.8977953892772653,0.0011972071962174148,247,317,random search for 2 group,10
0.5772298177083334,0.0391666899895775,0.05348436037699381,0.005547938093557492,0.9144967225094459,0.9857124256730055,"{'alpha': 0.9144967225094459, 'lambda': 0.9857124256730055}",0.9001657327756294,0.8996922105595454,0.8951854775059195,0.8983478069470313,0.002244445208787509,206,318,random search for 2 group,10
0.5974443753560384,0.06211935821340917,0.06088089942932129,0.01087950809556674,0.2533981174301868,0.9409496736926471,"{'alpha': 0.2533981174301868, 'lambda': 0.9409496736926471}",0.9002446531449767,0.8989819272354195,0.8964483030781374,0.8985582944861777,0.0015785366614199429,171,319,random search for 2 group,10
0.5776228904724121,0.06481333093424119,0.06263009707132976,0.006086241650486938,0.6868280297919016,0.9579275669197632,"{'alpha': 0.6868280297919016, 'lambda': 0.9579275669197632}",0.900323573514324,0.8986662457580301,0.8994475138121547,0.8994791110281696,0.0006769700195185726,35,320,random search for 2 group,10
0.48303890228271484,0.03449617651842386,0.06418776512145996,0.00548689210149704,0.39841421619239914,0.5496562625028099,"{'alpha': 0.39841421619239914, 'lambda': 0.5496562625028099}",0.8992186883434614,0.8996922105595454,0.8956590370955012,0.8981899786661693,0.0018000564339085462,224,321,random search for 2 group,10
0.41126855214436847,0.014602252977936603,0.05074413617451986,0.010980134686927533,0.6068953464332946,0.167340308374599,"{'alpha': 0.6068953464332946, 'lambda': 0.167340308374599}",0.9011916975771447,0.8974824402178202,0.8963693764798737,0.8983478380916129,0.0020616143029625845,205,322,random search for 2 group,10
0.44717709223429364,0.03361848424215404,0.04825305938720703,0.0017457360135844226,0.692320751309283,0.7335192129500909,"{'alpha': 0.692320751309283, 'lambda': 0.7335192129500909}",0.8973245994791256,0.8986662457580301,0.8975532754538279,0.8978480402303278,0.0005860423133320684,243,323,random search for 2 group,10
0.4521800676981608,0.039830587802841946,0.046992222468058266,0.0016871489830028845,0.07223809596068542,0.914708554652176,"{'alpha': 0.07223809596068542, 'lambda': 0.914708554652176}",0.9000868124062821,0.9019809012706179,0.896527229676401,0.8995316477844336,0.0022607947396739757,33,324,random search for 2 group,10
0.4552004337310791,0.03976558215923302,0.04579488436381022,0.004260633891033735,0.09621177787792434,0.1949280243878453,"{'alpha': 0.09621177787792434, 'lambda': 0.1949280243878453}",0.8983505642806409,0.8999289716675875,0.8968429360694554,0.898374157339228,0.0012599792068508247,200,325,random search for 2 group,10
0.5921334425608317,0.06583031790707168,0.06481019655863444,0.0108487407062063,0.2607665600975043,0.8001490732914269,"{'alpha': 0.2607665600975043, 'lambda': 0.8001490732914269}",0.9020598216399652,0.9007181753610607,0.8968429360694554,0.8998736443568273,0.00221192197372665,13,326,random search for 2 group,10
0.6284001668294271,0.031630864418503185,0.07088343302408855,0.0019520509317829656,0.5900227601435317,0.9448242496425674,"{'alpha': 0.5900227601435317, 'lambda': 0.9448242496425674}",0.900323573514324,0.8993765290821562,0.8973954222573007,0.8990318416179269,0.0012200067027136408,87,327,random search for 2 group,10
0.6144798596700033,0.013760307124165098,0.07583983739217122,0.006693516835273838,0.26522660284098065,0.12373601138439783,"{'alpha': 0.26522660284098065, 'lambda': 0.12373601138439783}",0.8992976087128087,0.9006392549917134,0.8980268350434096,0.8993212329159772,0.0010666467937123787,53,328,random search for 2 group,10
0.5872926712036133,0.06973660868212946,0.047903855641682945,0.010277429004590064,0.1428262142221659,0.5882602836057469,"{'alpha': 0.1428262142221659, 'lambda': 0.5882602836057469}",0.9006392549917134,0.8995343698208508,0.8988950276243094,0.8996895508122912,0.0007204827698048849,24,329,random search for 2 group,10
0.5221317609151205,0.03339492073190246,0.047971089680989586,0.0003950055208227506,0.28545755307292786,0.5365350598068662,"{'alpha': 0.28545755307292786, 'lambda': 0.5365350598068662}",0.9014284586851866,0.9004814142530188,0.8981846882399369,0.9000315203927141,0.0013619385790173597,8,330,random search for 2 group,10
0.5176874796549479,0.033495124314572654,0.05252615610758463,0.00409850330405169,0.06155881049779788,0.8702257597174832,"{'alpha': 0.06155881049779788, 'lambda': 0.8702257597174832}",0.9015862994238814,0.900797095730408,0.8962904498816101,0.8995579483452998,0.0023328266509550135,31,331,random search for 2 group,10
0.5595775445302328,0.03374594773832217,0.05516552925109863,0.006437769628514513,0.736062594379662,0.7120789383102921,"{'alpha': 0.736062594379662, 'lambda': 0.7120789383102921}",0.8976402809565148,0.8986662457580301,0.8980268350434096,0.8981111205859849,0.0004230673571292374,227,332,random search for 2 group,10
0.5619807243347168,0.006378804069168295,0.05511887868245443,0.00955521165665269,0.5272471489499275,0.454635711091119,"{'alpha': 0.5272471489499275, 'lambda': 0.454635711091119}",0.901744140162576,0.9006392549917134,0.8976322020520916,0.9000051990687936,0.0017375325303728185,10,333,random search for 2 group,10
0.6323560873667399,0.005971858198450014,0.07659649848937988,0.007053145350963539,0.21048938776154758,0.43804188109882436,"{'alpha': 0.21048938776154758, 'lambda': 0.43804188109882436}",0.90221766237866,0.8988240864967249,0.8981057616416732,0.8997158368390193,0.001793199361001598,23,334,random search for 2 group,10
0.603929360707601,0.0201438047483299,0.07061513264973958,0.004889357892495201,0.3908661255048944,0.14971183320644843,"{'alpha': 0.3908661255048944, 'lambda': 0.14971183320644843}",0.9020598216399652,0.8986662457580301,0.89344909234412,0.898058386580705,0.0035414953843610282,235,335,random search for 2 group,10
0.6360851923624674,0.021549515986785044,0.07032012939453125,0.009169969857843368,0.46042131350190896,0.4066139890010162,"{'alpha': 0.46042131350190896, 'lambda': 0.4066139890010162}",0.8996132901901981,0.9000868124062821,0.8963693764798737,0.8986898263587847,0.001652154462650628,157,336,random search for 2 group,10
0.6386999289194742,0.03142310074534278,0.08406853675842285,0.019547185780752204,0.35095632056122916,0.22891304477856877,"{'alpha': 0.35095632056122916, 'lambda': 0.22891304477856877}",0.9007181753610607,0.9000868124062821,0.8986582478295185,0.8998210785322871,0.0008616984111403203,16,337,random search for 2 group,10
0.5830987294514974,0.017377806602911484,0.06524968147277832,0.006710185441612426,0.8277471777853681,0.10140498996922154,"{'alpha': 0.8277471777853681, 'lambda': 0.10140498996922154}",0.8995343698208508,0.8985084050193355,0.8986582478295185,0.8989003408899016,0.0004524803722456229,114,338,random search for 2 group,10
0.5982922712961832,0.03381370554398506,0.061319589614868164,0.007677302098120473,0.06582507105321067,0.010500664476743693,"{'alpha': 0.06582507105321067, 'lambda': 0.010500664476743693}",0.9008760160997553,0.9005603346223661,0.8977900552486188,0.89974213532358,0.001386332370702711,21,339,random search for 2 group,10
0.6341379483540853,0.008073948606641982,0.0727243423461914,0.005226239901792021,0.8899116377276756,0.5617844520247923,"{'alpha': 0.8899116377276756, 'lambda': 0.5617844520247923}",0.8979559624339042,0.8993765290821562,0.8970797158642463,0.8981374024601022,0.0009464065728925815,226,340,random search for 2 group,10
0.6243522961934408,0.016470383640025673,0.06340463956197102,0.007916121320174151,0.8230424187259867,0.2696973005597082,"{'alpha': 0.8230424187259867, 'lambda': 0.2696973005597082}",0.901744140162576,0.8991397679741141,0.8971586424625099,0.8993475168664,0.0018777765204291315,50,341,random search for 2 group,10
0.6057409445444742,0.01488161914554577,0.06721059481302898,0.005721539747625444,0.6347424181956418,0.7539526953906398,"{'alpha': 0.6347424181956418, 'lambda': 0.7539526953906398}",0.8985873253886828,0.9000078920369348,0.8964483030781374,0.8983478401679182,0.0014630295661449701,204,342,random search for 2 group,10
0.6082002321879069,0.01577057501067584,0.07496229807535808,0.012285649427503766,0.5501990957500696,0.32766235433745505,"{'alpha': 0.5501990957500696, 'lambda': 0.32766235433745505}",0.9002446531449767,0.8989819272354195,0.8970797158642463,0.8987687654148808,0.0013008421551802068,141,343,random search for 2 group,10
0.6162213484446207,0.01380592275363455,0.06922777493794759,0.008916677407619998,0.0989932741218601,0.8903314855278782,"{'alpha': 0.0989932741218601, 'lambda': 0.8903314855278782}",0.8997711309288927,0.8995343698208508,0.8972375690607735,0.8988476899368388,0.0011426229714205317,124,344,random search for 2 group,10
0.6187000274658203,0.019311160748276587,0.07603128751118977,0.019047889355421704,0.5503857036256828,0.11978103189681999,"{'alpha': 0.5503857036256828, 'lambda': 0.11978103189681999}",0.9020598216399652,0.8989030068660722,0.8972375690607735,0.8994001325222701,0.0019998133951143614,43,345,random search for 2 group,10
0.5471828778584799,0.055371799812971,0.0637816588083903,0.006696579554181608,0.6372001591979243,0.7893936827192172,"{'alpha': 0.6372001591979243, 'lambda': 0.7893936827192172}",0.8990608476047668,0.8987451661273774,0.896527229676401,0.8981110811361818,0.001127342829778327,230,346,random search for 2 group,10
0.5253616174062093,0.02860118432997157,0.058928489685058594,0.0032974903444614304,0.15733628222493312,0.44390438108055197,"{'alpha': 0.15733628222493312, 'lambda': 0.44390438108055197}",0.9006392549917134,0.8995343698208508,0.8976322020520916,0.8992686089548853,0.0012419241720897068,61,347,random search for 2 group,10
0.5892756779988607,0.013103478155472826,0.07574653625488281,0.032514373728281434,0.9717738450063343,0.19414270109192122,"{'alpha': 0.9717738450063343, 'lambda': 0.19414270109192122}",0.9009549364691026,0.8969299976323889,0.898973954222573,0.8989529627746883,0.0016432414390435443,99,348,random search for 2 group,10
0.6210892995198568,0.0038699000090311746,0.07062609990437825,0.006402138559194396,0.9270463915117508,0.9548226785991404,"{'alpha': 0.9270463915117508, 'lambda': 0.9548226785991404}",0.8981927235419461,0.8970878383710835,0.8952644041041831,0.8968483220057376,0.0012074186651272881,261,349,random search for 2 group,10
0.5586997667948405,0.05034066806888697,0.07808995246887207,0.02546895127680733,0.35838871503960534,0.3021109976553169,"{'alpha': 0.35838871503960534, 'lambda': 0.3021109976553169}",0.9015073790545339,0.9011916975771447,0.8983425414364641,0.9003472060227141,0.0014233584173392578,1,350,random search for 2 group,10
0.5655298233032227,0.0039046870638631916,0.06852610905965169,0.0038136868943515205,0.4376817982025425,0.22690639658784273,"{'alpha': 0.4376817982025425, 'lambda': 0.22690639658784273}",0.89985005129824,0.8990608476047668,0.8958168902920284,0.8982425963983451,0.0017452312555674863,220,351,random search for 2 group,10
0.5091164906819662,0.019291042867022705,0.05757856369018555,0.001583947139980357,0.12195844122143795,0.574305934294541,"{'alpha': 0.12195844122143795, 'lambda': 0.574305934294541}",0.9024544234867019,0.900323573514324,0.8978689818468824,0.9002156596159695,0.0018735532756665562,4,352,random search for 2 group,10
0.46777113278706867,0.01168718403850437,0.05465777715047201,0.002077170724009535,0.03627213406607899,0.4526157082483565,"{'alpha': 0.03627213406607899, 'lambda': 0.4526157082483565}",0.8993765290821562,0.8974035198484729,0.8973954222573007,0.8980584903959765,0.00093199995581014,232,353,random search for 2 group,10
0.5191364288330078,0.04286883592983171,0.06027674674987793,0.00539137603526234,0.8071659987660278,0.4303594235604713,"{'alpha': 0.8071659987660278, 'lambda': 0.4303594235604713}",0.8987451661273774,0.8968510772630416,0.8958958168902921,0.8971640200935704,0.0011841023829900976,259,354,random search for 2 group,10
0.5969555377960205,0.03869306847132653,0.06239819526672363,0.012933302554659493,0.19981195058064727,0.29301219071129625,"{'alpha': 0.19981195058064727, 'lambda': 0.29301219071129625}",0.9000078920369348,0.8991397679741141,0.8987371744277821,0.8992949448129437,0.0005302456657276937,56,355,random search for 2 group,10
0.6261858145395914,0.011108876670444915,0.07619714736938477,0.014886104029715332,0.6812798917568708,0.5359879976121148,"{'alpha': 0.6812798917568708, 'lambda': 0.5359879976121148}",0.9013495383158393,0.8985084050193355,0.8977111286503552,0.8991896906618434,0.0015615417207549631,69,356,random search for 2 group,10
0.6151141325632731,0.02245126045882616,0.0675050417582194,0.018372925913920073,0.3007528428466897,0.7236795848954662,"{'alpha': 0.3007528428466897, 'lambda': 0.7236795848954662}",0.8995343698208508,0.9008760160997553,0.8957379636937648,0.8987161165381236,0.0021759364968822912,152,357,random search for 2 group,10
0.5999035835266113,0.03327000896699559,0.05792355537414551,0.00730711623854681,0.8600109947983617,0.8193844968344999,"{'alpha': 0.8600109947983617, 'lambda': 0.8193844968344999}",0.8991397679741141,0.8997711309288927,0.8981057616416732,0.8990055535148933,0.0006864759556369206,89,358,random search for 2 group,10
0.4574302037556966,0.030958303866085918,0.05666359265645345,0.017279052296723933,0.5886938164782496,0.5809250049165765,"{'alpha': 0.5886938164782496, 'lambda': 0.5809250049165765}",0.9006392549917134,0.8978770420645569,0.8981057616416732,0.8988740195659811,0.0012516975786065058,119,359,random search for 2 group,10
0.45455320676167804,0.055188330903198475,0.061610778172810875,0.013935508943192234,0.9128484339712224,0.18627584474047476,"{'alpha': 0.9128484339712224, 'lambda': 0.18627584474047476}",0.9002446531449767,0.8964564754163049,0.8959747434885557,0.8975586240166123,0.0019094642828760952,251,360,random search for 2 group,10
0.5676422119140625,0.026884409047084494,0.056751410166422524,0.0014142722744071084,0.03637430087427396,0.22736419421323362,"{'alpha': 0.03637430087427396, 'lambda': 0.22736419421323362}",0.9009549364691026,0.8980348828032515,0.8970007892659826,0.8986635361794456,0.0016743603408537172,161,361,random search for 2 group,10
0.5671865940093994,0.01581706485999256,0.08189733823140462,0.0143577024808767,0.06295780575878795,0.8931664021637655,"{'alpha': 0.06295780575878795, 'lambda': 0.8931664021637655}",0.8986662457580301,0.8989819272354195,0.8977111286503552,0.8984531005479349,0.0005402502021534365,186,362,random search for 2 group,10
0.6158568064371744,0.010355914538345947,0.06334686279296875,0.0038002269045643135,0.3438917085832872,0.33183925024659366,"{'alpha': 0.3438917085832872, 'lambda': 0.33183925024659366}",0.8992976087128087,0.9001657327756294,0.8956590370955012,0.8983741261946464,0.0019522963332675733,201,363,random search for 2 group,10
0.5960871378580729,0.018016011522236978,0.06928284962972005,0.0032941841070808172,0.25977128360277835,0.6584230125399276,"{'alpha': 0.25977128360277835, 'lambda': 0.6584230125399276}",0.9000868124062821,0.8994554494515035,0.8971586424625099,0.8989003014400985,0.0012582227653395144,116,364,random search for 2 group,10
0.6248918374379476,0.01088857085438471,0.06843201319376628,0.004457465934830441,0.17009538225990017,0.7264995836458865,"{'alpha': 0.17009538225990017, 'lambda': 0.7264995836458865}",0.8977981216952096,0.8994554494515035,0.8977111286503552,0.8983215665990226,0.0008025624336360101,207,365,random search for 2 group,10
0.6280461152394613,0.011996331135539634,0.07074427604675293,0.002542792257886972,0.07800240493187172,0.48774098499444396,"{'alpha': 0.07800240493187172, 'lambda': 0.48774098499444396}",0.8992186883434614,0.8994554494515035,0.8990528808208367,0.8992423395386006,0.00016519667041209655,63,366,random search for 2 group,10
0.5962148507436117,0.03548674965686866,0.06528846422831218,0.008481860571776028,0.22979648114832896,0.417986511676533,"{'alpha': 0.22979648114832896, 'lambda': 0.417986511676533}",0.9019809012706179,0.89985005129824,0.898973954222573,0.9002683022638104,0.0012627042514874963,3,367,random search for 2 group,10
0.5788114865620931,0.007721697814605994,0.06148306528727213,0.00252356732406648,0.7306037651519697,0.26767908926747297,"{'alpha': 0.7306037651519697, 'lambda': 0.26767908926747297}",0.9019019809012706,0.8983505642806409,0.8975532754538279,0.8992686068785799,0.0018903106315942362,62,368,random search for 2 group,10
0.6493295033772787,0.12907547447416323,0.059000651041666664,0.005438851854059946,0.15698909995669508,0.25957606913030695,"{'alpha': 0.15698909995669508, 'lambda': 0.25957606913030695}",0.8987451661273774,0.8985873253886828,0.8980268350434096,0.8984531088531567,0.0003082319963437435,185,369,random search for 2 group,10
0.536426862080892,0.017866296617804544,0.07003951072692871,0.018190704496549005,0.0319719428594365,0.7966893981499247,"{'alpha': 0.0319719428594365, 'lambda': 0.7966893981499247}",0.9018230605319233,0.8991397679741141,0.8962115232833465,0.8990581172631279,0.00229162790784114,84,370,random search for 2 group,10
0.5839521090189616,0.043244251463714266,0.06395665804545085,0.0037936806014473253,0.3012993207484477,0.14863242797859633,"{'alpha': 0.3012993207484477, 'lambda': 0.14863242797859633}",0.8984294846499882,0.8984294846499882,0.9,0.8989529897666588,0.0007403480359672943,98,371,random search for 2 group,10
0.5236018498738607,0.035361806927386316,0.06448149681091309,0.0016104814239252135,0.8579240530429343,0.2158583189969806,"{'alpha': 0.8579240530429343, 'lambda': 0.2158583189969806}",0.9019809012706179,0.8981138031725988,0.8977900552486188,0.8992949198972785,0.001903868891321928,59,372,random search for 2 group,10
0.5265967845916748,0.049064473675623194,0.06184156735738119,0.004828795070569142,0.7821362585086996,0.3097305360734387,"{'alpha': 0.7821362585086996, 'lambda': 0.3097305360734387}",0.9004024938836713,0.8989819272354195,0.8973954222573007,0.8989266144587972,0.0012282547425714867,109,373,random search for 2 group,10
0.5758113861083984,0.029053503436394137,0.058765252431233726,0.003271250316769505,0.978780072993414,0.4436895622962739,"{'alpha': 0.978780072993414, 'lambda': 0.4436895622962739}",0.9009549364691026,0.8985873253886828,0.8992107340173638,0.899584331958383,0.001002023660127196,30,374,random search for 2 group,10
0.5288855234781901,0.018895055340129665,0.058045546213785805,0.007005475696391179,0.1082927328671438,0.40294490032074326,"{'alpha': 0.1082927328671438, 'lambda': 0.40294490032074326}",0.8992186883434614,0.8997711309288927,0.8990528808208367,0.8993475666977302,0.00030705919850512476,45,375,random search for 2 group,10
0.5290536880493164,0.030978593874323494,0.05797108014424642,0.005960091672470712,0.2741738945440314,0.4123353044054786,"{'alpha': 0.2741738945440314, 'lambda': 0.4123353044054786}",0.9000078920369348,0.9008760160997553,0.8976322020520916,0.8995053700629273,0.001371125728425477,34,376,random search for 2 group,10
0.4499550660451253,0.0579352329602159,0.05038801829020182,0.005179159443349831,0.45213347352547584,0.43020719894679504,"{'alpha': 0.45213347352547584, 'lambda': 0.43020719894679504}",0.9000078920369348,0.8993765290821562,0.8954222573007103,0.8982688928066005,0.002029311060879567,215,377,random search for 2 group,10
0.4407203992207845,0.016964895719761862,0.05421074231465658,0.0056798191915979875,0.8119484885977459,0.757429783969442,"{'alpha': 0.8119484885977459, 'lambda': 0.757429783969442}",0.900323573514324,0.8985084050193355,0.898579321231255,0.8991370999216381,0.0008394629103912935,76,378,random search for 2 group,10
0.4716641902923584,0.023128714330643993,0.07528456052144368,0.016879703076342664,0.6607132440084034,0.9993497104645593,"{'alpha': 0.6607132440084034, 'lambda': 0.9993497104645593}",0.8981138031725988,0.8986662457580301,0.8997632202052092,0.8988477563786127,0.0006854943305889964,121,379,random search for 2 group,10
0.44356807072957355,0.03693222391095662,0.060254414876302086,0.009099882647413047,0.5596888005684111,0.8543465309650154,"{'alpha': 0.5596888005684111, 'lambda': 0.8543465309650154}",0.8997711309288927,0.8987451661273774,0.8958168902920284,0.8981110624494328,0.0016754243958560584,231,380,random search for 2 group,10
0.3769104480743408,0.037745441231695376,0.0940245787302653,0.06695636724077145,0.5324536167762531,0.30773324453781925,"{'alpha': 0.5324536167762531, 'lambda': 0.30773324453781925}",0.8996922105595454,0.9001657327756294,0.896921862667719,0.8989266020009645,0.0014306853061797026,110,381,random search for 2 group,10
0.37400658925374347,0.011494862235119445,0.047464211781819664,0.003714303377481967,0.1839781236258865,0.052804550198307876,"{'alpha': 0.1839781236258865, 'lambda': 0.052804550198307876}",0.9004024938836713,0.8983505642806409,0.8961325966850828,0.8982952182831316,0.001743617485996417,213,382,random search for 2 group,10
0.494689146677653,0.03293883580531609,0.047931671142578125,0.0018825271730914634,0.8717717642538744,0.4155850189092727,"{'alpha': 0.8717717642538744, 'lambda': 0.4155850189092727}",0.8988240864967249,0.8985873253886828,0.8973164956590371,0.8982426358481482,0.0006619746686922928,217,383,random search for 2 group,10
0.5677611827850342,0.024439516433795244,0.06100241343180338,0.01147930938587615,0.6825184215069042,0.10954223339254687,"{'alpha': 0.6825184215069042, 'lambda': 0.10954223339254687}",0.8999289716675875,0.9000078920369348,0.8966061562746646,0.8988476733263956,0.0015853193423987107,127,384,random search for 2 group,10
0.6657321453094482,0.0711357955013739,0.07779836654663086,0.0074447762755712275,0.10593650129256038,0.21739168626025618,"{'alpha': 0.10593650129256038, 'lambda': 0.21739168626025618}",0.8991397679741141,0.8984294846499882,0.8971586424625099,0.8982426316955374,0.0008195120878191382,218,385,random search for 2 group,10
0.6024295488993326,0.014943740783459114,0.0648051102956136,0.009235484625950481,0.48134334854636207,0.29386156904227523,"{'alpha': 0.48134334854636207, 'lambda': 0.29386156904227523}",0.8991397679741141,0.9023755031173546,0.8961325966850828,0.8992159559255172,0.0025492251938552227,67,386,random search for 2 group,10
0.6856610774993896,0.11938143481777894,0.07961511611938477,0.023272482525437267,0.8289329173173287,0.40450008215990874,"{'alpha': 0.8289329173173287, 'lambda': 0.40450008215990874}",0.9013495383158393,0.8992976087128087,0.8977111286503552,0.8994527585596677,0.0014894204308404325,37,387,random search for 2 group,10
0.6070723533630371,0.12835137108116565,0.06905182202657063,0.008275100228300789,0.776911675871097,0.37936291568063774,"{'alpha': 0.776911675871097, 'lambda': 0.37936291568063774}",0.8991397679741141,0.8973245994791256,0.8961325966850828,0.8975323213794408,0.001236427941368856,252,388,random search for 2 group,10
0.845067580540975,0.06499221367739615,0.0658584435780843,0.006462408502473047,0.06116891122497692,0.8793340930480567,"{'alpha': 0.06116891122497692, 'lambda': 0.8793340930480567}",0.9013495383158393,0.8989030068660722,0.8962904498816101,0.898847665021174,0.0020657348952508353,129,389,random search for 2 group,10
0.7647888660430908,0.1497552143435483,0.05649073918660482,0.008910949060094476,0.6884825459294687,0.7500617842524431,"{'alpha': 0.6884825459294687, 'lambda': 0.7500617842524431}",0.8973245994791256,0.8991397679741141,0.8975532754538279,0.8980058809690226,0.0008071959615806528,238,390,random search for 2 group,10
0.7199853261311849,0.11117012072648975,0.06854796409606934,0.009041888443012245,0.18792735634061575,0.45795858072151574,"{'alpha': 0.18792735634061575, 'lambda': 0.45795858072151574}",0.9022965827480073,0.8992186883434614,0.8978689818468824,0.8997947509794503,0.0018528893752456747,17,391,random search for 2 group,10
0.8040063381195068,0.1192506879874803,0.06977637608846028,0.008006930904902333,0.5400358024238184,0.07820023623202965,"{'alpha': 0.5400358024238184, 'lambda': 0.07820023623202965}",0.8987451661273774,0.89985005129824,0.8978689818468824,0.8988213997574999,0.0008105626513095259,132,392,random search for 2 group,10
0.7880411942799886,0.1239842093731835,0.08702294031778972,0.01268150564724504,0.4440770657086388,0.8488374262319275,"{'alpha': 0.4440770657086388, 'lambda': 0.8488374262319275}",0.8983505642806409,0.8990608476047668,0.8976322020520916,0.8983478713124997,0.0005832452130694867,202,393,random search for 2 group,10
0.75599471728007,0.23896993159553673,0.053078254063924156,0.012583325242511899,0.9392001742847998,0.43916693345390534,"{'alpha': 0.9392001742847998, 'lambda': 0.43916693345390534}",0.901270617946492,0.8970878383710835,0.8975532754538279,0.8986372439238012,0.0018717464174821065,163,394,random search for 2 group,10
0.6658214728037516,0.14814045231483472,0.04791712760925293,0.003590147988085894,0.5975162977117213,0.7688845153624798,"{'alpha': 0.5975162977117213, 'lambda': 0.7688845153624798}",0.8996922105595454,0.8989030068660722,0.8973164956590371,0.898637237694885,0.000987920462854308,164,395,random search for 2 group,10
0.6616255442301432,0.15535384196481167,0.05459348360697428,0.013013885674064776,0.7840927223004037,0.8575082685636674,"{'alpha': 0.7840927223004037, 'lambda': 0.8575082685636674}",0.8988240864967249,0.8990608476047668,0.8970007892659826,0.8982952411224914,0.0009204050420637857,211,396,random search for 2 group,10
0.6889906724294027,0.07167076474984699,0.054038445154825844,0.01046764226475847,0.4269819369084965,0.24290611792673933,"{'alpha': 0.4269819369084965, 'lambda': 0.24290611792673933}",0.901744140162576,0.89985005129824,0.8966850828729281,0.8994264247779147,0.0020869610660043366,40,397,random search for 2 group,10
0.806555430094401,0.1929658766387378,0.05627973874409994,0.008431554119202522,0.14612860218891466,0.9520922196845494,"{'alpha': 0.14612860218891466, 'lambda': 0.9520922196845494}",0.9002446531449767,0.901270617946492,0.8964483030781374,0.8993211913898685,0.002074169132005849,55,398,random search for 2 group,10
1.078489621480306,0.5893504758329859,0.07847976684570312,0.009746252663532165,0.6220406836709566,0.46074908313206453,"{'alpha': 0.6220406836709566, 'lambda': 0.46074908313206453}",0.8987451661273774,0.8994554494515035,0.898579321231255,0.8989266456033785,0.0003800011094161064,104,399,random search for 2 group,10
0.6183395385742188,0.0327453284312144,0.08138481775919597,0.012314396612606296,0.06008976563125412,0.6858629038361815,"{'alpha': 0.06008976563125412, 'lambda': 0.6858629038361815}",0.9006392549917134,0.9009549364691026,0.897947908445146,0.8998473666353206,0.0013492886424477644,14,400,random search for 2 group,10
0.5580289363861084,0.009718181047096097,0.06209731101989746,0.002998551010702672,0.6752016666456613,0.5879460141539196,"{'alpha': 0.6752016666456613, 'lambda': 0.5879460141539196}",0.8993765290821562,0.9004024938836713,0.8964483030781374,0.8987424420146549,0.0016754016510519677,148,401,random search for 2 group,10
0.565035899480184,0.00776215156894963,0.06942335764567058,0.004680617325392047,0.2107336294091693,0.7297664799459954,"{'alpha': 0.2107336294091693, 'lambda': 0.7297664799459954}",0.8981927235419461,0.8994554494515035,0.8985003946329914,0.8987161892088137,0.0005376148899739745,150,402,random search for 2 group,10
0.48626891771952313,0.0049200877057444595,0.05354388554890951,0.0087005131149419,0.11877838888338832,0.7244424349938964,"{'alpha': 0.11877838888338832, 'lambda': 0.7244424349938964}",0.8989030068660722,0.9000868124062821,0.8963693764798737,0.8984530652507425,0.0015506274127251298,187,403,random search for 2 group,10
0.4460413455963135,0.01823478329212574,0.06959470113118489,0.022865969330417634,0.49255413439678986,0.2368005085365874,"{'alpha': 0.49255413439678986, 'lambda': 0.2368005085365874}",0.8993765290821562,0.9006392549917134,0.8974743488555643,0.8991633776431446,0.001300828675530335,70,404,random search for 2 group,10
0.519560972849528,0.029124767297375318,0.0582273006439209,0.00026048063582016334,0.3000055975857131,0.3769899790485667,"{'alpha': 0.3000055975857131, 'lambda': 0.3769899790485667}",0.900323573514324,0.9004024938836713,0.8975532754538279,0.8994264476172744,0.0013249245441678671,39,405,random search for 2 group,10
0.488542636235555,0.034865144091349436,0.06274072329203288,0.0116616218923201,0.8542515945870618,0.16475321408587762,"{'alpha': 0.8542515945870618, 'lambda': 0.16475321408587762}",0.9000868124062821,0.8981927235419461,0.8975532754538279,0.8986109371340186,0.0010757568897628565,166,406,random search for 2 group,10
0.48232102394104004,0.011270599250454769,0.06598925590515137,0.0037010478219090407,0.20040545170946233,0.2777688537894304,"{'alpha': 0.20040545170946233, 'lambda': 0.2777688537894304}",0.8997711309288927,0.8968510772630416,0.898973954222573,0.8985320541381691,0.0012323784906458396,173,407,random search for 2 group,10
0.49097315470377606,0.03157617424757157,0.07546289761861165,0.01909695449160009,0.8343364695947262,0.12303005485371576,"{'alpha': 0.8343364695947262, 'lambda': 0.12303005485371576}",0.8997711309288927,0.8974824402178202,0.8977111286503552,0.8983215665990226,0.0010292399006443082,207,408,random search for 2 group,10
0.5021327336629232,0.0484539681763499,0.0634466012318929,0.012693935932593325,0.7570122898557622,0.9173995778509787,"{'alpha': 0.7570122898557622, 'lambda': 0.9173995778509787}",0.900323573514324,0.8992976087128087,0.8981846882399369,0.8992686234890233,0.0008734367604071938,60,409,random search for 2 group,10
0.463929017384847,0.04433224324368371,0.060322841008504234,0.0004486267496925308,0.9665855260521277,0.3301155737689203,"{'alpha': 0.9665855260521277, 'lambda': 0.3301155737689203}",0.9000078920369348,0.9005603346223661,0.8977900552486188,0.8994527606359731,0.0011971466371898899,36,410,random search for 2 group,10
0.5536595185597738,0.012721529071436751,0.06432660420735677,0.00949239354037106,0.5082026167983392,0.5453241529764027,"{'alpha': 0.5082026167983392, 'lambda': 0.5453241529764027}",0.9000868124062821,0.8989030068660722,0.8972375690607735,0.8987424627777093,0.0011687251498142485,146,411,random search for 2 group,10
0.6706933975219727,0.05794976295796784,0.06585399309794109,0.011303649288627388,0.8284690119440773,0.14484248497400842,"{'alpha': 0.8284690119440773, 'lambda': 0.14484248497400842}",0.9002446531449767,0.8973245994791256,0.8950276243093923,0.8975322923111649,0.002134900419565299,254,412,random search for 2 group,10
0.6053351561228434,0.0019195304947280559,0.08174451192220052,0.008384486365064905,0.8225675216605398,0.8943744262713997,"{'alpha': 0.8225675216605398, 'lambda': 0.8943744262713997}",0.8987451661273774,0.8972456791097783,0.8977111286503552,0.8979006579625036,0.0006266611785804223,242,413,random search for 2 group,10
0.651871124903361,0.01413443785629321,0.07489530245463054,0.008292515349792067,0.5432175667399435,0.5577377514387594,"{'alpha': 0.5432175667399435, 'lambda': 0.5577377514387594}",0.90103385683845,0.8972456791097783,0.8981057616416732,0.8987950991966338,0.0016215141739560524,137,414,random search for 2 group,10
0.6488963762919108,0.024977606673836993,0.0778360366821289,0.008783484170661568,0.84062253302234,0.15073543363087372,"{'alpha': 0.84062253302234, 'lambda': 0.15073543363087372}",0.8974824402178202,0.8981927235419461,0.8967640094711918,0.8974797244103194,0.0005832732382572276,256,415,random search for 2 group,10
0.4813065528869629,0.061107385840374694,0.05609464645385742,0.0008638936802533864,0.6420370364771804,0.5047975903782187,"{'alpha': 0.6420370364771804, 'lambda': 0.5047975903782187}",0.90103385683845,0.8983505642806409,0.8976322020520916,0.8990055410570609,0.0014639125098233553,90,416,random search for 2 group,10
0.3835405508677165,0.028471704580823508,0.04809943834940592,0.005685527173907898,0.37259180040910245,0.40718640123199135,"{'alpha': 0.37259180040910245, 'lambda': 0.40718640123199135}",0.9021387420093127,0.8999289716675875,0.8974743488555643,0.8998473541774882,0.0019051048849868558,15,417,random search for 2 group,10
0.4370059172312419,0.04309102441251679,0.04839444160461426,0.006279326142619983,0.6682912540104053,0.07031199279214662,"{'alpha': 0.6682912540104053, 'lambda': 0.07031199279214662}",0.8994554494515035,0.9014284586851866,0.8988161010260458,0.8999000030542453,0.0011118525274216803,12,418,random search for 2 group,10
0.42198435465494794,0.007036361741942502,0.04973610242207845,0.002667496109528255,0.3775723412791552,0.07309210560877677,"{'alpha': 0.3775723412791552, 'lambda': 0.07309210560877677}",0.9004024938836713,0.8987451661273774,0.8977900552486188,0.8989792384198892,0.0010792902865834567,97,419,random search for 2 group,10
0.4649809996287028,0.04166431165942824,0.06440456708272298,0.013851183140886018,0.1668151325712024,0.8874059719437843,"{'alpha': 0.1668151325712024, 'lambda': 0.8874059719437843}",0.8997711309288927,0.9000078920369348,0.8958168902920284,0.898531971085952,0.0019222836668434803,177,420,random search for 2 group,10
0.5631672541300455,0.02820552332340229,0.0629102389017741,0.004596416316479915,0.7615051792291126,0.4094998024981883,"{'alpha': 0.7615051792291126, 'lambda': 0.4094998024981883}",0.9004814142530188,0.8992976087128087,0.8981057616416732,0.8992949282025003,0.0009698579694298374,57,421,random search for 2 group,10
0.43166613578796387,0.041149313405526376,0.056891838709513344,0.004594462062821107,0.5302783539519402,0.41176793954448676,"{'alpha': 0.5302783539519402, 'lambda': 0.41176793954448676}",0.9011127772077974,0.8982716439112935,0.8976322020520916,0.8990055410570609,0.0015127358480697783,90,422,random search for 2 group,10
0.532922108968099,0.033240553757846215,0.055678606033325195,0.002419634314741084,0.13601453238480765,0.7041610769703308,"{'alpha': 0.13601453238480765, 'lambda': 0.7041610769703308}",0.8995343698208508,0.9000868124062821,0.8966061562746646,0.8987424461672658,0.0015273286224586576,147,423,random search for 2 group,10
0.5506998697916666,0.04041424130628747,0.06011756261189779,0.002390292107192718,0.13160828021364757,0.9895262923234819,"{'alpha': 0.13160828021364757, 'lambda': 0.9895262923234819}",0.9007181753610607,0.8989030068660722,0.8966850828729281,0.8987687550333536,0.0016492374844957912,142,424,random search for 2 group,10
0.4793996016184489,0.03144271812101819,0.06203873952229818,0.011664741473391093,0.9346184513024905,0.5381464663959185,"{'alpha': 0.9346184513024905, 'lambda': 0.5381464663959185}",0.8995343698208508,0.8993765290821562,0.896921862667719,0.8986109205235753,0.001196081311344214,167,425,random search for 2 group,10
0.4457145531972249,0.03022570880285199,0.06213982899983724,0.0088532940425221,0.6362656300159313,0.23318248018075527,"{'alpha': 0.6362656300159313, 'lambda': 0.23318248018075527}",0.8992186883434614,0.8990608476047668,0.8967640094711918,0.89834784847314,0.0011217955585480102,203,426,random search for 2 group,10
0.3813803195953369,0.029275586475332373,0.04833547274271647,0.00783790801971648,0.5077789209303791,0.07493617109279216,"{'alpha': 0.5077789209303791, 'lambda': 0.07493617109279216}",0.8994554494515035,0.8992186883434614,0.8977111286503552,0.8987950888151067,0.0007725460869300527,138,427,random search for 2 group,10
0.4212329387664795,0.05072695510172482,0.05237841606140137,0.008059340507145405,0.3703049585824977,0.05198122306512054,"{'alpha': 0.3703049585824977, 'lambda': 0.05198122306512054}",0.9000868124062821,0.8981138031725988,0.898973954222573,0.8990581899338178,0.000807676957013783,82,428,random search for 2 group,10
0.433652400970459,0.03376934530437262,0.04754336675008138,0.0015045077113832355,0.21961037116003523,0.7969160065049556,"{'alpha': 0.21961037116003523, 'lambda': 0.7969160065049556}",0.9002446531449767,0.8999289716675875,0.8978689818468824,0.8993475355531487,0.0010534085929424317,46,429,random search for 2 group,10
0.5414490699768066,0.04363438116167285,0.06999770800272624,0.02527635605899743,0.20933668110777093,0.7154940035803382,"{'alpha': 0.20933668110777093, 'lambda': 0.7154940035803382}",0.8995343698208508,0.9001657327756294,0.8970007892659826,0.8989002972874877,0.0013676629306931009,118,430,random search for 2 group,10
0.521756649017334,0.043218086738714266,0.0673378308614095,0.00963740386775479,0.3919966894941024,0.3890466739645645,"{'alpha': 0.3919966894941024, 'lambda': 0.3890466739645645}",0.8988240864967249,0.8989819272354195,0.8963693764798737,0.898058463404006,0.0011961018358690556,234,431,random search for 2 group,10
0.46158909797668457,0.01748457025066288,0.07189687093098958,0.012263599731991924,0.7526937323740677,0.636436103146309,"{'alpha': 0.7526937323740677, 'lambda': 0.636436103146309}",0.9008760160997553,0.8989030068660722,0.8966061562746646,0.8987950597468307,0.0017448333572570621,140,432,random search for 2 group,10
0.46454858779907227,0.029794662992411517,0.04856769243876139,0.001529875061563099,0.9011065927440595,0.2187467572208942,"{'alpha': 0.9011065927440595, 'lambda': 0.2187467572208942}",0.9001657327756294,0.8980348828032515,0.8966850828729281,0.8982952328172696,0.0014328450797028507,212,433,random search for 2 group,10
0.5259232521057129,0.02688800347671465,0.060454368591308594,0.00946502340231279,0.5959236878891913,0.20423376640213775,"{'alpha': 0.5959236878891913, 'lambda': 0.20423376640213775}",0.8995343698208508,0.8979559624339042,0.8976322020520916,0.8983741781022823,0.0008309588092816676,197,434,random search for 2 group,10
0.5127059618631998,0.09583550222681542,0.057977755864461265,0.008307123326061542,0.8147104338832161,0.05677444228216333,"{'alpha': 0.8147104338832161, 'lambda': 0.05677444228216333}",0.8990608476047668,0.8973245994791256,0.8971586424625099,0.8978480298488009,0.0008602637637108285,244,435,random search for 2 group,10
0.48675958315531415,0.050325377502188406,0.06267984708150227,0.005985132265319865,0.4492625345723654,0.04870718506530003,"{'alpha': 0.4492625345723654, 'lambda': 0.04870718506530003}",0.9020598216399652,0.8983505642806409,0.8952644041041831,0.8985582633415964,0.0027781023554872006,172,436,random search for 2 group,10
0.52137557665507,0.05632562206201007,0.06523942947387695,0.0023011771050702096,0.03849068193291816,0.6895001833298813,"{'alpha': 0.03849068193291816, 'lambda': 0.6895001833298813}",0.900323573514324,0.9004024938836713,0.8973164956590371,0.8993475210190107,0.0014365131663897472,48,437,random search for 2 group,10
0.5112755298614502,0.011412209029043885,0.06148648262023926,0.005368800570061702,0.7283110972467518,0.26436856138121123,"{'alpha': 0.7283110972467518, 'lambda': 0.26436856138121123}",0.9019019809012706,0.8986662457580301,0.8975532754538279,0.8993738340377097,0.001844509085061068,44,438,random search for 2 group,10
0.5623785654703776,0.018026612609466284,0.06785853703816731,0.004554690433291713,0.4240288404325149,0.2660976952330294,"{'alpha': 0.4240288404325149, 'lambda': 0.2660976952330294}",0.8979559624339042,0.8990608476047668,0.8986582478295185,0.8985583526227298,0.0004565647814221163,169,439,random search for 2 group,10
0.5568815072377523,0.020920463727592445,0.07834291458129883,0.023176912349737063,0.1216521012313162,0.5890632951389152,"{'alpha': 0.1216521012313162, 'lambda': 0.5890632951389152}",0.9008760160997553,0.900323573514324,0.8981057616416732,0.8997684504185841,0.0011971351021497862,20,440,random search for 2 group,10
0.5312429269154867,0.019571960076927363,0.05837678909301758,8.12348698404909e-05,0.07223766064683734,0.39536768642541575,"{'alpha': 0.07223766064683734, 'lambda': 0.39536768642541575}",0.901270617946492,0.9000078920369348,0.8960536700868192,0.8991107266900821,0.002222283433367745,80,441,random search for 2 group,10
0.5749901135762533,0.02074267950780212,0.06102625528971354,0.007158984248830291,0.16716804042511257,0.2949372707489978,"{'alpha': 0.16716804042511257, 'lambda': 0.2949372707489978}",0.8992976087128087,0.8992976087128087,0.8976322020520916,0.8987424731592363,0.00078508022881755,144,442,random search for 2 group,10
0.5038460890452067,0.016837592849259102,0.06052486101786295,0.0048896925726966784,0.7941806695839208,0.10448348746893654,"{'alpha': 0.7941806695839208, 'lambda': 0.10448348746893654}",0.9032436271801753,0.8968510772630416,0.8966850828729281,0.8989265957720484,0.003053354294155098,112,443,random search for 2 group,10
0.530225912729899,0.02658101640816693,0.06370894114176433,0.009889083553192821,0.4518945142201568,0.05701166812347125,"{'alpha': 0.4518945142201568, 'lambda': 0.05701166812347125}",0.9004024938836713,0.8983505642806409,0.8952644041041831,0.8980058207561651,0.002111733524661895,239,444,random search for 2 group,10
0.49500075976053876,0.029694643182895074,0.06374526023864746,0.0021393934619371607,0.58954334065829,0.03541780082103174,"{'alpha': 0.58954334065829, 'lambda': 0.03541780082103174}",0.8977981216952096,0.8992186883434614,0.8971586424625099,0.8980584841670604,0.0008609253627996328,233,445,random search for 2 group,10
0.3724689483642578,0.03433492834770818,0.05252854029337565,0.004746005634372769,0.47963045152398187,0.6370683299445811,"{'alpha': 0.47963045152398187, 'lambda': 0.6370683299445811}",0.8988240864967249,0.8967721568936943,0.8985003946329914,0.8980322126744702,0.000900740263583928,236,446,random search for 2 group,10
0.3882467746734619,0.03830975265558035,0.04891824722290039,0.0030541152404498437,0.7425946455136487,0.12953991172965063,"{'alpha': 0.7425946455136487, 'lambda': 0.12953991172965063}",0.9014284586851866,0.8997711309288927,0.8977111286503552,0.8996369060881447,0.0015205586424886332,28,447,random search for 2 group,10
0.4380351702372233,0.009394177345894152,0.05294330914815267,0.0019782000118359453,0.5828538306532601,0.9259217840257687,"{'alpha': 0.5828538306532601, 'lambda': 0.9259217840257687}",0.8992976087128087,0.8989030068660722,0.8977111286503552,0.8986372480764121,0.0006743888827928418,162,448,random search for 2 group,10
0.5499313672383627,0.05160571092758881,0.05411394437154134,0.01203811166775314,0.7657066518830643,0.8845995089167932,"{'alpha': 0.7657066518830643, 'lambda': 0.8845995089167932}",0.8987451661273774,0.90103385683845,0.8984214680347277,0.8994001636668517,0.0011627295896557523,42,449,random search for 2 group,10
0.6305820941925049,0.01700731369187423,0.07227802276611328,0.011301628262162416,0.6541247732230115,0.6524961698484654,"{'alpha': 0.6541247732230115, 'lambda': 0.6524961698484654}",0.8969299976323889,0.9000078920369348,0.8981846882399369,0.8983741926364202,0.0012636699011473308,196,450,random search for 2 group,10
0.6028710206349691,0.03035549532824551,0.05901439984639486,0.005919349743598584,0.842770593329004,0.8134993048584943,"{'alpha': 0.842770593329004, 'lambda': 0.8134993048584943}",0.8991397679741141,0.8962986346776103,0.897947908445146,0.8977954370322901,0.001164887763099767,246,451,random search for 2 group,10
0.5815888245900472,0.00741360369585993,0.0582124392191569,0.013495490331968136,0.049215201969487476,0.1803643998620037,"{'alpha': 0.049215201969487476, 'lambda': 0.1803643998620037}",0.8989030068660722,0.8983505642806409,0.8970797158642463,0.8981110956703198,0.0007633725306522538,229,452,random search for 2 group,10
0.6049268245697021,0.0376776127476485,0.05740237236022949,0.0059127816974475075,0.5312275584305618,0.7864390695220481,"{'alpha': 0.5312275584305618, 'lambda': 0.7864390695220481}",0.9006392549917134,0.8982716439112935,0.8963693764798737,0.8984267584609601,0.0017466178782829195,192,453,random search for 2 group,10
0.6006344159444174,0.02588783216704182,0.055662949879964195,0.007489872345005947,0.6327328838103169,0.4769436239179847,"{'alpha': 0.6327328838103169, 'lambda': 0.4769436239179847}",0.9019809012706179,0.8994554494515035,0.898579321231255,0.9000052239844587,0.0014420762159384004,9,454,random search for 2 group,10
0.5367538134256998,0.04906186735174288,0.05314906438191732,0.0067449876691392805,0.72238092215881,0.20268236915174065,"{'alpha': 0.72238092215881, 'lambda': 0.20268236915174065}",0.9011127772077974,0.9002446531449767,0.8976322020520916,0.8996632108016219,0.0014792244032180084,26,455,random search for 2 group,10
0.4407382806142171,0.007621119781058351,0.04870009422302246,0.003233590182212014,0.09847467849090064,0.12935125838674366,"{'alpha': 0.09847467849090064, 'lambda': 0.12935125838674366}",0.8997711309288927,0.8994554494515035,0.8978689818468824,0.8990318540757595,0.0008323130678264287,86,456,random search for 2 group,10
0.5449867248535156,0.04727489362256756,0.06841635704040527,0.01912878347891866,0.5378277760021108,0.9061428337609271,"{'alpha': 0.5378277760021108, 'lambda': 0.9061428337609271}",0.9005603346223661,0.8968510772630416,0.8958958168902921,0.8977690762585665,0.0020118769072761953,249,457,random search for 2 group,10
0.5811453660329183,0.04645601298797298,0.05655876795450846,0.007133666577219652,0.21123708312029188,0.2487012039176496,"{'alpha': 0.21123708312029188, 'lambda': 0.2487012039176496}",0.8976402809565148,0.8999289716675875,0.8993685872138911,0.8989792799459978,0.0009740624224909666,92,458,random search for 2 group,10
0.6428229014078776,0.01675322556159464,0.07350587844848633,0.008925610449362313,0.005011507625474088,0.8028905584768078,"{'alpha': 0.005011507625474088, 'lambda': 0.8028905584768078}",0.9004814142530188,0.9001657327756294,0.8956590370955012,0.8987687280413831,0.002202657036848394,143,459,random search for 2 group,10
0.5717536608378092,0.04222263210032793,0.07824460665384929,0.029583400105917607,0.47383152631492764,0.25174777955494687,"{'alpha': 0.47383152631492764, 'lambda': 0.25174777955494687}",0.8984294846499882,0.8994554494515035,0.8973954222573007,0.8984267854529308,0.0008410047461072018,191,460,random search for 2 group,10
0.5308074951171875,0.028384001118577456,0.045817931493123375,0.003756062611095998,0.9436469392268307,0.6118441883530444,"{'alpha': 0.9436469392268307, 'lambda': 0.6118441883530444}",0.8993765290821562,0.9005603346223661,0.8968429360694554,0.8989265999246593,0.001550610672255712,111,461,random search for 2 group,10
0.4525597890218099,0.04085340110819033,0.04896299044291178,0.0023989121249638197,0.6683856901440388,0.07471237766168282,"{'alpha': 0.6683856901440388, 'lambda': 0.07471237766168282}",0.9005603346223661,0.9014284586851866,0.8984214680347277,0.9001367537807602,0.001263609575783752,6,462,random search for 2 group,10
0.5940455595652262,0.05477024361013356,0.07343173027038574,0.011517158223232193,0.45179222318573264,0.2636737349584174,"{'alpha': 0.45179222318573264, 'lambda': 0.2636737349584174}",0.8991397679741141,0.9004814142530188,0.897947908445146,0.8991896968907597,0.0010349017963617703,68,463,random search for 2 group,10
0.6142820517222086,0.02347105089416369,0.07782832781473796,0.016929086640389338,0.2242068262352651,0.6627026950016709,"{'alpha': 0.2242068262352651, 'lambda': 0.6627026950016709}",0.8979559624339042,0.9020598216399652,0.8961325966850828,0.8987161269196507,0.0024787613103440637,151,464,random search for 2 group,10
0.6278336048126221,0.023663810521384793,0.07478078206380208,0.0015504012733008822,0.5818416280386123,0.23475624959916008,"{'alpha': 0.5818416280386123, 'lambda': 0.23475624959916008}",0.9000868124062821,0.8977192013258622,0.8973164956590371,0.8983741697970604,0.0012221296968036991,198,465,random search for 2 group,10
0.6549296379089355,0.008559161168698095,0.07409079869588216,0.001978032968693914,0.20830153614506186,0.7500304497828405,"{'alpha': 0.20830153614506186, 'lambda': 0.7500304497828405}",0.8988240864967249,0.8994554494515035,0.8972375690607735,0.8985057016696674,0.0009330148374924325,179,466,random search for 2 group,10
0.6083137194315592,0.017030701721921032,0.06948765118916829,0.008363389682036391,0.11050205306270566,0.933175026759051,"{'alpha': 0.11050205306270566, 'lambda': 0.933175026759051}",0.9000868124062821,0.9000078920369348,0.8973954222573007,0.8991633755668391,0.0012505468896194891,71,467,random search for 2 group,10
0.6177723407745361,0.01918812761481012,0.07354068756103516,0.004542942459590141,0.6674269839672399,0.9571199524010487,"{'alpha': 0.6674269839672399, 'lambda': 0.9571199524010487}",0.8976402809565148,0.8981138031725988,0.898973954222573,0.8982426794505622,0.0005520434260791627,216,468,random search for 2 group,10
